"Time","mean.y","rectifiedMean.y","rootMeanSquare.y","harmonic.mean1.y","harmonic.mean2.y"
0,0.5,0.5,0.70710677,2.7564237e-17,0.45015815
0.00050000002,0.5,0.5,0.70710677,2.7564237e-17,0.45015815
0.001,0.5,0.5,0.70710677,2.7564237e-17,0.45015815
0.0015,0.5,0.5,0.70710677,2.7564237e-17,0.45015815
0.0020000001,0.5,0.5,0.70710677,2.7564237e-17,0.45015815
0.0024999999,0.5,0.5,0.70710677,2.7564237e-17,0.45015815
0.003,0.5,0.5,0.70710677,2.7564237e-17,0.45015815
0.0035000001,0.5,0.5,0.70710677,2.7564237e-17,0.45015815
0.0040000002,0.5,0.5,0.70710677,2.7564237e-17,0.45015815
0.0044999998,0.5,0.5,0.70710677,2.7564237e-17,0.45015815
0.0049999999,0.5,0.5,0.70710677,2.7564237e-17,0.45015815
0.0055,0.5,0.5,0.70710677,2.7564237e-17,0.45015815
0.0060000001,0.5,0.5,0.70710677,2.7564237e-17,0.45015815
0.0065000001,0.5,0.5,0.70710677,2.7564237e-17,0.45015815
0.0070000002,0.5,0.5,0.70710677,2.7564237e-17,0.45015815
0.0074999998,0.5,0.5,0.70710677,2.7564237e-17,0.45015815
0.0080000004,0.5,0.5,0.70710677,2.7564237e-17,0.45015815
0.0085000005,0.5,0.5,0.70710677,2.7564237e-17,0.45015815
0.0089999996,0.5,0.5,0.70710677,2.7564237e-17,0.45015815
0.0094999997,0.5,0.5,0.70710677,2.7564237e-17,0.45015815
0.0099999998,0.5,0.5,0.70710677,2.7564237e-17,0.45015815
0.0099999998,0.5,0.5,0.70710677,2.7564237e-17,0.45015815
0.0105,0.5,0.5,0.70710677,2.7564237e-17,0.45015815
0.011,0.5,0.5,0.70710677,2.7564237e-17,0.45015815
0.0115,0.5,0.5,0.70710677,2.7564237e-17,0.45015815
0.012,0.5,0.5,0.70710677,2.7564237e-17,0.45015815
0.0125,0.5,0.5,0.70710677,2.7564237e-17,0.45015815
0.013,0.5,0.5,0.70710677,2.7564237e-17,0.45015815
0.0135,0.5,0.5,0.70710677,2.7564237e-17,0.45015815
0.014,0.5,0.5,0.70710677,2.7564237e-17,0.45015815
0.0145,0.5,0.5,0.70710677,2.7564237e-17,0.45015815
0.015,0.5,0.5,0.70710677,2.7564237e-17,0.45015815
0.0155,0.5,0.5,0.70710677,2.7564237e-17,0.45015815
0.016000001,0.5,0.5,0.70710677,2.7564237e-17,0.45015815
0.0165,0.5,0.5,0.70710677,2.7564237e-17,0.45015815
0.017000001,0.5,0.5,0.70710677,2.7564237e-17,0.45015815
0.0175,0.5,0.5,0.70710677,2.7564237e-17,0.45015815
0.017999999,0.5,0.5,0.70710677,2.7564237e-17,0.45015815
0.0185,0.5,0.5,0.70710677,2.7564237e-17,0.45015815
0.018999999,0.5,0.5,0.70710677,2.7564237e-17,0.45015815
0.0195,0.5,0.5,0.70710677,2.7564237e-17,0.45015815
0.02,0.5,0.5,0.70710677,2.7564237e-17,0.45015815
0.02,0.5,0.5,0.70710677,-0.00015164312,0.45002651
0.020500001,0.5,0.5,0.70710677,-0.00015164312,0.45002651
0.021,0.5,0.5,0.70710677,-0.00015164312,0.45002651
0.021500001,0.5,0.5,0.70710677,-0.00015164312,0.45002651
0.022,0.5,0.5,0.70710677,-0.00015164312,0.45002651
0.022500001,0.5,0.5,0.70710677,-0.00015164312,0.45002651
0.023,0.5,0.5,0.70710677,-0.00015164312,0.45002651
0.023499999,0.5,0.5,0.70710677,-0.00015164312,0.45002651
0.024,0.5,0.5,0.70710677,-0.00015164312,0.45002651
0.024499999,0.5,0.5,0.70710677,-0.00015164312,0.45002651
0.025,0.5,0.5,0.70710677,-0.00015164312,0.45002651
0.0255,0.5,0.5,0.70710677,-0.00015164312,0.45002651
0.026000001,0.5,0.5,0.70710677,-0.00015164312,0.45002651
0.0265,0.5,0.5,0.70710677,-0.00015164312,0.45002651
0.027000001,0.5,0.5,0.70710677,-0.00015164312,0.45002651
0.0275,0.5,0.5,0.70710677,-0.00015164312,0.45002651
0.028000001,0.5,0.5,0.70710677,-0.00015164312,0.45002651
0.0285,0.5,0.5,0.70710677,-0.00015164312,0.45002651
0.028999999,0.5,0.5,0.70710677,-0.00015164312,0.45002651
0.0295,0.5,0.5,0.70710677,-0.00015164312,0.45002651
0.029999999,0.5,0.5,0.70710677,-0.00015164312,0.45002651
0.029999999,0.5,0.5,0.70710677,-0.00015164312,0.45002651
0.0305,0.5,0.5,0.70710677,-0.00015164312,0.45002651
0.030999999,0.5,0.5,0.70710677,-0.00015164312,0.45002651
0.031500001,0.5,0.5,0.70710677,-0.00015164312,0.45002651
0.032000002,0.5,0.5,0.70710677,-0.00015164312,0.45002651
0.032499999,0.5,0.5,0.70710677,-0.00015164312,0.45002651
0.033,0.5,0.5,0.70710677,-0.00015164312,0.45002651
0.033500001,0.5,0.5,0.70710677,-0.00015164312,0.45002651
0.034000002,0.5,0.5,0.70710677,-0.00015164312,0.45002651
0.034499999,0.5,0.5,0.70710677,-0.00015164312,0.45002651
0.035,0.5,0.5,0.70710677,-0.00015164312,0.45002651
0.035500001,0.5,0.5,0.70710677,-0.00015164312,0.45002651
0.035999998,0.5,0.5,0.70710677,-0.00015164312,0.45002651
0.036499999,0.5,0.5,0.70710677,-0.00015164312,0.45002651
0.037,0.5,0.5,0.70710677,-0.00015164312,0.45002651
0.037500001,0.5,0.5,0.70710677,-0.00015164312,0.45002651
0.037999999,0.5,0.5,0.70710677,-0.00015164312,0.45002651
0.0385,0.5,0.5,0.70710677,-0.00015164312,0.45002651
0.039000001,0.5,0.5,0.70710677,-0.00015164312,0.45002651
0.039500002,0.5,0.5,0.70710677,-0.00015164312,0.45002651
0.039999999,0.5,0.5,0.70710677,-0.00015164312,0.45002651
0.039999999,0.5,0.5,0.70710677,-0.00015164312,0.45002651
0.0405,0.5,0.5,0.70710677,-0.00015164312,0.45002651
0.041000001,0.5,0.5,0.70710677,-0.00015164312,0.45002651
0.041499998,0.5,0.5,0.70710677,-0.00015164312,0.45002651
0.041999999,0.5,0.5,0.70710677,-0.00015164312,0.45002651
0.0425,0.5,0.5,0.70710677,-0.00015164312,0.45002651
0.043000001,0.5,0.5,0.70710677,-0.00015164312,0.45002651
0.043499999,0.5,0.5,0.70710677,-0.00015164312,0.45002651
0.044,0.5,0.5,0.70710677,-0.00015164312,0.45002651
0.044500001,0.5,0.5,0.70710677,-0.00015164312,0.45002651
0.045000002,0.5,0.5,0.70710677,-0.00015164312,0.45002651
0.045499999,0.5,0.5,0.70710677,-0.00015164312,0.45002651
0.046,0.5,0.5,0.70710677,-0.00015164312,0.45002651
0.046500001,0.5,0.5,0.70710677,-0.00015164312,0.45002651
0.046999998,0.5,0.5,0.70710677,-0.00015164312,0.45002651
0.047499999,0.5,0.5,0.70710677,-0.00015164312,0.45002651
0.048,0.5,0.5,0.70710677,-0.00015164312,0.45002651
0.048500001,0.5,0.5,0.70710677,-0.00015164312,0.45002651
0.048999999,0.5,0.5,0.70710677,-0.00015164312,0.45002651
0.0495,0.5,0.5,0.70710677,-0.00015164312,0.45002651
0.050000001,0.5,0.5,0.70710677,-0.00015164312,0.45002651
0.050000001,0.5,0.5,0.70710677,-0.00015164312,0.45002651
0.050500002,0.5,0.5,0.70710677,-0.00015164312,0.45002651
0.050999999,0.5,0.5,0.70710677,-0.00015164312,0.45002651
0.0515,0.5,0.5,0.70710677,-0.00015164312,0.45002651
0.052000001,0.5,0.5,0.70710677,-0.00015164312,0.45002651
0.052499998,0.5,0.5,0.70710677,-0.00015164312,0.45002651
0.052999999,0.5,0.5,0.70710677,-0.00015164312,0.45002651
0.0535,0.5,0.5,0.70710677,-0.00015164312,0.45002651
0.054000001,0.5,0.5,0.70710677,-0.00015164312,0.45002651
0.054499999,0.5,0.5,0.70710677,-0.00015164312,0.45002651
0.055,0.5,0.5,0.70710677,-0.00015164312,0.45002651
0.055500001,0.5,0.5,0.70710677,-0.00015164312,0.45002651
0.056000002,0.5,0.5,0.70710677,-0.00015164312,0.45002651
0.056499999,0.5,0.5,0.70710677,-0.00015164312,0.45002651
0.057,0.5,0.5,0.70710677,-0.00015164312,0.45002651
0.057500001,0.5,0.5,0.70710677,-0.00015164312,0.45002651
0.057999998,0.5,0.5,0.70710677,-0.00015164312,0.45002651
0.058499999,0.5,0.5,0.70710677,-0.00015164312,0.45002651
0.059,0.5,0.5,0.70710677,-0.00015164312,0.45002651
0.059500001,0.5,0.5,0.70710677,-0.00015164312,0.45002651
0.059999999,0.5,0.5,0.70710677,-0.00015164312,0.45002651
0.059999999,0.5,0.5,0.70710677,-0.00015164312,0.45002651
0.0605,0.5,0.5,0.70710677,-0.00015164312,0.45002651
0.061000001,0.5,0.5,0.70710677,-0.00015164312,0.45002651
0.061500002,0.5,0.5,0.70710677,-0.00015164312,0.45002651
0.061999999,0.5,0.5,0.70710677,-0.00015164312,0.45002651
0.0625,0.5,0.5,0.70710677,-0.00015164312,0.45002651
0.063000001,0.5,0.5,0.70710677,-0.00015164312,0.45002651
0.063500002,0.5,0.5,0.70710677,-0.00015164312,0.45002651
0.064000003,0.5,0.5,0.70710677,-0.00015164312,0.45002651
0.064499997,0.5,0.5,0.70710677,-0.00015164312,0.45002651
0.064999998,0.5,0.5,0.70710677,-0.00015164312,0.45002651
0.065499999,0.5,0.5,0.70710677,-0.00015164312,0.45002651
0.066,0.5,0.5,0.70710677,-0.00015164312,0.45002651
0.066500001,0.5,0.5,0.70710677,-0.00015164312,0.45002651
0.067000002,0.5,0.5,0.70710677,-0.00015164312,0.45002651
0.067500003,0.5,0.5,0.70710677,-0.00015164312,0.45002651
0.068000004,0.5,0.5,0.70710677,-0.00015164312,0.45002651
0.068499997,0.5,0.5,0.70710677,-0.00015164312,0.45002651
0.068999998,0.5,0.5,0.70710677,-0.00015164312,0.45002651
0.069499999,0.5,0.5,0.70710677,-0.00015164312,0.45002651
0.07,0.5,0.5,0.70710677,-0.00015164312,0.45002651
0.07,0.5,0.5,0.70710677,-0.00015164312,0.45002651
0.070500001,0.5,0.5,0.70710677,-0.00015164312,0.45002651
0.071000002,0.5,0.5,0.70710677,-0.00015164312,0.45002651
0.071500003,0.5,0.5,0.70710677,-0.00015164312,0.45002651
0.071999997,0.5,0.5,0.70710677,-0.00015164312,0.45002651
0.072499998,0.5,0.5,0.70710677,-0.00015164312,0.45002651
0.072999999,0.5,0.5,0.70710677,-0.00015164312,0.45002651
0.0735,0.5,0.5,0.70710677,-0.00015164312,0.45002651
0.074000001,0.5,0.5,0.70710677,-0.00015164312,0.45002651
0.074500002,0.5,0.5,0.70710677,-0.00015164312,0.45002651
0.075000003,0.5,0.5,0.70710677,-0.00015164312,0.45002651
0.075499997,0.5,0.5,0.70710677,-0.00015164312,0.45002651
0.075999998,0.5,0.5,0.70710677,-0.00015164312,0.45002651
0.076499999,0.5,0.5,0.70710677,-0.00015164312,0.45002651
0.077,0.5,0.5,0.70710677,-0.00015164312,0.45002651
0.077500001,0.5,0.5,0.70710677,-0.00015164312,0.45002651
0.078000002,0.5,0.5,0.70710677,-0.00015164312,0.45002651
0.078500003,0.5,0.5,0.70710677,-0.00015164312,0.45002651
0.079000004,0.5,0.5,0.70710677,-0.00015164312,0.45002651
0.079499997,0.5,0.5,0.70710677,-0.00015164312,0.45002651
0.079999998,0.5,0.5,0.70710677,-0.00015164312,0.45002651
0.079999998,0.5,0.5,0.70710677,-0.00015474966,0.45002148
0.080499999,0.5,0.5,0.70710677,-0.00015474966,0.45002148
0.081,0.5,0.5,0.70710677,-0.00015474966,0.45002148
0.081500001,0.5,0.5,0.70710677,-0.00015474966,0.45002148
0.082000002,0.5,0.5,0.70710677,-0.00015474966,0.45002148
0.082500003,0.5,0.5,0.70710677,-0.00015474966,0.45002148
0.082999997,0.5,0.5,0.70710677,-0.00015474966,0.45002148
0.083499998,0.5,0.5,0.70710677,-0.00015474966,0.45002148
0.083999999,0.5,0.5,0.70710677,-0.00015474966,0.45002148
0.0845,0.5,0.5,0.70710677,-0.00015474966,0.45002148
0.085000001,0.5,0.5,0.70710677,-0.00015474966,0.45002148
0.085500002,0.5,0.5,0.70710677,-0.00015474966,0.45002148
0.086000003,0.5,0.5,0.70710677,-0.00015474966,0.45002148
0.086499996,0.5,0.5,0.70710677,-0.00015474966,0.45002148
0.086999997,0.5,0.5,0.70710677,-0.00015474966,0.45002148
0.087499999,0.5,0.5,0.70710677,-0.00015474966,0.45002148
0.088,0.5,0.5,0.70710677,-0.00015474966,0.45002148
0.088500001,0.5,0.5,0.70710677,-0.00015474966,0.45002148
0.089000002,0.5,0.5,0.70710677,-0.00015474966,0.45002148
0.089500003,0.5,0.5,0.70710677,-0.00015474966,0.45002148
0.090000004,0.5,0.5,0.70710677,-0.00015474966,0.45002148
0.090000004,0.5,0.5,0.70710677,-0.00015474966,0.45002148
0.090499997,0.5,0.5,0.70710677,-0.00015474966,0.45002148
0.090999998,0.5,0.5,0.70710677,-0.00015474966,0.45002148
0.091499999,0.5,0.5,0.70710677,-0.00015474966,0.45002148
0.092,0.5,0.5,0.70710677,-0.00015474966,0.45002148
0.092500001,0.5,0.5,0.70710677,-0.00015474966,0.45002148
0.093000002,0.5,0.5,0.70710677,-0.00015474966,0.45002148
0.093500003,0.5,0.5,0.70710677,-0.00015474966,0.45002148
0.093999997,0.5,0.5,0.70710677,-0.00015474966,0.45002148
0.094499998,0.5,0.5,0.70710677,-0.00015474966,0.45002148
0.094999999,0.5,0.5,0.70710677,-0.00015474966,0.45002148
0.0955,0.5,0.5,0.70710677,-0.00015474966,0.45002148
0.096000001,0.5,0.5,0.70710677,-0.00015474966,0.45002148
0.096500002,0.5,0.5,0.70710677,-0.00015474966,0.45002148
0.097000003,0.5,0.5,0.70710677,-0.00015474966,0.45002148
0.097499996,0.5,0.5,0.70710677,-0.00015474966,0.45002148
0.097999997,0.5,0.5,0.70710677,-0.00015474966,0.45002148
0.098499998,0.5,0.5,0.70710677,-0.00015474966,0.45002148
0.098999999,0.5,0.5,0.70710677,-0.00015474966,0.45002148
0.0995,0.5,0.5,0.70710677,-0.00015474966,0.45002148
0.1,0.5,0.5,0.70710677,-0.00015474966,0.45002148
0.1,0.5,0.5,0.70710677,-0.00015164312,0.45002651
0.1005,0.5,0.5,0.70710677,-0.00015164312,0.45002651
0.101,0.5,0.5,0.70710677,-0.00015164312,0.45002651
0.1015,0.5,0.5,0.70710677,-0.00015164312,0.45002651
0.102,0.5,0.5,0.70710677,-0.00015164312,0.45002651
0.1025,0.5,0.5,0.70710677,-0.00015164312,0.45002651
0.103,0.5,0.5,0.70710677,-0.00015164312,0.45002651
0.1035,0.5,0.5,0.70710677,-0.00015164312,0.45002651
0.104,0.5,0.5,0.70710677,-0.00015164312,0.45002651
0.1045,0.5,0.5,0.70710677,-0.00015164312,0.45002651
0.105,0.5,0.5,0.70710677,-0.00015164312,0.45002651
0.1055,0.5,0.5,0.70710677,-0.00015164312,0.45002651
0.106,0.5,0.5,0.70710677,-0.00015164312,0.45002651
0.1065,0.5,0.5,0.70710677,-0.00015164312,0.45002651
0.107,0.5,0.5,0.70710677,-0.00015164312,0.45002651
0.1075,0.5,0.5,0.70710677,-0.00015164312,0.45002651
0.108,0.5,0.5,0.70710677,-0.00015164312,0.45002651
0.1085,0.5,0.5,0.70710677,-0.00015164312,0.45002651
0.109,0.5,0.5,0.70710677,-0.00015164312,0.45002651
0.1095,0.5,0.5,0.70710677,-0.00015164312,0.45002651
0.11,0.5,0.5,0.70710677,-0.00015164312,0.45002651
0.11,0.5,0.5,0.70710677,-0.00015164312,0.45002651
0.1105,0.5,0.5,0.70710677,-0.00015164312,0.45002651
0.111,0.5,0.5,0.70710677,-0.00015164312,0.45002651
0.1115,0.5,0.5,0.70710677,-0.00015164312,0.45002651
0.112,0.5,0.5,0.70710677,-0.00015164312,0.45002651
0.1125,0.5,0.5,0.70710677,-0.00015164312,0.45002651
0.113,0.5,0.5,0.70710677,-0.00015164312,0.45002651
0.1135,0.5,0.5,0.70710677,-0.00015164312,0.45002651
0.114,0.5,0.5,0.70710677,-0.00015164312,0.45002651
0.1145,0.5,0.5,0.70710677,-0.00015164312,0.45002651
0.115,0.5,0.5,0.70710677,-0.00015164312,0.45002651
0.1155,0.5,0.5,0.70710677,-0.00015164312,0.45002651
0.116,0.5,0.5,0.70710677,-0.00015164312,0.45002651
0.1165,0.5,0.5,0.70710677,-0.00015164312,0.45002651
0.117,0.5,0.5,0.70710677,-0.00015164312,0.45002651
0.1175,0.5,0.5,0.70710677,-0.00015164312,0.45002651
0.118,0.5,0.5,0.70710677,-0.00015164312,0.45002651
0.1185,0.5,0.5,0.70710677,-0.00015164312,0.45002651
0.119,0.5,0.5,0.70710677,-0.00015164312,0.45002651
0.1195,0.5,0.5,0.70710677,-0.00015164312,0.45002651
0.12,0.5,0.5,0.70710677,-0.00015164312,0.45002651
0.12,0.5,0.5,0.70710677,-0.00015164312,0.45002651
0.1205,0.5,0.5,0.70710677,-0.00015164312,0.45002651
0.121,0.5,0.5,0.70710677,-0.00015164312,0.45002651
0.1215,0.5,0.5,0.70710677,-0.00015164312,0.45002651
0.122,0.5,0.5,0.70710677,-0.00015164312,0.45002651
0.1225,0.5,0.5,0.70710677,-0.00015164312,0.45002651
0.123,0.5,0.5,0.70710677,-0.00015164312,0.45002651
0.1235,0.5,0.5,0.70710677,-0.00015164312,0.45002651
0.124,0.5,0.5,0.70710677,-0.00015164312,0.45002651
0.1245,0.5,0.5,0.70710677,-0.00015164312,0.45002651
0.125,0.5,0.5,0.70710677,-0.00015164312,0.45002651
0.12549999,0.5,0.5,0.70710677,-0.00015164312,0.45002651
0.126,0.5,0.5,0.70710677,-0.00015164312,0.45002651
0.1265,0.5,0.5,0.70710677,-0.00015164312,0.45002651
0.127,0.5,0.5,0.70710677,-0.00015164312,0.45002651
0.1275,0.5,0.5,0.70710677,-0.00015164312,0.45002651
0.12800001,0.5,0.5,0.70710677,-0.00015164312,0.45002651
0.1285,0.5,0.5,0.70710677,-0.00015164312,0.45002651
0.12899999,0.5,0.5,0.70710677,-0.00015164312,0.45002651
0.1295,0.5,0.5,0.70710677,-0.00015164312,0.45002651
0.13,0.5,0.5,0.70710677,-0.00015164312,0.45002651
0.13,0.5,0.5,0.70710677,-0.00015164312,0.45002651
0.1305,0.5,0.5,0.70710677,-0.00015164312,0.45002651
0.131,0.5,0.5,0.70710677,-0.00015164312,0.45002651
0.13150001,0.5,0.5,0.70710677,-0.00015164312,0.45002651
0.132,0.5,0.5,0.70710677,-0.00015164312,0.45002651
0.13249999,0.5,0.5,0.70710677,-0.00015164312,0.45002651
0.133,0.5,0.5,0.70710677,-0.00015164312,0.45002651
0.13349999,0.5,0.5,0.70710677,-0.00015164312,0.45002651
0.134,0.5,0.5,0.70710677,-0.00015164312,0.45002651
0.1345,0.5,0.5,0.70710677,-0.00015164312,0.45002651
0.13500001,0.5,0.5,0.70710677,-0.00015164312,0.45002651
0.1355,0.5,0.5,0.70710677,-0.00015164312,0.45002651
0.13600001,0.5,0.5,0.70710677,-0.00015164312,0.45002651
0.1365,0.5,0.5,0.70710677,-0.00015164312,0.45002651
0.13699999,0.5,0.5,0.70710677,-0.00015164312,0.45002651
0.1375,0.5,0.5,0.70710677,-0.00015164312,0.45002651
0.138,0.5,0.5,0.70710677,-0.00015164312,0.45002651
0.13850001,0.5,0.5,0.70710677,-0.00015164312,0.45002651
0.139,0.5,0.5,0.70710677,-0.00015164312,0.45002651
0.13950001,0.5,0.5,0.70710677,-0.00015164312,0.45002651
0.14,0.5,0.5,0.70710677,-0.00015164312,0.45002651
0.14,0.5,0.5,0.70710677,-0.00015164312,0.45002651
0.14049999,0.5,0.5,0.70710677,-0.00015164312,0.45002651
0.141,0.5,0.5,0.70710677,-0.00015164312,0.45002651
0.1415,0.5,0.5,0.70710677,-0.00015164312,0.45002651
0.142,0.5,0.5,0.70710677,-0.00015164312,0.45002651
0.1425,0.5,0.5,0.70710677,-0.00015164312,0.45002651
0.14300001,0.5,0.5,0.70710677,-0.00015164312,0.45002651
0.1435,0.5,0.5,0.70710677,-0.00015164312,0.45002651
0.14399999,0.5,0.5,0.70710677,-0.00015164312,0.45002651
0.1445,0.5,0.5,0.70710677,-0.00015164312,0.45002651
0.145,0.5,0.5,0.70710677,-0.00015164312,0.45002651
0.1455,0.5,0.5,0.70710677,-0.00015164312,0.45002651
0.146,0.5,0.5,0.70710677,-0.00015164312,0.45002651
0.14650001,0.5,0.5,0.70710677,-0.00015164312,0.45002651
0.147,0.5,0.5,0.70710677,-0.00015164312,0.45002651
0.14749999,0.5,0.5,0.70710677,-0.00015164312,0.45002651
0.148,0.5,0.5,0.70710677,-0.00015164312,0.45002651
0.1485,0.5,0.5,0.70710677,-0.00015164312,0.45002651
0.149,0.5,0.5,0.70710677,-0.00015164312,0.45002651
0.1495,0.5,0.5,0.70710677,-0.00015164312,0.45002651
0.15000001,0.5,0.5,0.70710677,-0.00015164312,0.45002651
0.15000001,0.5,0.5,0.70710677,-0.00015164312,0.45002651
0.1505,0.5,0.5,0.70710677,-0.00015164312,0.45002651
0.15099999,0.5,0.5,0.70710677,-0.00015164312,0.45002651
0.1515,0.5,0.5,0.70710677,-0.00015164312,0.45002651
0.152,0.5,0.5,0.70710677,-0.00015164312,0.45002651
0.1525,0.5,0.5,0.70710677,-0.00015164312,0.45002651
0.153,0.5,0.5,0.70710677,-0.00015164312,0.45002651
0.15350001,0.5,0.5,0.70710677,-0.00015164312,0.45002651
0.154,0.5,0.5,0.70710677,-0.00015164312,0.45002651
0.15449999,0.5,0.5,0.70710677,-0.00015164312,0.45002651
0.155,0.5,0.5,0.70710677,-0.00015164312,0.45002651
0.15549999,0.5,0.5,0.70710677,-0.00015164312,0.45002651
0.156,0.5,0.5,0.70710677,-0.00015164312,0.45002651
0.1565,0.5,0.5,0.70710677,-0.00015164312,0.45002651
0.15700001,0.5,0.5,0.70710677,-0.00015164312,0.45002651
0.1575,0.5,0.5,0.70710677,-0.00015164312,0.45002651
0.15800001,0.5,0.5,0.70710677,-0.00015164312,0.45002651
0.1585,0.5,0.5,0.70710677,-0.00015164312,0.45002651
0.15899999,0.5,0.5,0.70710677,-0.00015164312,0.45002651
0.1595,0.5,0.5,0.70710677,-0.00015164312,0.45002651
0.16,0.5,0.5,0.70710677,-0.00015164312,0.45002651
0.16,0.5,0.5,0.70710677,-0.00015164312,0.45002651
0.1605,0.5,0.5,0.70710677,-0.00015164312,0.45002651
0.161,0.5,0.5,0.70710677,-0.00015164312,0.45002651
0.16150001,0.5,0.5,0.70710677,-0.00015164312,0.45002651
0.162,0.5,0.5,0.70710677,-0.00015164312,0.45002651
0.16249999,0.5,0.5,0.70710677,-0.00015164312,0.45002651
0.163,0.5,0.5,0.70710677,-0.00015164312,0.45002651
0.1635,0.5,0.5,0.70710677,-0.00015164312,0.45002651
0.164,0.5,0.5,0.70710677,-0.00015164312,0.45002651
0.1645,0.5,0.5,0.70710677,-0.00015164312,0.45002651
0.16500001,0.5,0.5,0.70710677,-0.00015164312,0.45002651
0.1655,0.5,0.5,0.70710677,-0.00015164312,0.45002651
0.16599999,0.5,0.5,0.70710677,-0.00015164312,0.45002651
0.1665,0.5,0.5,0.70710677,-0.00015164312,0.45002651
0.167,0.5,0.5,0.70710677,-0.00015164312,0.45002651
0.1675,0.5,0.5,0.70710677,-0.00015164312,0.45002651
0.168,0.5,0.5,0.70710677,-0.00015164312,0.45002651
0.16850001,0.5,0.5,0.70710677,-0.00015164312,0.45002651
0.169,0.5,0.5,0.70710677,-0.00015164312,0.45002651
0.16949999,0.5,0.5,0.70710677,-0.00015164312,0.45002651
0.17,0.5,0.5,0.70710677,-0.00015164312,0.45002651
0.17,0.5,0.5,0.70710677,-0.00015164312,0.45002651
0.1705,0.5,0.5,0.70710677,-0.00015164312,0.45002651
0.171,0.5,0.5,0.70710677,-0.00015164312,0.45002651
0.1715,0.5,0.5,0.70710677,-0.00015164312,0.45002651
0.17200001,0.5,0.5,0.70710677,-0.00015164312,0.45002651
0.1725,0.5,0.5,0.70710677,-0.00015164312,0.45002651
0.17299999,0.5,0.5,0.70710677,-0.00015164312,0.45002651
0.1735,0.5,0.5,0.70710677,-0.00015164312,0.45002651
0.17399999,0.5,0.5,0.70710677,-0.00015164312,0.45002651
0.1745,0.5,0.5,0.70710677,-0.00015164312,0.45002651
0.175,0.5,0.5,0.70710677,-0.00015164312,0.45002651
0.17550001,0.5,0.5,0.70710677,-0.00015164312,0.45002651
0.176,0.5,0.5,0.70710677,-0.00015164312,0.45002651
0.17649999,0.5,0.5,0.70710677,-0.00015164312,0.45002651
0.177,0.5,0.5,0.70710677,-0.00015164312,0.45002651
0.17749999,0.5,0.5,0.70710677,-0.00015164312,0.45002651
0.178,0.5,0.5,0.70710677,-0.00015164312,0.45002651
0.1785,0.5,0.5,0.70710677,-0.00015164312,0.45002651
0.17900001,0.5,0.5,0.70710677,-0.00015164312,0.45002651
0.1795,0.5,0.5,0.70710677,-0.00015164312,0.45002651
0.18000001,0.5,0.5,0.70710677,-0.00015164312,0.45002651
0.18000001,0.5,0.5,0.70710677,-0.00015164312,0.45002651
0.1805,0.5,0.5,0.70710677,-0.00015164312,0.45002651
0.18099999,0.5,0.5,0.70710677,-0.00015164312,0.45002651
0.1815,0.5,0.5,0.70710677,-0.00015164312,0.45002651
0.182,0.5,0.5,0.70710677,-0.00015164312,0.45002651
0.1825,0.5,0.5,0.70710677,-0.00015164312,0.45002651
0.183,0.5,0.5,0.70710677,-0.00015164312,0.45002651
0.18350001,0.5,0.5,0.70710677,-0.00015164312,0.45002651
0.184,0.5,0.5,0.70710677,-0.00015164312,0.45002651
0.18449999,0.5,0.5,0.70710677,-0.00015164312,0.45002651
0.185,0.5,0.5,0.70710677,-0.00015164312,0.45002651
0.1855,0.5,0.5,0.70710677,-0.00015164312,0.45002651
0.186,0.5,0.5,0.70710677,-0.00015164312,0.45002651
0.1865,0.5,0.5,0.70710677,-0.00015164312,0.45002651
0.18700001,0.5,0.5,0.70710677,-0.00015164312,0.45002651
0.1875,0.5,0.5,0.70710677,-0.00015164312,0.45002651
0.18799999,0.5,0.5,0.70710677,-0.00015164312,0.45002651
0.1885,0.5,0.5,0.70710677,-0.00015164312,0.45002651
0.189,0.5,0.5,0.70710677,-0.00015164312,0.45002651
0.1895,0.5,0.5,0.70710677,-0.00015164312,0.45002651
0.19,0.5,0.5,0.70710677,-0.00015164312,0.45002651
0.19,0.5,0.5,0.70710677,-0.00015164312,0.45002651
0.19050001,0.5,0.5,0.70710677,-0.00015164312,0.45002651
0.191,0.5,0.5,0.70710677,-0.00015164312,0.45002651
0.19149999,0.5,0.5,0.70710677,-0.00015164312,0.45002651
0.192,0.5,0.5,0.70710677,-0.00015164312,0.45002651
0.1925,0.5,0.5,0.70710677,-0.00015164312,0.45002651
0.193,0.5,0.5,0.70710677,-0.00015164312,0.45002651
0.1935,0.5,0.5,0.70710677,-0.00015164312,0.45002651
0.19400001,0.5,0.5,0.70710677,-0.00015164312,0.45002651
0.1945,0.5,0.5,0.70710677,-0.00015164312,0.45002651
0.19499999,0.5,0.5,0.70710677,-0.00015164312,0.45002651
0.1955,0.5,0.5,0.70710677,-0.00015164312,0.45002651
0.19599999,0.5,0.5,0.70710677,-0.00015164312,0.45002651
0.1965,0.5,0.5,0.70710677,-0.00015164312,0.45002651
0.197,0.5,0.5,0.70710677,-0.00015164312,0.45002651
0.19750001,0.5,0.5,0.70710677,-0.00015164312,0.45002651
0.198,0.5,0.5,0.70710677,-0.00015164312,0.45002651
0.19850001,0.5,0.5,0.70710677,-0.00015164312,0.45002651
0.199,0.5,0.5,0.70710677,-0.00015164312,0.45002651
0.19949999,0.5,0.5,0.70710677,-0.00015164312,0.45002651
0.2,0.5,0.5,0.70710677,-0.00015164312,0.45002651
0.2,0.5,0.5,0.70710677,-0.00015164312,0.45002651
0.2005,0.5,0.5,0.70710677,-0.00015164312,0.45002651
0.20100001,0.5,0.5,0.70710677,-0.00015164312,0.45002651
0.2015,0.5,0.5,0.70710677,-0.00015164312,0.45002651
0.20200001,0.5,0.5,0.70710677,-0.00015164312,0.45002651
0.2025,0.5,0.5,0.70710677,-0.00015164312,0.45002651
0.20299999,0.5,0.5,0.70710677,-0.00015164312,0.45002651
0.2035,0.5,0.5,0.70710677,-0.00015164312,0.45002651
0.204,0.5,0.5,0.70710677,-0.00015164312,0.45002651
0.2045,0.5,0.5,0.70710677,-0.00015164312,0.45002651
0.205,0.5,0.5,0.70710677,-0.00015164312,0.45002651
0.20550001,0.5,0.5,0.70710677,-0.00015164312,0.45002651
0.206,0.5,0.5,0.70710677,-0.00015164312,0.45002651
0.20649999,0.5,0.5,0.70710677,-0.00015164312,0.45002651
0.207,0.5,0.5,0.70710677,-0.00015164312,0.45002651
0.2075,0.5,0.5,0.70710677,-0.00015164312,0.45002651
0.208,0.5,0.5,0.70710677,-0.00015164312,0.45002651
0.2085,0.5,0.5,0.70710677,-0.00015164312,0.45002651
0.20900001,0.5,0.5,0.70710677,-0.00015164312,0.45002651
0.2095,0.5,0.5,0.70710677,-0.00015164312,0.45002651
0.20999999,0.5,0.5,0.70710677,-0.00015164312,0.45002651
0.20999999,0.5,0.5,0.70710677,-0.00015164312,0.45002651
0.2105,0.5,0.5,0.70710677,-0.00015164312,0.45002651
0.211,0.5,0.5,0.70710677,-0.00015164312,0.45002651
0.2115,0.5,0.5,0.70710677,-0.00015164312,0.45002651
0.212,0.5,0.5,0.70710677,-0.00015164312,0.45002651
0.21250001,0.5,0.5,0.70710677,-0.00015164312,0.45002651
0.213,0.5,0.5,0.70710677,-0.00015164312,0.45002651
0.21349999,0.5,0.5,0.70710677,-0.00015164312,0.45002651
0.214,0.5,0.5,0.70710677,-0.00015164312,0.45002651
0.2145,0.5,0.5,0.70710677,-0.00015164312,0.45002651
0.215,0.5,0.5,0.70710677,-0.00015164312,0.45002651
0.2155,0.5,0.5,0.70710677,-0.00015164312,0.45002651
0.21600001,0.5,0.5,0.70710677,-0.00015164312,0.45002651
0.2165,0.5,0.5,0.70710677,-0.00015164312,0.45002651
0.21699999,0.5,0.5,0.70710677,-0.00015164312,0.45002651
0.2175,0.5,0.5,0.70710677,-0.00015164312,0.45002651
0.21799999,0.5,0.5,0.70710677,-0.00015164312,0.45002651
0.2185,0.5,0.5,0.70710677,-0.00015164312,0.45002651
0.219,0.5,0.5,0.70710677,-0.00015164312,0.45002651
0.21950001,0.5,0.5,0.70710677,-0.00015164312,0.45002651
0.22,0.5,0.5,0.70710677,-0.00015164312,0.45002651
0.22,0.5,0.5,0.70710677,-0.00015164312,0.45002651
0.22050001,0.5,0.5,0.70710677,-0.00015164312,0.45002651
0.221,0.5,0.5,0.70710677,-0.00015164312,0.45002651
0.22149999,0.5,0.5,0.70710677,-0.00015164312,0.45002651
0.222,0.5,0.5,0.70710677,-0.00015164312,0.45002651
0.2225,0.5,0.5,0.70710677,-0.00015164312,0.45002651
0.223,0.5,0.5,0.70710677,-0.00015164312,0.45002651
0.2235,0.5,0.5,0.70710677,-0.00015164312,0.45002651
0.22400001,0.5,0.5,0.70710677,-0.00015164312,0.45002651
0.2245,0.5,0.5,0.70710677,-0.00015164312,0.45002651
0.22499999,0.5,0.5,0.70710677,-0.00015164312,0.45002651
0.2255,0.5,0.5,0.70710677,-0.00015164312,0.45002651
0.226,0.5,0.5,0.70710677,-0.00015164312,0.45002651
0.2265,0.5,0.5,0.70710677,-0.00015164312,0.45002651
0.227,0.5,0.5,0.70710677,-0.00015164312,0.45002651
0.22750001,0.5,0.5,0.70710677,-0.00015164312,0.45002651
0.228,0.5,0.5,0.70710677,-0.00015164312,0.45002651
0.22849999,0.5,0.5,0.70710677,-0.00015164312,0.45002651
0.229,0.5,0.5,0.70710677,-0.00015164312,0.45002651
0.2295,0.5,0.5,0.70710677,-0.00015164312,0.45002651
0.23,0.5,0.5,0.70710677,-0.00015164312,0.45002651
0.23,0.5,0.5,0.70710677,-0.00015164312,0.45002651
0.2305,0.5,0.5,0.70710677,-0.00015164312,0.45002651
0.23100001,0.5,0.5,0.70710677,-0.00015164312,0.45002651
0.2315,0.5,0.5,0.70710677,-0.00015164312,0.45002651
0.23199999,0.5,0.5,0.70710677,-0.00015164312,0.45002651
0.2325,0.5,0.5,0.70710677,-0.00015164312,0.45002651
0.233,0.5,0.5,0.70710677,-0.00015164312,0.45002651
0.2335,0.5,0.5,0.70710677,-0.00015164312,0.45002651
0.234,0.5,0.5,0.70710677,-0.00015164312,0.45002651
0.23450001,0.5,0.5,0.70710677,-0.00015164312,0.45002651
0.235,0.5,0.5,0.70710677,-0.00015164312,0.45002651
0.23549999,0.5,0.5,0.70710677,-0.00015164312,0.45002651
0.236,0.5,0.5,0.70710677,-0.00015164312,0.45002651
0.23649999,0.5,0.5,0.70710677,-0.00015164312,0.45002651
0.237,0.5,0.5,0.70710677,-0.00015164312,0.45002651
0.2375,0.5,0.5,0.70710677,-0.00015164312,0.45002651
0.23800001,0.5,0.5,0.70710677,-0.00015164312,0.45002651
0.2385,0.5,0.5,0.70710677,-0.00015164312,0.45002651
0.23899999,0.5,0.5,0.70710677,-0.00015164312,0.45002651
0.2395,0.5,0.5,0.70710677,-0.00015164312,0.45002651
0.23999999,0.5,0.5,0.70710677,-0.00015164312,0.45002651
0.23999999,0.5,0.5,0.70710677,-0.00015164312,0.45002651
0.2405,0.5,0.5,0.70710677,-0.00015164312,0.45002651
0.241,0.5,0.5,0.70710677,-0.00015164312,0.45002651
0.24150001,0.5,0.5,0.70710677,-0.00015164312,0.45002651
0.242,0.5,0.5,0.70710677,-0.00015164312,0.45002651
0.24250001,0.5,0.5,0.70710677,-0.00015164312,0.45002651
0.243,0.5,0.5,0.70710677,-0.00015164312,0.45002651
0.24349999,0.5,0.5,0.70710677,-0.00015164312,0.45002651
0.244,0.5,0.5,0.70710677,-0.00015164312,0.45002651
0.2445,0.5,0.5,0.70710677,-0.00015164312,0.45002651
0.245,0.5,0.5,0.70710677,-0.00015164312,0.45002651
0.2455,0.5,0.5,0.70710677,-0.00015164312,0.45002651
0.24600001,0.5,0.5,0.70710677,-0.00015164312,0.45002651
0.2465,0.5,0.5,0.70710677,-0.00015164312,0.45002651
0.24699999,0.5,0.5,0.70710677,-0.00015164312,0.45002651
0.2475,0.5,0.5,0.70710677,-0.00015164312,0.45002651
0.248,0.5,0.5,0.70710677,-0.00015164312,0.45002651
0.2485,0.5,0.5,0.70710677,-0.00015164312,0.45002651
0.249,0.5,0.5,0.70710677,-0.00015164312,0.45002651
0.24950001,0.5,0.5,0.70710677,-0.00015164312,0.45002651
0.25,0.5,0.5,0.70710677,-0.00015164312,0.45002651
0.25,0.5,0.5,0.70710677,-0.00015164312,0.45002651
0.25049999,0.5,0.5,0.70710677,-0.00015164312,0.45002651
0.25099999,0.5,0.5,0.70710677,-0.00015164312,0.45002651
0.25150001,0.5,0.5,0.70710677,-0.00015164312,0.45002651
0.252,0.5,0.5,0.70710677,-0.00015164312,0.45002651
0.2525,0.5,0.5,0.70710677,-0.00015164312,0.45002651
0.25299999,0.5,0.5,0.70710677,-0.00015164312,0.45002651
0.25350001,0.5,0.5,0.70710677,-0.00015164312,0.45002651
0.25400001,0.5,0.5,0.70710677,-0.00015164312,0.45002651
0.2545,0.5,0.5,0.70710677,-0.00015164312,0.45002651
0.255,0.5,0.5,0.70710677,-0.00015164312,0.45002651
0.25549999,0.5,0.5,0.70710677,-0.00015164312,0.45002651
0.25600001,0.5,0.5,0.70710677,-0.00015164312,0.45002651
0.25650001,0.5,0.5,0.70710677,-0.00015164312,0.45002651
0.257,0.5,0.5,0.70710677,-0.00015164312,0.45002651
0.25749999,0.5,0.5,0.70710677,-0.00015164312,0.45002651
0.25799999,0.5,0.5,0.70710677,-0.00015164312,0.45002651
0.25850001,0.5,0.5,0.70710677,-0.00015164312,0.45002651
0.259,0.5,0.5,0.70710677,-0.00015164312,0.45002651
0.2595,0.5,0.5,0.70710677,-0.00015164312,0.45002651
0.25999999,0.5,0.5,0.70710677,-0.00015164312,0.45002651
0.25999999,0.5,0.5,0.70710677,-0.00015164312,0.45002651
0.26050001,0.5,0.5,0.70710677,-0.00015164312,0.45002651
0.26100001,0.5,0.5,0.70710677,-0.00015164312,0.45002651
0.2615,0.5,0.5,0.70710677,-0.00015164312,0.45002651
0.26199999,0.5,0.5,0.70710677,-0.00015164312,0.45002651
0.26249999,0.5,0.5,0.70710677,-0.00015164312,0.45002651
0.26300001,0.5,0.5,0.70710677,-0.00015164312,0.45002651
0.26350001,0.5,0.5,0.70710677,-0.00015164312,0.45002651
0.264,0.5,0.5,0.70710677,-0.00015164312,0.45002651
0.26449999,0.5,0.5,0.70710677,-0.00015164312,0.45002651
0.26499999,0.5,0.5,0.70710677,-0.00015164312,0.45002651
0.26550001,0.5,0.5,0.70710677,-0.00015164312,0.45002651
0.266,0.5,0.5,0.70710677,-0.00015164312,0.45002651
0.2665,0.5,0.5,0.70710677,-0.00015164312,0.45002651
0.26699999,0.5,0.5,0.70710677,-0.00015164312,0.45002651
0.26750001,0.5,0.5,0.70710677,-0.00015164312,0.45002651
0.26800001,0.5,0.5,0.70710677,-0.00015164312,0.45002651
0.2685,0.5,0.5,0.70710677,-0.00015164312,0.45002651
0.26899999,0.5,0.5,0.70710677,-0.00015164312,0.45002651
0.26949999,0.5,0.5,0.70710677,-0.00015164312,0.45002651
0.27000001,0.5,0.5,0.70710677,-0.00015164312,0.45002651
0.27000001,0.5,0.5,0.70710677,-0.00015164312,0.45002651
0.2705,0.5,0.5,0.70710677,-0.00015164312,0.45002651
0.271,0.5,0.5,0.70710677,-0.00015164312,0.45002651
0.27149999,0.5,0.5,0.70710677,-0.00015164312,0.45002651
0.27200001,0.5,0.5,0.70710677,-0.00015164312,0.45002651
0.27250001,0.5,0.5,0.70710677,-0.00015164312,0.45002651
0.273,0.5,0.5,0.70710677,-0.00015164312,0.45002651
0.2735,0.5,0.5,0.70710677,-0.00015164312,0.45002651
0.27399999,0.5,0.5,0.70710677,-0.00015164312,0.45002651
0.27450001,0.5,0.5,0.70710677,-0.00015164312,0.45002651
0.27500001,0.5,0.5,0.70710677,-0.00015164312,0.45002651
0.2755,0.5,0.5,0.70710677,-0.00015164312,0.45002651
0.27599999,0.5,0.5,0.70710677,-0.00015164312,0.45002651
0.27649999,0.5,0.5,0.70710677,-0.00015164312,0.45002651
0.27700001,0.5,0.5,0.70710677,-0.00015164312,0.45002651
0.2775,0.5,0.5,0.70710677,-0.00015164312,0.45002651
0.278,0.5,0.5,0.70710677,-0.00015164312,0.45002651
0.27849999,0.5,0.5,0.70710677,-0.00015164312,0.45002651
0.27900001,0.5,0.5,0.70710677,-0.00015164312,0.45002651
0.27950001,0.5,0.5,0.70710677,-0.00015164312,0.45002651
0.28,0.5,0.5,0.70710677,-0.00015164312,0.45002651
0.28,0.5,0.5,0.70710677,-0.00015164312,0.45002651
0.28049999,0.5,0.5,0.70710677,-0.00015164312,0.45002651
0.28099999,0.5,0.5,0.70710677,-0.00015164312,0.45002651
0.28150001,0.5,0.5,0.70710677,-0.00015164312,0.45002651
0.28200001,0.5,0.5,0.70710677,-0.00015164312,0.45002651
0.2825,0.5,0.5,0.70710677,-0.00015164312,0.45002651
0.28299999,0.5,0.5,0.70710677,-0.00015164312,0.45002651
0.28349999,0.5,0.5,0.70710677,-0.00015164312,0.45002651
0.28400001,0.5,0.5,0.70710677,-0.00015164312,0.45002651
0.2845,0.5,0.5,0.70710677,-0.00015164312,0.45002651
0.285,0.5,0.5,0.70710677,-0.00015164312,0.45002651
0.28549999,0.5,0.5,0.70710677,-0.00015164312,0.45002651
0.28600001,0.5,0.5,0.70710677,-0.00015164312,0.45002651
0.28650001,0.5,0.5,0.70710677,-0.00015164312,0.45002651
0.287,0.5,0.5,0.70710677,-0.00015164312,0.45002651
0.28749999,0.5,0.5,0.70710677,-0.00015164312,0.45002651
0.28799999,0.5,0.5,0.70710677,-0.00015164312,0.45002651
0.28850001,0.5,0.5,0.70710677,-0.00015164312,0.45002651
0.289,0.5,0.5,0.70710677,-0.00015164312,0.45002651
0.2895,0.5,0.5,0.70710677,-0.00015164312,0.45002651
0.28999999,0.5,0.5,0.70710677,-0.00015164312,0.45002651
0.28999999,0.5,0.5,0.70710677,-0.00015164312,0.45002651
0.29049999,0.5,0.5,0.70710677,-0.00015164312,0.45002651
0.29100001,0.5,0.5,0.70710677,-0.00015164312,0.45002651
0.2915,0.5,0.5,0.70710677,-0.00015164312,0.45002651
0.292,0.5,0.5,0.70710677,-0.00015164312,0.45002651
0.29249999,0.5,0.5,0.70710677,-0.00015164312,0.45002651
0.29300001,0.5,0.5,0.70710677,-0.00015164312,0.45002651
0.29350001,0.5,0.5,0.70710677,-0.00015164312,0.45002651
0.294,0.5,0.5,0.70710677,-0.00015164312,0.45002651
0.29449999,0.5,0.5,0.70710677,-0.00015164312,0.45002651
0.29499999,0.5,0.5,0.70710677,-0.00015164312,0.45002651
0.29550001,0.5,0.5,0.70710677,-0.00015164312,0.45002651
0.296,0.5,0.5,0.70710677,-0.00015164312,0.45002651
0.2965,0.5,0.5,0.70710677,-0.00015164312,0.45002651
0.29699999,0.5,0.5,0.70710677,-0.00015164312,0.45002651
0.29750001,0.5,0.5,0.70710677,-0.00015164312,0.45002651
0.29800001,0.5,0.5,0.70710677,-0.00015164312,0.45002651
0.2985,0.5,0.5,0.70710677,-0.00015164312,0.45002651
0.29899999,0.5,0.5,0.70710677,-0.00015164312,0.45002651
0.29949999,0.5,0.5,0.70710677,-0.00015164312,0.45002651
0.30000001,0.5,0.5,0.70710677,-0.00015164312,0.45002651
0.30000001,0.5,0.5,0.70710677,-0.00015164312,0.45002651
0.30050001,0.5,0.5,0.70710677,-0.00015164312,0.45002651
0.301,0.5,0.5,0.70710677,-0.00015164312,0.45002651
0.30149999,0.5,0.5,0.70710677,-0.00015164312,0.45002651
0.30199999,0.5,0.5,0.70710677,-0.00015164312,0.45002651
0.30250001,0.5,0.5,0.70710677,-0.00015164312,0.45002651
0.303,0.5,0.5,0.70710677,-0.00015164312,0.45002651
0.3035,0.5,0.5,0.70710677,-0.00015164312,0.45002651
0.30399999,0.5,0.5,0.70710677,-0.00015164312,0.45002651
0.30450001,0.5,0.5,0.70710677,-0.00015164312,0.45002651
0.30500001,0.5,0.5,0.70710677,-0.00015164312,0.45002651
0.3055,0.5,0.5,0.70710677,-0.00015164312,0.45002651
0.30599999,0.5,0.5,0.70710677,-0.00015164312,0.45002651
0.30649999,0.5,0.5,0.70710677,-0.00015164312,0.45002651
0.30700001,0.5,0.5,0.70710677,-0.00015164312,0.45002651
0.3075,0.5,0.5,0.70710677,-0.00015164312,0.45002651
0.308,0.5,0.5,0.70710677,-0.00015164312,0.45002651
0.30849999,0.5,0.5,0.70710677,-0.00015164312,0.45002651
0.30899999,0.5,0.5,0.70710677,-0.00015164312,0.45002651
0.30950001,0.5,0.5,0.70710677,-0.00015164312,0.45002651
0.31,0.5,0.5,0.70710677,-0.00015164312,0.45002651
0.31,0.5,0.5,0.70710677,-0.00015164312,0.45002651
0.3105,0.5,0.5,0.70710677,-0.00015164312,0.45002651
0.31099999,0.5,0.5,0.70710677,-0.00015164312,0.45002651
0.31150001,0.5,0.5,0.70710677,-0.00015164312,0.45002651
0.31200001,0.5,0.5,0.70710677,-0.00015164312,0.45002651
0.3125,0.5,0.5,0.70710677,-0.00015164312,0.45002651
0.31299999,0.5,0.5,0.70710677,-0.00015164312,0.45002651
0.31349999,0.5,0.5,0.70710677,-0.00015164312,0.45002651
0.31400001,0.5,0.5,0.70710677,-0.00015164312,0.45002651
0.3145,0.5,0.5,0.70710677,-0.00015164312,0.45002651
0.315,0.5,0.5,0.70710677,-0.00015164312,0.45002651
0.31549999,0.5,0.5,0.70710677,-0.00015164312,0.45002651
0.31600001,0.5,0.5,0.70710677,-0.00015164312,0.45002651
0.31650001,0.5,0.5,0.70710677,-0.00015164312,0.45002651
0.317,0.5,0.5,0.70710677,-0.00015164312,0.45002651
0.3175,0.5,0.5,0.70710677,-0.00015164312,0.45002651
0.31799999,0.5,0.5,0.70710677,-0.00015164312,0.45002651
0.31850001,0.5,0.5,0.70710677,-0.00015164312,0.45002651
0.31900001,0.5,0.5,0.70710677,-0.00015164312,0.45002651
0.3195,0.5,0.5,0.70710677,-0.00015164312,0.45002651
0.31999999,0.5,0.5,0.70710677,-0.00015164312,0.45002651
0.31999999,0.5,0.5,0.70710677,-0.00015164312,0.45002651
0.32049999,0.5,0.5,0.70710677,-0.00015164312,0.45002651
0.32100001,0.5,0.5,0.70710677,-0.00015164312,0.45002651
0.3215,0.5,0.5,0.70710677,-0.00015164312,0.45002651
0.322,0.5,0.5,0.70710677,-0.00015164312,0.45002651
0.32249999,0.5,0.5,0.70710677,-0.00015164312,0.45002651
0.32300001,0.5,0.5,0.70710677,-0.00015164312,0.45002651
0.32350001,0.5,0.5,0.70710677,-0.00015164312,0.45002651
0.324,0.5,0.5,0.70710677,-0.00015164312,0.45002651
0.32449999,0.5,0.5,0.70710677,-0.00015164312,0.45002651
0.32499999,0.5,0.5,0.70710677,-0.00015164312,0.45002651
0.32550001,0.5,0.5,0.70710677,-0.00015164312,0.45002651
0.32600001,0.5,0.5,0.70710677,-0.00015164312,0.45002651
0.3265,0.5,0.5,0.70710677,-0.00015164312,0.45002651
0.32699999,0.5,0.5,0.70710677,-0.00015164312,0.45002651
0.32749999,0.5,0.5,0.70710677,-0.00015164312,0.45002651
0.32800001,0.5,0.5,0.70710677,-0.00015164312,0.45002651
0.3285,0.5,0.5,0.70710677,-0.00015164312,0.45002651
0.329,0.5,0.5,0.70710677,-0.00015164312,0.45002651
0.32949999,0.5,0.5,0.70710677,-0.00015164312,0.45002651
0.33000001,0.5,0.5,0.70710677,-0.00015164312,0.45002651
0.33000001,0.5,0.5,0.70710677,-0.00015164312,0.45002651
0.33050001,0.5,0.5,0.70710677,-0.00015164312,0.45002651
0.331,0.5,0.5,0.70710677,-0.00015164312,0.45002651
0.33149999,0.5,0.5,0.70710677,-0.00015164312,0.45002651
0.33199999,0.5,0.5,0.70710677,-0.00015164312,0.45002651
0.33250001,0.5,0.5,0.70710677,-0.00015164312,0.45002651
0.333,0.5,0.5,0.70710677,-0.00015164312,0.45002651
0.3335,0.5,0.5,0.70710677,-0.00015164312,0.45002651
0.33399999,0.5,0.5,0.70710677,-0.00015164312,0.45002651
0.33450001,0.5,0.5,0.70710677,-0.00015164312,0.45002651
0.33500001,0.5,0.5,0.70710677,-0.00015164312,0.45002651
0.3355,0.5,0.5,0.70710677,-0.00015164312,0.45002651
0.336,0.5,0.5,0.70710677,-0.00015164312,0.45002651
0.33649999,0.5,0.5,0.70710677,-0.00015164312,0.45002651
0.33700001,0.5,0.5,0.70710677,-0.00015164312,0.45002651
0.33750001,0.5,0.5,0.70710677,-0.00015164312,0.45002651
0.338,0.5,0.5,0.70710677,-0.00015164312,0.45002651
0.33849999,0.5,0.5,0.70710677,-0.00015164312,0.45002651
0.33899999,0.5,0.5,0.70710677,-0.00015164312,0.45002651
0.33950001,0.5,0.5,0.70710677,-0.00015164312,0.45002651
0.34,0.5,0.5,0.70710677,-0.00015164312,0.45002651
0.34,0.5,0.5,0.70710677,-0.00015164312,0.45002651
0.3405,0.5,0.5,0.70710677,-0.00015164312,0.45002651
0.34099999,0.5,0.5,0.70710677,-0.00015164312,0.45002651
0.34150001,0.5,0.5,0.70710677,-0.00015164312,0.45002651
0.34200001,0.5,0.5,0.70710677,-0.00015164312,0.45002651
0.3425,0.5,0.5,0.70710677,-0.00015164312,0.45002651
0.34299999,0.5,0.5,0.70710677,-0.00015164312,0.45002651
0.34349999,0.5,0.5,0.70710677,-0.00015164312,0.45002651
0.34400001,0.5,0.5,0.70710677,-0.00015164312,0.45002651
0.34450001,0.5,0.5,0.70710677,-0.00015164312,0.45002651
0.345,0.5,0.5,0.70710677,-0.00015164312,0.45002651
0.34549999,0.5,0.5,0.70710677,-0.00015164312,0.45002651
0.34599999,0.5,0.5,0.70710677,-0.00015164312,0.45002651
0.34650001,0.5,0.5,0.70710677,-0.00015164312,0.45002651
0.347,0.5,0.5,0.70710677,-0.00015164312,0.45002651
0.3475,0.5,0.5,0.70710677,-0.00015164312,0.45002651
0.34799999,0.5,0.5,0.70710677,-0.00015164312,0.45002651
0.34850001,0.5,0.5,0.70710677,-0.00015164312,0.45002651
0.34900001,0.5,0.5,0.70710677,-0.00015164312,0.45002651
0.3495,0.5,0.5,0.70710677,-0.00015164312,0.45002651
0.34999999,0.5,0.5,0.70710677,-0.00015164312,0.45002651
0.34999999,0.5,0.5,0.70710677,-0.00015164312,0.45002651
0.35049999,0.5,0.5,0.70710677,-0.00015164312,0.45002651
0.35100001,0.5,0.5,0.70710677,-0.00015164312,0.45002651
0.3515,0.5,0.5,0.70710677,-0.00015164312,0.45002651
0.352,0.5,0.5,0.70710677,-0.00015164312,0.45002651
0.35249999,0.5,0.5,0.70710677,-0.00015164312,0.45002651
0.35299999,0.5,0.5,0.70710677,-0.00015164312,0.45002651
0.35350001,0.5,0.5,0.70710677,-0.00015164312,0.45002651
0.354,0.5,0.5,0.70710677,-0.00015164312,0.45002651
0.3545,0.5,0.5,0.70710677,-0.00015164312,0.45002651
0.35499999,0.5,0.5,0.70710677,-0.00015164312,0.45002651
0.35550001,0.5,0.5,0.70710677,-0.00015164312,0.45002651
0.35600001,0.5,0.5,0.70710677,-0.00015164312,0.45002651
0.3565,0.5,0.5,0.70710677,-0.00015164312,0.45002651
0.35699999,0.5,0.5,0.70710677,-0.00015164312,0.45002651
0.35749999,0.5,0.5,0.70710677,-0.00015164312,0.45002651
0.35800001,0.5,0.5,0.70710677,-0.00015164312,0.45002651
0.3585,0.5,0.5,0.70710677,-0.00015164312,0.45002651
0.359,0.5,0.5,0.70710677,-0.00015164312,0.45002651
0.35949999,0.5,0.5,0.70710677,-0.00015164312,0.45002651
0.36000001,0.5,0.5,0.70710677,-0.00015164312,0.45002651
0.36000001,0.5,0.5,0.70710677,-0.00015164312,0.45002651
0.36050001,0.5,0.5,0.70710677,-0.00015164312,0.45002651
0.361,0.5,0.5,0.70710677,-0.00015164312,0.45002651
0.36149999,0.5,0.5,0.70710677,-0.00015164312,0.45002651
0.36199999,0.5,0.5,0.70710677,-0.00015164312,0.45002651
0.36250001,0.5,0.5,0.70710677,-0.00015164312,0.45002651
0.36300001,0.5,0.5,0.70710677,-0.00015164312,0.45002651
0.3635,0.5,0.5,0.70710677,-0.00015164312,0.45002651
0.36399999,0.5,0.5,0.70710677,-0.00015164312,0.45002651
0.36449999,0.5,0.5,0.70710677,-0.00015164312,0.45002651
0.36500001,0.5,0.5,0.70710677,-0.00015164312,0.45002651
0.3655,0.5,0.5,0.70710677,-0.00015164312,0.45002651
0.366,0.5,0.5,0.70710677,-0.00015164312,0.45002651
0.36649999,0.5,0.5,0.70710677,-0.00015164312,0.45002651
0.36700001,0.5,0.5,0.70710677,-0.00015164312,0.45002651
0.36750001,0.5,0.5,0.70710677,-0.00015164312,0.45002651
0.368,0.5,0.5,0.70710677,-0.00015164312,0.45002651
0.36849999,0.5,0.5,0.70710677,-0.00015164312,0.45002651
0.36899999,0.5,0.5,0.70710677,-0.00015164312,0.45002651
0.36950001,0.5,0.5,0.70710677,-0.00015164312,0.45002651
0.37,0.5,0.5,0.70710677,-0.00015164312,0.45002651
0.37,0.5,0.5,0.70710677,-0.00015164312,0.45002651
0.3705,0.5,0.5,0.70710677,-0.00015164312,0.45002651
0.37099999,0.5,0.5,0.70710677,-0.00015164312,0.45002651
0.37149999,0.5,0.5,0.70710677,-0.00015164312,0.45002651
0.37200001,0.5,0.5,0.70710677,-0.00015164312,0.45002651
0.3725,0.5,0.5,0.70710677,-0.00015164312,0.45002651
0.373,0.5,0.5,0.70710677,-0.00015164312,0.45002651
0.37349999,0.5,0.5,0.70710677,-0.00015164312,0.45002651
0.37400001,0.5,0.5,0.70710677,-0.00015164312,0.45002651
0.37450001,0.5,0.5,0.70710677,-0.00015164312,0.45002651
0.375,0.5,0.5,0.70710677,-0.00015164312,0.45002651
0.37549999,0.5,0.5,0.70710677,-0.00015164312,0.45002651
0.37599999,0.5,0.5,0.70710677,-0.00015164312,0.45002651
0.37650001,0.5,0.5,0.70710677,-0.00015164312,0.45002651
0.377,0.5,0.5,0.70710677,-0.00015164312,0.45002651
0.3775,0.5,0.5,0.70710677,-0.00015164312,0.45002651
0.37799999,0.5,0.5,0.70710677,-0.00015164312,0.45002651
0.37850001,0.5,0.5,0.70710677,-0.00015164312,0.45002651
0.37900001,0.5,0.5,0.70710677,-0.00015164312,0.45002651
0.3795,0.5,0.5,0.70710677,-0.00015164312,0.45002651
0.38,0.5,0.5,0.70710677,-0.00015164312,0.45002651
0.38,0.5,0.5,0.70710677,-0.00015164312,0.45002651
0.38049999,0.5,0.5,0.70710677,-0.00015164312,0.45002651
0.38100001,0.5,0.5,0.70710677,-0.00015164312,0.45002651
0.38150001,0.5,0.5,0.70710677,-0.00015164312,0.45002651
0.382,0.5,0.5,0.70710677,-0.00015164312,0.45002651
0.38249999,0.5,0.5,0.70710677,-0.00015164312,0.45002651
0.38299999,0.5,0.5,0.70710677,-0.00015164312,0.45002651
0.38350001,0.5,0.5,0.70710677,-0.00015164312,0.45002651
0.384,0.5,0.5,0.70710677,-0.00015164312,0.45002651
0.3845,0.5,0.5,0.70710677,-0.00015164312,0.45002651
0.38499999,0.5,0.5,0.70710677,-0.00015164312,0.45002651
0.38550001,0.5,0.5,0.70710677,-0.00015164312,0.45002651
0.38600001,0.5,0.5,0.70710677,-0.00015164312,0.45002651
0.3865,0.5,0.5,0.70710677,-0.00015164312,0.45002651
0.38699999,0.5,0.5,0.70710677,-0.00015164312,0.45002651
0.38749999,0.5,0.5,0.70710677,-0.00015164312,0.45002651
0.38800001,0.5,0.5,0.70710677,-0.00015164312,0.45002651
0.38850001,0.5,0.5,0.70710677,-0.00015164312,0.45002651
0.389,0.5,0.5,0.70710677,-0.00015164312,0.45002651
0.38949999,0.5,0.5,0.70710677,-0.00015164312,0.45002651
0.38999999,0.5,0.5,0.70710677,-0.00015164312,0.45002651
0.38999999,0.5,0.5,0.70710677,-0.00015164312,0.45002651
0.39050001,0.5,0.5,0.70710677,-0.00015164312,0.45002651
0.391,0.5,0.5,0.70710677,-0.00015164312,0.45002651
0.3915,0.5,0.5,0.70710677,-0.00015164312,0.45002651
0.39199999,0.5,0.5,0.70710677,-0.00015164312,0.45002651
0.39250001,0.5,0.5,0.70710677,-0.00015164312,0.45002651
0.39300001,0.5,0.5,0.70710677,-0.00015164312,0.45002651
0.3935,0.5,0.5,0.70710677,-0.00015164312,0.45002651
0.39399999,0.5,0.5,0.70710677,-0.00015164312,0.45002651
0.39449999,0.5,0.5,0.70710677,-0.00015164312,0.45002651
0.39500001,0.5,0.5,0.70710677,-0.00015164312,0.45002651
0.3955,0.5,0.5,0.70710677,-0.00015164312,0.45002651
0.396,0.5,0.5,0.70710677,-0.00015164312,0.45002651
0.39649999,0.5,0.5,0.70710677,-0.00015164312,0.45002651
0.39700001,0.5,0.5,0.70710677,-0.00015164312,0.45002651
0.39750001,0.5,0.5,0.70710677,-0.00015164312,0.45002651
0.398,0.5,0.5,0.70710677,-0.00015164312,0.45002651
0.3985,0.5,0.5,0.70710677,-0.00015164312,0.45002651
0.39899999,0.5,0.5,0.70710677,-0.00015164312,0.45002651
0.39950001,0.5,0.5,0.70710677,-0.00015164312,0.45002651
0.40000001,0.5,0.5,0.70710677,-0.00015164312,0.45002651
0.40000001,0.5,0.5,0.70710677,-0.00015164312,0.45002651
0.4005,0.5,0.5,0.70710677,-0.00015164312,0.45002651
0.40099999,0.5,0.5,0.70710677,-0.00015164312,0.45002651
0.40149999,0.5,0.5,0.70710677,-0.00015164312,0.45002651
0.40200001,0.5,0.5,0.70710677,-0.00015164312,0.45002651
0.4025,0.5,0.5,0.70710677,-0.00015164312,0.45002651
0.403,0.5,0.5,0.70710677,-0.00015164312,0.45002651
0.40349999,0.5,0.5,0.70710677,-0.00015164312,0.45002651
0.40400001,0.5,0.5,0.70710677,-0.00015164312,0.45002651
0.40450001,0.5,0.5,0.70710677,-0.00015164312,0.45002651
0.405,0.5,0.5,0.70710677,-0.00015164312,0.45002651
0.40549999,0.5,0.5,0.70710677,-0.00015164312,0.45002651
0.40599999,0.5,0.5,0.70710677,-0.00015164312,0.45002651
0.40650001,0.5,0.5,0.70710677,-0.00015164312,0.45002651
0.40700001,0.5,0.5,0.70710677,-0.00015164312,0.45002651
0.4075,0.5,0.5,0.70710677,-0.00015164312,0.45002651
0.40799999,0.5,0.5,0.70710677,-0.00015164312,0.45002651
0.40849999,0.5,0.5,0.70710677,-0.00015164312,0.45002651
0.40900001,0.5,0.5,0.70710677,-0.00015164312,0.45002651
0.4095,0.5,0.5,0.70710677,-0.00015164312,0.45002651
0.41,0.5,0.5,0.70710677,-0.00015164312,0.45002651
0.41,0.5,0.5,0.70710677,-0.00015164312,0.45002651
0.41049999,0.5,0.5,0.70710677,-0.00015164312,0.45002651
0.41100001,0.5,0.5,0.70710677,-0.00015164312,0.45002651
0.41150001,0.5,0.5,0.70710677,-0.00015164312,0.45002651
0.412,0.5,0.5,0.70710677,-0.00015164312,0.45002651
0.41249999,0.5,0.5,0.70710677,-0.00015164312,0.45002651
0.41299999,0.5,0.5,0.70710677,-0.00015164312,0.45002651
0.41350001,0.5,0.5,0.70710677,-0.00015164312,0.45002651
0.414,0.5,0.5,0.70710677,-0.00015164312,0.45002651
0.4145,0.5,0.5,0.70710677,-0.00015164312,0.45002651
0.41499999,0.5,0.5,0.70710677,-0.00015164312,0.45002651
0.41549999,0.5,0.5,0.70710677,-0.00015164312,0.45002651
0.41600001,0.5,0.5,0.70710677,-0.00015164312,0.45002651
0.4165,0.5,0.5,0.70710677,-0.00015164312,0.45002651
0.417,0.5,0.5,0.70710677,-0.00015164312,0.45002651
0.41749999,0.5,0.5,0.70710677,-0.00015164312,0.45002651
0.41800001,0.5,0.5,0.70710677,-0.00015164312,0.45002651
0.41850001,0.5,0.5,0.70710677,-0.00015164312,0.45002651
0.419,0.5,0.5,0.70710677,-0.00015164312,0.45002651
0.41949999,0.5,0.5,0.70710677,-0.00015164312,0.45002651
0.41999999,0.5,0.5,0.70710677,-0.00015164312,0.45002651
0.41999999,0.5,0.5,0.70710677,-0.00015164312,0.45002651
0.42050001,0.5,0.5,0.70710677,-0.00015164312,0.45002651
0.421,0.5,0.5,0.70710677,-0.00015164312,0.45002651
0.4215,0.5,0.5,0.70710677,-0.00015164312,0.45002651
0.42199999,0.5,0.5,0.70710677,-0.00015164312,0.45002651
0.42250001,0.5,0.5,0.70710677,-0.00015164312,0.45002651
0.42300001,0.5,0.5,0.70710677,-0.00015164312,0.45002651
0.4235,0.5,0.5,0.70710677,-0.00015164312,0.45002651
0.42399999,0.5,0.5,0.70710677,-0.00015164312,0.45002651
0.42449999,0.5,0.5,0.70710677,-0.00015164312,0.45002651
0.42500001,0.5,0.5,0.70710677,-0.00015164312,0.45002651
0.42550001,0.5,0.5,0.70710677,-0.00015164312,0.45002651
0.426,0.5,0.5,0.70710677,-0.00015164312,0.45002651
0.42649999,0.5,0.5,0.70710677,-0.00015164312,0.45002651
0.42699999,0.5,0.5,0.70710677,-0.00015164312,0.45002651
0.42750001,0.5,0.5,0.70710677,-0.00015164312,0.45002651
0.428,0.5,0.5,0.70710677,-0.00015164312,0.45002651
0.4285,0.5,0.5,0.70710677,-0.00015164312,0.45002651
0.42899999,0.5,0.5,0.70710677,-0.00015164312,0.45002651
0.42950001,0.5,0.5,0.70710677,-0.00015164312,0.45002651
0.43000001,0.5,0.5,0.70710677,-0.00015164312,0.45002651
0.43000001,0.5,0.5,0.70710677,-0.00015164312,0.45002651
0.4305,0.5,0.5,0.70710677,-0.00015164312,0.45002651
0.43099999,0.5,0.5,0.70710677,-0.00015164312,0.45002651
0.43149999,0.5,0.5,0.70710677,-0.00015164312,0.45002651
0.43200001,0.5,0.5,0.70710677,-0.00015164312,0.45002651
0.4325,0.5,0.5,0.70710677,-0.00015164312,0.45002651
0.433,0.5,0.5,0.70710677,-0.00015164312,0.45002651
0.43349999,0.5,0.5,0.70710677,-0.00015164312,0.45002651
0.43399999,0.5,0.5,0.70710677,-0.00015164312,0.45002651
0.43450001,0.5,0.5,0.70710677,-0.00015164312,0.45002651
0.435,0.5,0.5,0.70710677,-0.00015164312,0.45002651
0.4355,0.5,0.5,0.70710677,-0.00015164312,0.45002651
0.43599999,0.5,0.5,0.70710677,-0.00015164312,0.45002651
0.43650001,0.5,0.5,0.70710677,-0.00015164312,0.45002651
0.43700001,0.5,0.5,0.70710677,-0.00015164312,0.45002651
0.4375,0.5,0.5,0.70710677,-0.00015164312,0.45002651
0.43799999,0.5,0.5,0.70710677,-0.00015164312,0.45002651
0.43849999,0.5,0.5,0.70710677,-0.00015164312,0.45002651
0.43900001,0.5,0.5,0.70710677,-0.00015164312,0.45002651
0.4395,0.5,0.5,0.70710677,-0.00015164312,0.45002651
0.44,0.5,0.5,0.70710677,-0.00015164312,0.45002651
0.44,0.5,0.5,0.70710677,-0.00015164312,0.45002651
0.44049999,0.5,0.5,0.70710677,-0.00015164312,0.45002651
0.44100001,0.5,0.5,0.70710677,-0.00015164312,0.45002651
0.44150001,0.5,0.5,0.70710677,-0.00015164312,0.45002651
0.442,0.5,0.5,0.70710677,-0.00015164312,0.45002651
0.4425,0.5,0.5,0.70710677,-0.00015164312,0.45002651
0.44299999,0.5,0.5,0.70710677,-0.00015164312,0.45002651
0.44350001,0.5,0.5,0.70710677,-0.00015164312,0.45002651
0.44400001,0.5,0.5,0.70710677,-0.00015164312,0.45002651
0.4445,0.5,0.5,0.70710677,-0.00015164312,0.45002651
0.44499999,0.5,0.5,0.70710677,-0.00015164312,0.45002651
0.44549999,0.5,0.5,0.70710677,-0.00015164312,0.45002651
0.44600001,0.5,0.5,0.70710677,-0.00015164312,0.45002651
0.4465,0.5,0.5,0.70710677,-0.00015164312,0.45002651
0.447,0.5,0.5,0.70710677,-0.00015164312,0.45002651
0.44749999,0.5,0.5,0.70710677,-0.00015164312,0.45002651
0.44800001,0.5,0.5,0.70710677,-0.00015164312,0.45002651
0.44850001,0.5,0.5,0.70710677,-0.00015164312,0.45002651
0.449,0.5,0.5,0.70710677,-0.00015164312,0.45002651
0.44949999,0.5,0.5,0.70710677,-0.00015164312,0.45002651
0.44999999,0.5,0.5,0.70710677,-0.00015164312,0.45002651
0.44999999,0.5,0.5,0.70710677,-0.00015164312,0.45002651
0.45050001,0.5,0.5,0.70710677,-0.00015164312,0.45002651
0.45100001,0.5,0.5,0.70710677,-0.00015164312,0.45002651
0.4515,0.5,0.5,0.70710677,-0.00015164312,0.45002651
0.45199999,0.5,0.5,0.70710677,-0.00015164312,0.45002651
0.45249999,0.5,0.5,0.70710677,-0.00015164312,0.45002651
0.45300001,0.5,0.5,0.70710677,-0.00015164312,0.45002651
0.4535,0.5,0.5,0.70710677,-0.00015164312,0.45002651
0.454,0.5,0.5,0.70710677,-0.00015164312,0.45002651
0.45449999,0.5,0.5,0.70710677,-0.00015164312,0.45002651
0.45500001,0.5,0.5,0.70710677,-0.00015164312,0.45002651
0.45550001,0.5,0.5,0.70710677,-0.00015164312,0.45002651
0.456,0.5,0.5,0.70710677,-0.00015164312,0.45002651
0.45649999,0.5,0.5,0.70710677,-0.00015164312,0.45002651
0.45699999,0.5,0.5,0.70710677,-0.00015164312,0.45002651
0.45750001,0.5,0.5,0.70710677,-0.00015164312,0.45002651
0.458,0.5,0.5,0.70710677,-0.00015164312,0.45002651
0.4585,0.5,0.5,0.70710677,-0.00015164312,0.45002651
0.45899999,0.5,0.5,0.70710677,-0.00015164312,0.45002651
0.45950001,0.5,0.5,0.70710677,-0.00015164312,0.45002651
0.46000001,0.5,0.5,0.70710677,-0.00015164312,0.45002651
0.46000001,0.5,0.5,0.70710677,-0.00015164312,0.45002651
0.4605,0.5,0.5,0.70710677,-0.00015164312,0.45002651
0.461,0.5,0.5,0.70710677,-0.00015164312,0.45002651
0.46149999,0.5,0.5,0.70710677,-0.00015164312,0.45002651
0.46200001,0.5,0.5,0.70710677,-0.00015164312,0.45002651
0.46250001,0.5,0.5,0.70710677,-0.00015164312,0.45002651
0.463,0.5,0.5,0.70710677,-0.00015164312,0.45002651
0.46349999,0.5,0.5,0.70710677,-0.00015164312,0.45002651
0.46399999,0.5,0.5,0.70710677,-0.00015164312,0.45002651
0.46450001,0.5,0.5,0.70710677,-0.00015164312,0.45002651
0.465,0.5,0.5,0.70710677,-0.00015164312,0.45002651
0.4655,0.5,0.5,0.70710677,-0.00015164312,0.45002651
0.46599999,0.5,0.5,0.70710677,-0.00015164312,0.45002651
0.46650001,0.5,0.5,0.70710677,-0.00015164312,0.45002651
0.46700001,0.5,0.5,0.70710677,-0.00015164312,0.45002651
0.4675,0.5,0.5,0.70710677,-0.00015164312,0.45002651
0.46799999,0.5,0.5,0.70710677,-0.00015164312,0.45002651
0.46849999,0.5,0.5,0.70710677,-0.00015164312,0.45002651
0.46900001,0.5,0.5,0.70710677,-0.00015164312,0.45002651
0.46950001,0.5,0.5,0.70710677,-0.00015164312,0.45002651
0.47,0.5,0.5,0.70710677,-0.00015164312,0.45002651
0.47,0.5,0.5,0.70710677,-0.00015164312,0.45002651
0.47049999,0.5,0.5,0.70710677,-0.00015164312,0.45002651
0.47099999,0.5,0.5,0.70710677,-0.00015164312,0.45002651
0.47150001,0.5,0.5,0.70710677,-0.00015164312,0.45002651
0.472,0.5,0.5,0.70710677,-0.00015164312,0.45002651
0.4725,0.5,0.5,0.70710677,-0.00015164312,0.45002651
0.47299999,0.5,0.5,0.70710677,-0.00015164312,0.45002651
0.47350001,0.5,0.5,0.70710677,-0.00015164312,0.45002651
0.47400001,0.5,0.5,0.70710677,-0.00015164312,0.45002651
0.4745,0.5,0.5,0.70710677,-0.00015164312,0.45002651
0.47499999,0.5,0.5,0.70710677,-0.00015164312,0.45002651
0.47549999,0.5,0.5,0.70710677,-0.00015164312,0.45002651
0.47600001,0.5,0.5,0.70710677,-0.00015164312,0.45002651
0.4765,0.5,0.5,0.70710677,-0.00015164312,0.45002651
0.477,0.5,0.5,0.70710677,-0.00015164312,0.45002651
0.47749999,0.5,0.5,0.70710677,-0.00015164312,0.45002651
0.47799999,0.5,0.5,0.70710677,-0.00015164312,0.45002651
0.47850001,0.5,0.5,0.70710677,-0.00015164312,0.45002651
0.479,0.5,0.5,0.70710677,-0.00015164312,0.45002651
0.4795,0.5,0.5,0.70710677,-0.00015164312,0.45002651
0.47999999,0.5,0.5,0.70710677,-0.00015164312,0.45002651
0.47999999,0.5,0.5,0.70710677,-0.00015164312,0.45002651
0.48050001,0.5,0.5,0.70710677,-0.00015164312,0.45002651
0.48100001,0.5,0.5,0.70710677,-0.00015164312,0.45002651
0.4815,0.5,0.5,0.70710677,-0.00015164312,0.45002651
0.48199999,0.5,0.5,0.70710677,-0.00015164312,0.45002651
0.48249999,0.5,0.5,0.70710677,-0.00015164312,0.45002651
0.48300001,0.5,0.5,0.70710677,-0.00015164312,0.45002651
0.4835,0.5,0.5,0.70710677,-0.00015164312,0.45002651
0.484,0.5,0.5,0.70710677,-0.00015164312,0.45002651
0.48449999,0.5,0.5,0.70710677,-0.00015164312,0.45002651
0.48500001,0.5,0.5,0.70710677,-0.00015164312,0.45002651
0.48550001,0.5,0.5,0.70710677,-0.00015164312,0.45002651
0.486,0.5,0.5,0.70710677,-0.00015164312,0.45002651
0.48649999,0.5,0.5,0.70710677,-0.00015164312,0.45002651
0.48699999,0.5,0.5,0.70710677,-0.00015164312,0.45002651
0.48750001,0.5,0.5,0.70710677,-0.00015164312,0.45002651
0.48800001,0.5,0.5,0.70710677,-0.00015164312,0.45002651
0.4885,0.5,0.5,0.70710677,-0.00015164312,0.45002651
0.48899999,0.5,0.5,0.70710677,-0.00015164312,0.45002651
0.48949999,0.5,0.5,0.70710677,-0.00015164312,0.45002651
0.49000001,0.5,0.5,0.70710677,-0.00015164312,0.45002651
0.49000001,0.5,0.5,0.70710677,-0.00015164312,0.45002651
0.4905,0.5,0.5,0.70710677,-0.00015164312,0.45002651
0.491,0.5,0.5,0.70710677,-0.00015164312,0.45002651
0.49149999,0.5,0.5,0.70710677,-0.00015164312,0.45002651
0.49200001,0.5,0.5,0.70710677,-0.00015164312,0.45002651
0.49250001,0.5,0.5,0.70710677,-0.00015164312,0.45002651
0.493,0.5,0.5,0.70710677,-0.00015164312,0.45002651
0.49349999,0.5,0.5,0.70710677,-0.00015164312,0.45002651
0.49399999,0.5,0.5,0.70710677,-0.00015164312,0.45002651
0.49450001,0.5,0.5,0.70710677,-0.00015164312,0.45002651
0.495,0.5,0.5,0.70710677,-0.00015164312,0.45002651
0.4955,0.5,0.5,0.70710677,-0.00015164312,0.45002651
0.49599999,0.5,0.5,0.70710677,-0.00015164312,0.45002651
0.49649999,0.5,0.5,0.70710677,-0.00015164312,0.45002651
0.49700001,0.5,0.5,0.70710677,-0.00015164312,0.45002651
0.4975,0.5,0.5,0.70710677,-0.00015164312,0.45002651
0.498,0.5,0.5,0.70710677,-0.00015164312,0.45002651
0.49849999,0.5,0.5,0.70710677,-0.00015164312,0.45002651
0.49900001,0.5,0.5,0.70710677,-0.00015164312,0.45002651
0.49950001,0.5,0.5,0.70710677,-0.00015164312,0.45002651
0.5,0.5,0.5,0.70710677,-0.00015164312,0.45002651
0.5,0.5,0.5,0.70710677,-0.00015164312,0.45002651
