"Time","p"
0,23
0.00019999999,23
0.00039999999,23
0.00060000003,23
0.00079999998,23
0.001,23
0.0012000001,23
0.0014,23
0.0016,23
0.0018,23
0.0020000001,23
0.0022,23
0.0024000001,23
0.0026,23
0.0027999999,23
0.003,23
0.0031999999,23
0.0034,23
0.0035999999,23
0.0038000001,23
0.0040000002,23
0.0041999999,23
0.0044,23
0.0046000001,23
0.0048000002,23
0.0049999999,23
0.0052,23
0.0054000001,23
0.0055999998,23
0.0057999999,23
0.0060000001,23
0.0062000002,23
0.0063999998,23
0.0066,23
0.0068000001,23
0.0070000002,23
0.0071999999,23
0.0074,23
0.0076000001,23
0.0077999998,23
0.0080000004,23
0.0082,23
0.0083999997,23
0.0086000003,23
0.0088,23
0.0089999996,23
0.0092000002,23
0.0093999999,23
0.0096000005,23
0.0098000001,23
0.0099999998,23
0.0102,23
0.0104,23
0.0106,23
0.0108,23
0.011,23
0.0112,23
0.0114,23
0.0116,23
0.0118,23
0.012,23
0.0122,23
0.0124,23
0.0126,23
0.0128,23
0.013,23
0.0132,23
0.0134,23
0.0136,23
0.0138,23
0.014,23
0.0142,23
0.0144,23
0.0146,23
0.0148,23
0.015,23
0.0152,23
0.0154,23
0.0156,23
0.015799999,23
0.016000001,23
0.0162,23
0.0164,23
0.0166,23
0.016799999,23
0.017000001,23
0.017200001,23
0.0174,23
0.0176,23
0.0178,23
0.017999999,23
0.018200001,23
0.0184,23
0.0186,23
0.0188,23
0.018999999,23
0.019200001,23
0.019400001,23
0.0196,23
0.0198,23
0.02,23
0.020199999,23
0.020400001,23
0.0206,23
0.0208,23
0.021,23
0.021199999,23
0.021400001,23
0.021600001,23
0.0218,23
0.022,23
0.0222,23
0.022399999,23
0.022600001,23
0.0228,23
0.023,23
0.0232,23
0.023399999,23
0.023600001,23
0.023800001,23
0.024,23
0.0242,23
0.0244,23
0.024599999,23
0.024800001,23
0.025,23
0.0252,23
0.0254,23
0.025599999,23
0.025800001,23
0.026000001,23
0.0262,23
0.0264,23
0.0266,23
0.026799999,23
0.027000001,23
0.0272,23
0.0274,23
0.0276,23
0.027799999,23
0.028000001,23
0.028200001,23
0.0284,23
0.0286,23
0.0288,23
0.028999999,23
0.029200001,23
0.0294,23
0.0296,23
0.0298,23
0.029999999,23
0.030200001,23
0.030400001,23
0.0306,23
0.0308,23
0.030999999,23
0.031199999,23
0.031399999,23
0.031599998,23
0.031800002,23
0.032000002,23
0.032200001,23
0.032400001,23
0.032600001,23
0.0328,23
0.033,23
0.033199999,23
0.033399999,23
0.033599999,23
0.033799998,23
0.034000002,23
0.034200002,23
0.034400001,23
0.034600001,23
0.0348,23
0.035,23
0.0352,23
0.035399999,23
0.035599999,23
0.035799999,23
0.035999998,23
0.036200002,23
0.036400001,23
0.036600001,23
0.036800001,23
0.037,23
0.0372,23
0.0374,23
0.037599999,23
0.037799999,23
0.037999999,23
0.038199998,23
0.038400002,23
0.038600001,23
0.038800001,23
0.039000001,23
0.0392,23
0.0394,23
0.0396,23
0.039799999,23
0.039999999,23
0.040199999,23
0.040399998,23
0.040600002,23
0.040800001,23
0.041000001,23
0.041200001,23
0.0414,23
0.0416,23
0.0418,23
0.041999999,23
0.042199999,23
0.042399999,23
0.042599998,23
0.042800002,23
0.043000001,23
0.043200001,23
0.043400001,23
0.0436,23
0.0438,23
0.044,23
0.044199999,23
0.044399999,23
0.044599999,23
0.044799998,23
0.045000002,23
0.045200001,23
0.045400001,23
0.045600001,23
0.0458,23
0.046,23
0.0462,23
0.046399999,23
0.046599999,23
0.046799999,23
0.046999998,23
0.047200002,23
0.047400001,23
0.047600001,23
0.047800001,23
0.048,23
0.0482,23
0.0484,23
0.048599999,23
0.048799999,23
0.048999999,23
0.049199998,23
0.049400002,23
0.049600001,23
0.049800001,23
0.050000001,23
0.0502,23
0.0504,23
0.0506,23
0.050799999,23
0.050999999,23
0.051199999,23
0.051399998,23
0.051600002,23
0.051800001,23
0.052000001,23
0.052200001,23
0.0524,23
0.0526,23
0.0528,23
0.052999999,23
0.053199999,23
0.053399999,23
0.053599998,23
0.053800002,23
0.054000001,23
0.054200001,23
0.054400001,23
0.0546,23
0.0548,23
0.055,23
0.055199999,23
0.055399999,23
0.055599999,23
0.055799998,23
0.056000002,23
0.056200001,23
0.056400001,23
0.056600001,23
0.0568,23
0.057,23
0.0572,23
0.057399999,23
0.057599999,23
0.057799999,23
0.057999998,23
0.058200002,23
0.058400001,23
0.058600001,23
0.058800001,23
0.059,23
0.0592,23
0.0594,23
0.059599999,23
0.059799999,23
0.059999999,23
0.060199998,23
0.060400002,23
0.060600001,23
0.060800001,23
0.061000001,23
0.0612,23
0.0614,23
0.0616,23
0.061799999,23
0.061999999,23
0.062199999,23
0.062399998,23
0.062600002,23
0.062799998,23
0.063000001,23
0.063199997,23
0.0634,23
0.063600004,23
0.0638,23
0.064000003,23
0.064199999,23
0.064400002,23
0.064599998,23
0.064800002,23
0.064999998,23
0.065200001,23
0.065399997,23
0.0656,23
0.065800004,23
0.066,23
0.066200003,23
0.066399999,23
0.066600002,23
0.066799998,23
0.067000002,23
0.067199998,23
0.067400001,23
0.067599997,23
0.0678,23
0.068000004,23
0.0682,23
0.068400003,23
0.068599999,23
0.068800002,23
0.068999998,23
0.069200002,23
0.069399998,23
0.069600001,23
0.069799997,23
0.07,23
0.070200004,23
0.0704,23
0.070600003,23
0.070799999,23
0.071000002,23
0.071199998,23
0.071400002,23
0.071599998,23
0.071800001,23
0.071999997,23
0.0722,23
0.072400004,23
0.0726,23
0.072800003,23
0.072999999,23
0.073200002,23
0.073399998,23
0.073600002,23
0.073799998,23
0.074000001,23
0.074199997,23
0.0744,23
0.074600004,23
0.0748,23
0.075000003,23
0.075199999,23
0.075400002,23
0.075599998,23
0.075800002,23
0.075999998,23
0.076200001,23
0.076399997,23
0.0766,23
0.076800004,23
0.077,23
0.077200003,23
0.077399999,23
0.077600002,23
0.077799998,23
0.078000002,23
0.078199998,23
0.078400001,23
0.078599997,23
0.0788,23
0.079000004,23
0.0792,23
0.079400003,23
0.079599999,23
0.079800002,23
0.079999998,23
0.080200002,23
0.080399998,23
0.080600001,23
0.080799997,23
0.081,23
0.081200004,23
0.0814,23
0.081600003,23
0.081799999,23
0.082000002,23
0.082199998,23
0.082400002,23
0.082599998,23
0.082800001,23
0.082999997,23
0.0832,23
0.083400004,23
0.0836,23
0.083800003,23
0.083999999,23
0.084200002,23
0.084399998,23
0.084600002,23
0.084799998,23
0.085000001,23
0.085199997,23
0.0854,23
0.085600004,23
0.0858,23
0.086000003,23
0.086199999,23
0.086400002,23
0.086599998,23
0.086800002,23
0.086999997,23
0.087200001,23
0.087399997,23
0.0876,23
0.087800004,23
0.088,23
0.088200003,23
0.088399999,23
0.088600002,23
0.088799998,23
0.089000002,23
0.089199997,23
0.089400001,23
0.089599997,23
0.0898,23
0.090000004,23
0.0902,23
0.090400003,23
0.090599999,23
0.090800002,23
0.090999998,23
0.091200002,23
0.091399997,23
0.091600001,23
0.091799997,23
0.092,23
0.092200004,23
0.092399999,23
0.092600003,23
0.092799999,23
0.093000002,23
0.093199998,23
0.093400002,23
0.093599997,23
0.093800001,23
0.093999997,23
0.0942,23
0.094400004,23
0.094599999,23
0.094800003,23
0.094999999,23
0.095200002,23
0.095399998,23
0.095600002,23
0.095799997,23
0.096000001,23
0.096199997,23
0.0964,23
0.096600004,23
0.096799999,23
0.097000003,23
0.097199999,23
0.097400002,23
0.097599998,23
0.097800002,23
0.097999997,23
0.098200001,23
0.098399997,23
0.0986,23
0.098800004,23
0.098999999,23
0.099200003,23
0.099399999,23
0.099600002,23
0.099799998,23
0.1,23
0.1002,23
0.1004,23
0.1006,23
0.1008,23
0.101,23
0.1012,23
0.1014,23
0.1016,23
0.1018,23
0.102,23
0.1022,23
0.1024,23
0.1026,23
0.1028,23
0.103,23
0.1032,23
0.1034,23
0.1036,23
0.1038,23
0.104,23
0.1042,23
0.1044,23
0.1046,23
0.1048,23
0.105,23
0.1052,23
0.1054,23
0.1056,23
0.1058,23
0.106,23
0.1062,23
0.1064,23
0.1066,23
0.1068,23
0.107,23
0.1072,23
0.1074,23
0.1076,23
0.1078,23
0.108,23
0.1082,23
0.1084,23
0.1086,23
0.1088,23
0.109,23
0.1092,23
0.1094,23
0.1096,23
0.1098,23
0.11,23
0.1102,23
0.1104,23
0.1106,23
0.1108,23
0.111,23
0.1112,23
0.1114,23
0.1116,23
0.1118,23
0.112,23
0.1122,23
0.1124,23
0.1126,23
0.1128,23
0.113,23
0.1132,23
0.1134,23
0.1136,23
0.1138,23
0.114,23
0.1142,23
0.1144,23
0.1146,23
0.1148,23
0.115,23
0.1152,23
0.1154,23
0.1156,23
0.1158,23
0.116,23
0.1162,23
0.1164,23
0.1166,23
0.1168,23
0.117,23
0.1172,23
0.1174,23
0.1176,23
0.1178,23
0.118,23
0.1182,23
0.1184,23
0.1186,23
0.1188,23
0.119,23
0.1192,23
0.1194,23
0.1196,23
0.1198,23
0.12,23
0.1202,23
0.1204,23
0.1206,23
0.1208,23
0.121,23
0.1212,23
0.1214,23
0.1216,23
0.1218,23
0.122,23
0.1222,23
0.1224,23
0.1226,23
0.1228,23
0.123,23
0.1232,23
0.1234,23
0.1236,23
0.1238,23
0.124,23
0.1242,23
0.1244,23
0.1246,23
0.1248,23
0.125,23
0.1252,23
0.12540001,23
0.1256,23
0.1258,23
0.126,23
0.12620001,23
0.12639999,23
0.1266,23
0.1268,23
0.127,23
0.12720001,23
0.1274,23
0.1276,23
0.1278,23
0.12800001,23
0.12819999,23
0.1284,23
0.1286,23
0.1288,23
0.12899999,23
0.1292,23
0.1294,23
0.1296,23
0.12980001,23
0.13,23
0.1302,23
0.1304,23
0.13060001,23
0.13079999,23
0.131,23
0.1312,23
0.1314,23
0.13160001,23
0.1318,23
0.132,23
0.1322,23
0.13240001,23
0.13259999,23
0.1328,23
0.133,23
0.1332,23
0.13339999,23
0.1336,23
0.1338,23
0.134,23
0.13420001,23
0.1344,23
0.1346,23
0.1348,23
0.13500001,23
0.13519999,23
0.1354,23
0.1356,23
0.1358,23
0.13600001,23
0.1362,23
0.1364,23
0.1366,23
0.13680001,23
0.13699999,23
0.1372,23
0.1374,23
0.1376,23
0.13779999,23
0.138,23
0.1382,23
0.1384,23
0.13860001,23
0.1388,23
0.139,23
0.1392,23
0.13940001,23
0.13959999,23
0.1398,23
0.14,23
0.1402,23
0.14040001,23
0.1406,23
0.1408,23
0.141,23
0.14120001,23
0.14139999,23
0.1416,23
0.1418,23
0.142,23
0.14219999,23
0.1424,23
0.1426,23
0.1428,23
0.14300001,23
0.1432,23
0.1434,23
0.1436,23
0.14380001,23
0.14399999,23
0.1442,23
0.1444,23
0.1446,23
0.14480001,23
0.145,23
0.1452,23
0.1454,23
0.14560001,23
0.14579999,23
0.146,23
0.1462,23
0.1464,23
0.14659999,23
0.1468,23
0.147,23
0.1472,23
0.14740001,23
0.1476,23
0.1478,23
0.148,23
0.14820001,23
0.14839999,23
0.1486,23
0.1488,23
0.149,23
0.14920001,23
0.1494,23
0.1496,23
0.1498,23
0.15000001,23
0.15019999,23
0.1504,23
0.1506,23
0.1508,23
0.15099999,23
0.1512,23
0.1514,23
0.1516,23
0.15180001,23
0.152,23
0.1522,23
0.1524,23
0.15260001,23
0.15279999,23
0.153,23
0.1532,23
0.1534,23
0.15360001,23
0.1538,23
0.154,23
0.1542,23
0.15440001,23
0.15459999,23
0.1548,23
0.155,23
0.1552,23
0.15539999,23
0.1556,23
0.1558,23
0.156,23
0.15620001,23
0.1564,23
0.1566,23
0.1568,23
0.15700001,23
0.15719999,23
0.1574,23
0.1576,23
0.1578,23
0.15800001,23
0.1582,23
0.1584,23
0.1586,23
0.15880001,23
0.15899999,23
0.1592,23
0.1594,23
0.1596,23
0.15979999,23
0.16,23
0.1602,23
0.1604,23
0.16060001,23
0.1608,23
0.161,23
0.1612,23
0.16140001,23
0.16159999,23
0.1618,23
0.162,23
0.1622,23
0.16240001,23
0.1626,23
0.1628,23
0.163,23
0.16320001,23
0.16339999,23
0.1636,23
0.1638,23
0.164,23
0.16419999,23
0.1644,23
0.1646,23
0.1648,23
0.16500001,23
0.1652,23
0.1654,23
0.1656,23
0.16580001,23
0.16599999,23
0.1662,23
0.1664,23
0.1666,23
0.16680001,23
0.167,23
0.1672,23
0.1674,23
0.16760001,23
0.16779999,23
0.168,23
0.1682,23
0.1684,23
0.16859999,23
0.1688,23
0.169,23
0.1692,23
0.16940001,23
0.1696,23
0.1698,23
0.17,23
0.17020001,23
0.17039999,23
0.1706,23
0.1708,23
0.171,23
0.17120001,23
0.1714,23
0.1716,23
0.1718,23
0.17200001,23
0.17219999,23
0.1724,23
0.1726,23
0.1728,23
0.17299999,23
0.1732,23
0.1734,23
0.1736,23
0.17380001,23
0.17399999,23
0.1742,23
0.1744,23
0.17460001,23
0.17479999,23
0.175,23
0.1752,23
0.1754,23
0.17560001,23
0.1758,23
0.176,23
0.1762,23
0.17640001,23
0.17659999,23
0.1768,23
0.177,23
0.1772,23
0.17739999,23
0.1776,23
0.1778,23
0.178,23
0.17820001,23
0.17839999,23
0.1786,23
0.1788,23
0.17900001,23
0.17919999,23
0.1794,23
0.1796,23
0.1798,23
0.18000001,23
0.1802,23
0.1804,23
0.1806,23
0.18080001,23
0.18099999,23
0.1812,23
0.1814,23
0.1816,23
0.18179999,23
0.182,23
0.1822,23
0.1824,23
0.18260001,23
0.18279999,23
0.183,23
0.1832,23
0.18340001,23
0.18359999,23
0.1838,23
0.184,23
0.1842,23
0.18440001,23
0.1846,23
0.1848,23
0.185,23
0.18520001,23
0.18539999,23
0.1856,23
0.1858,23
0.186,23
0.18619999,23
0.1864,23
0.1866,23
0.1868,23
0.18700001,23
0.18719999,23
0.1874,23
0.1876,23
0.18780001,23
0.18799999,23
0.1882,23
0.1884,23
0.1886,23
0.18880001,23
0.189,23
0.1892,23
0.1894,23
0.18960001,23
0.18979999,23
0.19,23
0.1902,23
0.1904,23
0.19059999,23
0.1908,23
0.191,23
0.1912,23
0.19140001,23
0.19159999,23
0.1918,23
0.192,23
0.19220001,23
0.19239999,23
0.1926,23
0.1928,23
0.193,23
0.19320001,23
0.1934,23
0.1936,23
0.1938,23
0.19400001,23
0.19419999,23
0.1944,23
0.1946,23
0.1948,23
0.19499999,23
0.1952,23
0.1954,23
0.1956,23
0.19580001,23
0.19599999,23
0.1962,23
0.1964,23
0.19660001,23
0.19679999,23
0.197,23
0.1972,23
0.1974,23
0.19760001,23
0.1978,23
0.198,23
0.1982,23
0.19840001,23
0.19859999,23
0.1988,23
0.199,23
0.1992,23
0.19939999,23
0.1996,23
0.1998,23
0.2,23
0.20020001,23
0.20039999,23
0.2006,23
0.2008,23
0.20100001,23
0.20119999,23
0.2014,23
0.2016,23
0.2018,23
0.20200001,23
0.2022,23
0.2024,23
0.2026,23
0.20280001,23
0.20299999,23
0.2032,23
0.2034,23
0.2036,23
0.20379999,23
0.204,23
0.2042,23
0.2044,23
0.20460001,23
0.20479999,23
0.205,23
0.2052,23
0.2054,23
0.20559999,23
0.2058,23
0.206,23
0.2062,23
0.20640001,23
0.2066,23
0.2068,23
0.207,23
0.20720001,23
0.20739999,23
0.2076,23
0.2078,23
0.208,23
0.20819999,23
0.2084,23
0.2086,23
0.2088,23
0.20900001,23
0.20919999,23
0.2094,23
0.2096,23
0.2098,23
0.20999999,23
0.2102,23
0.2104,23
0.2106,23
0.21080001,23
0.211,23
0.2112,23
0.2114,23
0.21160001,23
0.21179999,23
0.212,23
0.2122,23
0.2124,23
0.21259999,23
0.2128,23
0.213,23
0.2132,23
0.21340001,23
0.21359999,23
0.2138,23
0.214,23
0.2142,23
0.21439999,23
0.2146,23
0.2148,23
0.215,23
0.21520001,23
0.2154,23
0.2156,23
0.2158,23
0.21600001,23
0.21619999,23
0.2164,23
0.2166,23
0.2168,23
0.21699999,23
0.2172,23
0.2174,23
0.2176,23
0.21780001,23
0.21799999,23
0.2182,23
0.2184,23
0.2186,23
0.21879999,23
0.219,23
0.2192,23
0.2194,23
0.21960001,23
0.2198,23
0.22,23
0.2202,23
0.22040001,23
0.22059999,23
0.2208,23
0.221,23
0.2212,23
0.22139999,23
0.2216,23
0.2218,23
0.222,23
0.22220001,23
0.22239999,23
0.2226,23
0.2228,23
0.223,23
0.22319999,23
0.2234,23
0.2236,23
0.2238,23
0.22400001,23
0.2242,23
0.2244,23
0.2246,23
0.22480001,23
0.22499999,23
0.2252,23
0.2254,23
0.2256,23
0.22579999,23
0.226,23
0.2262,23
0.2264,23
0.22660001,23
0.22679999,23
0.227,23
0.2272,23
0.2274,23
0.22759999,23
0.2278,23
0.228,23
0.2282,23
0.22840001,23
0.2286,23
0.2288,23
0.229,23
0.22920001,23
0.22939999,23
0.2296,23
0.2298,23
0.23,23
0.23019999,23
0.2304,23
0.2306,23
0.2308,23
0.23100001,23
0.23119999,23
0.2314,23
0.2316,23
0.2318,23
0.23199999,23
0.2322,23
0.2324,23
0.2326,23
0.23280001,23
0.233,23
0.2332,23
0.2334,23
0.23360001,23
0.23379999,23
0.234,23
0.2342,23
0.2344,23
0.23459999,23
0.2348,23
0.235,23
0.2352,23
0.23540001,23
0.23559999,23
0.2358,23
0.236,23
0.2362,23
0.23639999,23
0.2366,23
0.2368,23
0.237,23
0.23720001,23
0.2374,23
0.2376,23
0.2378,23
0.23800001,23
0.23819999,23
0.2384,23
0.2386,23
0.2388,23
0.23899999,23
0.2392,23
0.2394,23
0.2396,23
0.23980001,23
0.23999999,23
0.2402,23
0.2404,23
0.2406,23
0.24079999,23
0.241,23
0.2412,23
0.2414,23
0.24160001,23
0.2418,23
0.242,23
0.2422,23
0.24240001,23
0.24259999,23
0.2428,23
0.243,23
0.2432,23
0.24339999,23
0.2436,23
0.2438,23
0.244,23
0.24420001,23
0.24439999,23
0.2446,23
0.2448,23
0.245,23
0.24519999,23
0.2454,23
0.2456,23
0.2458,23
0.24600001,23
0.2462,23
0.2464,23
0.2466,23
0.24680001,23
0.24699999,23
0.2472,23
0.2474,23
0.2476,23
0.24779999,23
0.248,23
0.2482,23
0.2484,23
0.24860001,23
0.24879999,23
0.249,23
0.2492,23
0.2494,23
0.24959999,23
0.2498,23
0.25,23
0.2502,23
0.25040001,23
0.25060001,23
0.25080001,23
0.25099999,23
0.25119999,23
0.25139999,23
0.2516,23
0.2518,23
0.252,23
0.25220001,23
0.25240001,23
0.25260001,23
0.25279999,23
0.25299999,23
0.25319999,23
0.2534,23
0.2536,23
0.2538,23
0.25400001,23
0.25420001,23
0.25440001,23
0.25459999,23
0.25479999,23
0.255,23
0.2552,23
0.2554,23
0.25560001,23
0.25580001,23
0.25600001,23
0.25619999,23
0.25639999,23
0.25659999,23
0.2568,23
0.257,23
0.2572,23
0.25740001,23
0.25760001,23
0.25780001,23
0.25799999,23
0.25819999,23
0.25839999,23
0.2586,23
0.2588,23
0.259,23
0.25920001,23
0.25940001,23
0.25960001,23
0.25979999,23
0.25999999,23
0.26019999,23
0.2604,23
0.2606,23
0.2608,23
0.26100001,23
0.26120001,23
0.26140001,23
0.26159999,23
0.26179999,23
0.26199999,23
0.2622,23
0.2624,23
0.2626,23
0.26280001,23
0.26300001,23
0.26320001,23
0.26339999,23
0.26359999,23
0.2638,23
0.264,23
0.2642,23
0.26440001,23
0.26460001,23
0.26480001,23
0.26499999,23
0.26519999,23
0.26539999,23
0.2656,23
0.2658,23
0.266,23
0.26620001,23
0.26640001,23
0.26660001,23
0.26679999,23
0.26699999,23
0.26719999,23
0.2674,23
0.2676,23
0.2678,23
0.26800001,23
0.26820001,23
0.26840001,23
0.26859999,23
0.26879999,23
0.26899999,23
0.2692,23
0.2694,23
0.2696,23
0.26980001,23
0.27000001,23
0.27020001,23
0.27039999,23
0.27059999,23
0.27079999,23
0.271,23
0.2712,23
0.2714,23
0.27160001,23
0.27180001,23
0.27200001,23
0.27219999,23
0.27239999,23
0.2726,23
0.2728,23
0.273,23
0.27320001,23
0.27340001,23
0.27360001,23
0.27379999,23
0.27399999,23
0.27419999,23
0.2744,23
0.2746,23
0.2748,23
0.27500001,23
0.27520001,23
0.27540001,23
0.27559999,23
0.27579999,23
0.27599999,23
0.2762,23
0.2764,23
0.2766,23
0.27680001,23
0.27700001,23
0.27720001,23
0.27739999,23
0.27759999,23
0.27779999,23
0.278,23
0.2782,23
0.2784,23
0.27860001,23
0.27880001,23
0.27900001,23
0.27919999,23
0.27939999,23
0.27959999,23
0.2798,23
0.28,23
0.2802,23
0.28040001,23
0.28060001,23
0.28080001,23
0.28099999,23
0.28119999,23
0.2814,23
0.2816,23
0.2818,23
0.28200001,23
0.28220001,23
0.28240001,23
0.28259999,23
0.28279999,23
0.28299999,23
0.2832,23
0.2834,23
0.2836,23
0.28380001,23
0.28400001,23
0.28420001,23
0.28439999,23
0.28459999,23
0.28479999,23
0.285,23
0.2852,23
0.2854,23
0.28560001,23
0.28580001,23
0.28600001,23
0.28619999,23
0.28639999,23
0.28659999,23
0.2868,23
0.287,23
0.2872,23
0.28740001,23
0.28760001,23
0.28780001,23
0.28799999,23
0.28819999,23
0.28839999,23
0.2886,23
0.2888,23
0.289,23
0.28920001,23
0.28940001,23
0.28960001,23
0.28979999,23
0.28999999,23
0.2902,23
0.2904,23
0.2906,23
0.29080001,23
0.29100001,23
0.29120001,23
0.29139999,23
0.29159999,23
0.29179999,23
0.292,23
0.2922,23
0.2924,23
0.29260001,23
0.29280001,23
0.29300001,23
0.29319999,23
0.29339999,23
0.29359999,23
0.2938,23
0.294,23
0.2942,23
0.29440001,23
0.29460001,23
0.29480001,23
0.29499999,23
0.29519999,23
0.29539999,23
0.2956,23
0.2958,23
0.296,23
0.29620001,23
0.29640001,23
0.29660001,23
0.29679999,23
0.29699999,23
0.29719999,23
0.2974,23
0.2976,23
0.2978,23
0.29800001,23
0.29820001,23
0.29840001,23
0.29859999,23
0.29879999,23
0.29899999,23
0.2992,23
0.2994,23
0.29960001,23
0.29980001,23
0.30000001,23
0.30019999,23
0.30039999,23
0.30059999,23
0.3008,23
0.301,23
0.3012,23
0.30140001,23
0.30160001,23
0.30180001,23
0.30199999,23
0.30219999,23
0.30239999,23
0.3026,23
0.3028,23
0.303,23
0.30320001,23
0.30340001,23
0.30360001,23
0.30379999,23
0.30399999,23
0.30419999,23
0.3044,23
0.3046,23
0.3048,23
0.30500001,23
0.30520001,23
0.30540001,23
0.30559999,23
0.30579999,23
0.30599999,23
0.3062,23
0.3064,23
0.3066,23
0.30680001,23
0.30700001,23
0.30720001,23
0.30739999,23
0.30759999,23
0.30779999,23
0.308,23
0.3082,23
0.30840001,23
0.30860001,23
0.30880001,23
0.30899999,23
0.30919999,23
0.30939999,23
0.3096,23
0.3098,23
0.31,23
0.31020001,23
0.31040001,23
0.31060001,23
0.31079999,23
0.31099999,23
0.31119999,23
0.3114,23
0.3116,23
0.3118,23
0.31200001,23
0.31220001,23
0.31240001,23
0.31259999,23
0.31279999,23
0.31299999,23
0.3132,23
0.3134,23
0.3136,23
0.31380001,23
0.31400001,23
0.31420001,23
0.31439999,23
0.31459999,23
0.31479999,23
0.315,23
0.3152,23
0.3154,23
0.31560001,23
0.31580001,23
0.31600001,23
0.31619999,23
0.31639999,23
0.31659999,23
0.3168,23
0.317,23
0.31720001,23
0.31740001,23
0.31760001,23
0.31779999,23
0.31799999,23
0.31819999,23
0.3184,23
0.3186,23
0.3188,23
0.31900001,23
0.31920001,23
0.31940001,23
0.31959999,23
0.31979999,23
0.31999999,23
0.3202,23
0.3204,23
0.3206,23
0.32080001,23
0.32100001,23
0.32120001,23
0.32139999,23
0.32159999,23
0.32179999,23
0.322,23
0.3222,23
0.3224,23
0.32260001,23
0.32280001,23
0.32300001,23
0.32319999,23
0.32339999,23
0.32359999,23
0.3238,23
0.324,23
0.3242,23
0.32440001,23
0.32460001,23
0.32480001,23
0.32499999,23
0.32519999,23
0.32539999,23
0.3256,23
0.3258,23
0.32600001,23
0.32620001,23
0.32640001,23
0.32659999,23
0.32679999,23
0.32699999,23
0.3272,23
0.3274,23
0.3276,23
0.32780001,23
0.32800001,23
0.32820001,23
0.32839999,23
0.32859999,23
0.32879999,23
0.329,23
0.3292,23
0.3294,23
0.32960001,23
0.32980001,23
0.33000001,23
0.33019999,23
0.33039999,23
0.33059999,23
0.3308,23
0.331,23
0.3312,23
0.33140001,23
0.33160001,23
0.33180001,23
0.33199999,23
0.33219999,23
0.33239999,23
0.3326,23
0.3328,23
0.333,23
0.33320001,23
0.33340001,23
0.33360001,23
0.33379999,23
0.33399999,23
0.33419999,23
0.3344,23
0.3346,23
0.3348,23
0.33500001,23
0.33520001,23
0.33539999,23
0.33559999,23
0.33579999,23
0.336,23
0.3362,23
0.3364,23
0.33660001,23
0.33680001,23
0.33700001,23
0.33719999,23
0.33739999,23
0.33759999,23
0.3378,23
0.338,23
0.3382,23
0.33840001,23
0.33860001,23
0.33880001,23
0.33899999,23
0.33919999,23
0.33939999,23
0.3396,23
0.3398,23
0.34,23
0.34020001,23
0.34040001,23
0.34060001,23
0.34079999,23
0.34099999,23
0.34119999,23
0.3414,23
0.3416,23
0.3418,23
0.34200001,23
0.34220001,23
0.34240001,23
0.34259999,23
0.34279999,23
0.34299999,23
0.3432,23
0.3434,23
0.3436,23
0.34380001,23
0.34400001,23
0.34419999,23
0.34439999,23
0.34459999,23
0.3448,23
0.345,23
0.3452,23
0.34540001,23
0.34560001,23
0.34580001,23
0.34599999,23
0.34619999,23
0.34639999,23
0.3466,23
0.3468,23
0.347,23
0.34720001,23
0.34740001,23
0.34760001,23
0.34779999,23
0.34799999,23
0.34819999,23
0.3484,23
0.3486,23
0.3488,23
0.34900001,23
0.34920001,23
0.34940001,23
0.34959999,23
0.34979999,23
0.34999999,23
0.3502,23
0.3504,23
0.3506,23
0.35080001,23
0.35100001,23
0.35120001,23
0.35139999,23
0.35159999,23
0.35179999,23
0.352,23
0.3522,23
0.3524,23
0.35260001,23
0.35280001,23
0.35299999,23
0.35319999,23
0.35339999,23
0.3536,23
0.3538,23
0.354,23
0.35420001,23
0.35440001,23
0.35460001,23
0.35479999,23
0.35499999,23
0.35519999,23
0.3554,23
0.3556,23
0.3558,23
0.35600001,23
0.35620001,23
0.35640001,23
0.35659999,23
0.35679999,23
0.35699999,23
0.3572,23
0.3574,23
0.3576,23
0.35780001,23
0.35800001,23
0.35820001,23
0.35839999,23
0.35859999,23
0.35879999,23
0.359,23
0.3592,23
0.3594,23
0.35960001,23
0.35980001,23
0.36000001,23
0.36019999,23
0.36039999,23
0.36059999,23
0.3608,23
0.361,23
0.3612,23
0.36140001,23
0.36160001,23
0.36179999,23
0.36199999,23
0.36219999,23
0.3624,23
0.3626,23
0.3628,23
0.36300001,23
0.36320001,23
0.36340001,23
0.36359999,23
0.36379999,23
0.36399999,23
0.3642,23
0.3644,23
0.3646,23
0.36480001,23
0.36500001,23
0.36520001,23
0.36539999,23
0.36559999,23
0.36579999,23
0.366,23
0.3662,23
0.3664,23
0.36660001,23
0.36680001,23
0.36700001,23
0.36719999,23
0.36739999,23
0.36759999,23
0.3678,23
0.368,23
0.3682,23
0.36840001,23
0.36860001,23
0.36880001,23
0.36899999,23
0.36919999,23
0.36939999,23
0.3696,23
0.3698,23
0.37,23
0.37020001,23
0.37040001,23
0.37059999,23
0.37079999,23
0.37099999,23
0.3712,23
0.3714,23
0.3716,23
0.37180001,23
0.37200001,23
0.37220001,23
0.37239999,23
0.37259999,23
0.37279999,23
0.373,23
0.3732,23
0.3734,23
0.37360001,23
0.37380001,23
0.37400001,23
0.37419999,23
0.37439999,23
0.37459999,23
0.3748,23
0.375,23
0.3752,23
0.37540001,23
0.37560001,23
0.37580001,23
0.37599999,23
0.37619999,23
0.37639999,23
0.3766,23
0.3768,23
0.377,23
0.37720001,23
0.37740001,23
0.37760001,23
0.37779999,23
0.37799999,23
0.37819999,23
0.3784,23
0.3786,23
0.3788,23
0.37900001,23
0.37920001,23
0.37940001,23
0.37959999,23
0.37979999,23
0.38,23
0.3802,23
0.3804,23
0.38060001,23
0.38080001,23
0.38100001,23
0.38119999,23
0.38139999,23
0.38159999,23
0.3818,23
0.382,23
0.3822,23
0.38240001,23
0.38260001,23
0.38280001,23
0.38299999,23
0.38319999,23
0.38339999,23
0.3836,23
0.3838,23
0.384,23
0.38420001,23
0.38440001,23
0.38460001,23
0.38479999,23
0.38499999,23
0.38519999,23
0.3854,23
0.3856,23
0.3858,23
0.38600001,23
0.38620001,23
0.38640001,23
0.38659999,23
0.38679999,23
0.38699999,23
0.3872,23
0.3874,23
0.3876,23
0.38780001,23
0.38800001,23
0.38820001,23
0.38839999,23
0.38859999,23
0.3888,23
0.389,23
0.3892,23
0.38940001,23
0.38960001,23
0.38980001,23
0.38999999,23
0.39019999,23
0.39039999,23
0.3906,23
0.3908,23
0.391,23
0.39120001,23
0.39140001,23
0.39160001,23
0.39179999,23
0.39199999,23
0.39219999,23
0.3924,23
0.3926,23
0.3928,23
0.39300001,23
0.39320001,23
0.39340001,23
0.39359999,23
0.39379999,23
0.39399999,23
0.3942,23
0.3944,23
0.3946,23
0.39480001,23
0.39500001,23
0.39520001,23
0.39539999,23
0.39559999,23
0.39579999,23
0.396,23
0.3962,23
0.3964,23
0.39660001,23
0.39680001,23
0.39700001,23
0.39719999,23
0.39739999,23
0.3976,23
0.3978,23
0.398,23
0.39820001,23
0.39840001,23
0.39860001,23
0.39879999,23
0.39899999,23
0.39919999,23
0.3994,23
0.3996,23
0.3998,23
0.40000001,23
0.40020001,23
0.40040001,23
0.40059999,23
0.40079999,23
0.40099999,23
0.4012,23
0.4014,23
0.4016,23
0.40180001,23
0.40200001,23
0.40220001,23
0.40239999,23
0.40259999,23
0.40279999,23
0.403,23
0.4032,23
0.4034,23
0.40360001,23
0.40380001,23
0.40400001,23
0.40419999,23
0.40439999,23
0.40459999,23
0.4048,23
0.405,23
0.4052,23
0.40540001,23
0.40560001,23
0.40580001,23
0.40599999,23
0.40619999,23
0.4064,23
0.4066,23
0.4068,23
0.40700001,23
0.40720001,23
0.40740001,23
0.40759999,23
0.40779999,23
0.40799999,23
0.4082,23
0.4084,23
0.4086,23
0.40880001,23
0.40900001,23
0.40920001,23
0.40939999,23
0.40959999,23
0.40979999,23
0.41,23
0.4102,23
0.4104,23
0.41060001,23
0.41080001,23
0.41100001,23
0.41119999,23
0.41139999,23
0.41159999,23
0.4118,23
0.412,23
0.4122,23
0.41240001,23
0.41260001,23
0.41280001,23
0.41299999,23
0.41319999,23
0.41339999,23
0.4136,23
0.4138,23
0.414,23
0.41420001,23
0.41440001,23
0.41460001,23
0.41479999,23
0.41499999,23
0.4152,23
0.4154,23
0.4156,23
0.41580001,23
0.41600001,23
0.41620001,23
0.41639999,23
0.41659999,23
0.41679999,23
0.417,23
0.4172,23
0.4174,23
0.41760001,23
0.41780001,23
0.41800001,23
0.41819999,23
0.41839999,23
0.41859999,23
0.4188,23
0.419,23
0.4192,23
0.41940001,23
0.41960001,23
0.41980001,23
0.41999999,23
0.42019999,23
0.42039999,23
0.4206,23
0.4208,23
0.421,23
0.42120001,23
0.42140001,23
0.42160001,23
0.42179999,23
0.42199999,23
0.42219999,23
0.4224,23
0.4226,23
0.4228,23
0.42300001,23
0.42320001,23
0.42340001,23
0.42359999,23
0.42379999,23
0.42399999,23
0.4242,23
0.4244,23
0.42460001,23
0.42480001,23
0.42500001,23
0.42519999,23
0.42539999,23
0.42559999,23
0.4258,23
0.426,23
0.4262,23
0.42640001,23
0.42660001,23
0.42680001,23
0.42699999,23
0.42719999,23
0.42739999,23
0.4276,23
0.4278,23
0.428,23
0.42820001,23
0.42840001,23
0.42860001,23
0.42879999,23
0.42899999,23
0.42919999,23
0.4294,23
0.4296,23
0.4298,23
0.43000001,23
0.43020001,23
0.43040001,23
0.43059999,23
0.43079999,23
0.43099999,23
0.4312,23
0.4314,23
0.4316,23
0.43180001,23
0.43200001,23
0.43220001,23
0.43239999,23
0.43259999,23
0.43279999,23
0.433,23
0.4332,23
0.43340001,23
0.43360001,23
0.43380001,23
0.43399999,23
0.43419999,23
0.43439999,23
0.4346,23
0.4348,23
0.435,23
0.43520001,23
0.43540001,23
0.43560001,23
0.43579999,23
0.43599999,23
0.43619999,23
0.4364,23
0.4366,23
0.4368,23
0.43700001,23
0.43720001,23
0.43740001,23
0.43759999,23
0.43779999,23
0.43799999,23
0.4382,23
0.4384,23
0.4386,23
0.43880001,23
0.43900001,23
0.43920001,23
0.43939999,23
0.43959999,23
0.43979999,23
0.44,23
0.4402,23
0.4404,23
0.44060001,23
0.44080001,23
0.44100001,23
0.44119999,23
0.44139999,23
0.44159999,23
0.4418,23
0.442,23
0.44220001,23
0.44240001,23
0.44260001,23
0.44279999,23
0.44299999,23
0.44319999,23
0.4434,23
0.4436,23
0.4438,23
0.44400001,23
0.44420001,23
0.44440001,23
0.44459999,23
0.44479999,23
0.44499999,23
0.4452,23
0.4454,23
0.4456,23
0.44580001,23
0.44600001,23
0.44620001,23
0.44639999,23
0.44659999,23
0.44679999,23
0.447,23
0.4472,23
0.4474,23
0.44760001,23
0.44780001,23
0.44800001,23
0.44819999,23
0.44839999,23
0.44859999,23
0.4488,23
0.449,23
0.4492,23
0.44940001,23
0.44960001,23
0.44980001,23
0.44999999,23
0.45019999,23
0.45039999,23
0.4506,23
0.4508,23
0.45100001,23
0.45120001,23
0.45140001,23
0.45159999,23
0.45179999,23
0.45199999,23
0.4522,23
0.4524,23
0.4526,23
0.45280001,23
0.45300001,23
0.45320001,23
0.45339999,23
0.45359999,23
0.45379999,23
0.454,23
0.4542,23
0.4544,23
0.45460001,23
0.45480001,23
0.45500001,23
0.45519999,23
0.45539999,23
0.45559999,23
0.4558,23
0.456,23
0.4562,23
0.45640001,23
0.45660001,23
0.45680001,23
0.45699999,23
0.45719999,23
0.45739999,23
0.4576,23
0.4578,23
0.458,23
0.45820001,23
0.45840001,23
0.45860001,23
0.45879999,23
0.45899999,23
0.45919999,23
0.4594,23
0.4596,23
0.4598,23
0.46000001,23
0.46020001,23
0.46039999,23
0.46059999,23
0.46079999,23
0.461,23
0.4612,23
0.4614,23
0.46160001,23
0.46180001,23
0.46200001,23
0.46219999,23
0.46239999,23
0.46259999,23
0.4628,23
0.463,23
0.4632,23
0.46340001,23
0.46360001,23
0.46380001,23
0.46399999,23
0.46419999,23
0.46439999,23
0.4646,23
0.4648,23
0.465,23
0.46520001,23
0.46540001,23
0.46560001,23
0.46579999,23
0.46599999,23
0.46619999,23
0.4664,23
0.4666,23
0.4668,23
0.46700001,23
0.46720001,23
0.46740001,23
0.46759999,23
0.46779999,23
0.46799999,23
0.4682,23
0.4684,23
0.4686,23
0.46880001,23
0.46900001,23
0.46919999,23
0.46939999,23
0.46959999,23
0.4698,23
0.47,23
0.4702,23
0.47040001,23
0.47060001,23
0.47080001,23
0.47099999,23
0.47119999,23
0.47139999,23
0.4716,23
0.4718,23
0.472,23
0.47220001,23
0.47240001,23
0.47260001,23
0.47279999,23
0.47299999,23
0.47319999,23
0.4734,23
0.4736,23
0.4738,23
0.47400001,23
0.47420001,23
0.47440001,23
0.47459999,23
0.47479999,23
0.47499999,23
0.4752,23
0.4754,23
0.4756,23
0.47580001,23
0.47600001,23
0.47620001,23
0.47639999,23
0.47659999,23
0.47679999,23
0.477,23
0.4772,23
0.4774,23
0.47760001,23
0.47780001,23
0.47799999,23
0.47819999,23
0.47839999,23
0.4786,23
0.4788,23
0.479,23
0.47920001,23
0.47940001,23
0.47960001,23
0.47979999,23
0.47999999,23
0.48019999,23
0.4804,23
0.4806,23
0.4808,23
0.48100001,23
0.48120001,23
0.48140001,23
0.48159999,23
0.48179999,23
0.48199999,23
0.4822,23
0.4824,23
0.4826,23
0.48280001,23
0.48300001,23
0.48320001,23
0.48339999,23
0.48359999,23
0.48379999,23
0.484,23
0.4842,23
0.4844,23
0.48460001,23
0.48480001,23
0.48500001,23
0.48519999,23
0.48539999,23
0.48559999,23
0.4858,23
0.486,23
0.4862,23
0.48640001,23
0.48660001,23
0.48679999,23
0.48699999,23
0.48719999,23
0.4874,23
0.4876,23
0.4878,23
0.48800001,23
0.48820001,23
0.48840001,23
0.48859999,23
0.48879999,23
0.48899999,23
0.4892,23
0.4894,23
0.4896,23
0.48980001,23
0.49000001,23
0.49020001,23
0.49039999,23
0.49059999,23
0.49079999,23
0.491,23
0.4912,23
0.4914,23
0.49160001,23
0.49180001,23
0.49200001,23
0.49219999,23
0.49239999,23
0.49259999,23
0.4928,23
0.493,23
0.4932,23
0.49340001,23
0.49360001,23
0.49380001,23
0.49399999,23
0.49419999,23
0.49439999,23
0.4946,23
0.4948,23
0.495,23
0.49520001,23
0.49540001,23
0.49559999,23
0.49579999,23
0.49599999,23
0.4962,23
0.4964,23
0.4966,23
0.49680001,23
0.49700001,23
0.49720001,23
0.49739999,23
0.49759999,23
0.49779999,23
0.498,23
0.4982,23
0.4984,23
0.49860001,23
0.49880001,23
0.49900001,23
0.49919999,23
0.49939999,23
0.49959999,23
0.4998,23
0.5,23
0.50019997,23
0.50040001,23
0.50059998,23
0.50080001,23
0.50099999,23
0.50120002,23
0.50139999,23
0.50160003,23
0.5018,23
0.50199997,23
0.50220001,23
0.50239998,23
0.50260001,23
0.50279999,23
0.50300002,23
0.50319999,23
0.50340003,23
0.5036,23
0.50379997,23
0.50400001,23
0.50419998,23
0.50440001,23
0.50459999,23
0.50480002,23
0.505,23
0.50520003,23
0.5054,23
0.50559998,23
0.50580001,23
0.50599998,23
0.50620002,23
0.50639999,23
0.50660002,23
0.5068,23
0.50700003,23
0.5072,23
0.50739998,23
0.50760001,23
0.50779998,23
0.50800002,23
0.50819999,23
0.50840002,23
0.5086,23
0.50880003,23
0.509,23
0.50919998,23
0.50940001,23
0.50959998,23
0.50980002,23
0.50999999,23
0.51020002,23
0.5104,23
0.51059997,23
0.5108,23
0.51099998,23
0.51120001,23
0.51139998,23
0.51160002,23
0.51179999,23
0.51200002,23
0.5122,23
0.51239997,23
0.5126,23
0.51279998,23
0.51300001,23
0.51319999,23
0.51340002,23
0.51359999,23
0.51380002,23
0.514,23
0.51419997,23
0.51440001,23
0.51459998,23
0.51480001,23
0.51499999,23
0.51520002,23
0.51539999,23
0.51560003,23
0.5158,23
0.51599997,23
0.51620001,23
0.51639998,23
0.51660001,23
0.51679999,23
0.51700002,23
0.51719999,23
0.51740003,23
0.5176,23
0.51779997,23
0.51800001,23
0.51819998,23
0.51840001,23
0.51859999,23
0.51880002,23
0.51899999,23
0.51920003,23
0.5194,23
0.51959997,23
0.51980001,23
0.51999998,23
0.52020001,23
0.52039999,23
0.52060002,23
0.52079999,23
0.52100003,23
0.5212,23
0.52139997,23
0.52160001,23
0.52179998,23
0.52200001,23
0.52219999,23
0.52240002,23
0.5226,23
0.52280003,23
0.523,23
0.52319998,23
0.52340001,23
0.52359998,23
0.52380002,23
0.52399999,23
0.52420002,23
0.5244,23
0.52460003,23
0.5248,23
0.52499998,23
0.52520001,23
0.52539998,23
0.52560002,23
0.52579999,23
0.52600002,23
0.5262,23
0.52640003,23
0.5266,23
0.52679998,23
0.52700001,23
0.52719998,23
0.52740002,23
0.52759999,23
0.52780002,23
0.528,23
0.52819997,23
0.5284,23
0.52859998,23
0.52880001,23
0.52899998,23
0.52920002,23
0.52939999,23
0.52960002,23
0.5298,23
0.52999997,23
0.5302,23
0.53039998,23
0.53060001,23
0.53079998,23
0.53100002,23
0.53119999,23
0.53140002,23
0.5316,23
0.53179997,23
0.53200001,23
0.53219998,23
0.53240001,23
0.53259999,23
0.53280002,23
0.53299999,23
0.53320003,23
0.5334,23
0.53359997,23
0.53380001,23
0.53399998,23
0.53420001,23
0.53439999,23
0.53460002,23
0.53479999,23
0.53500003,23
0.5352,23
0.53539997,23
0.53560001,23
0.53579998,23
0.53600001,23
0.53619999,23
0.53640002,23
0.53659999,23
0.53680003,23
0.537,23
0.53719997,23
0.53740001,23
0.53759998,23
0.53780001,23
0.53799999,23
0.53820002,23
0.53839999,23
0.53860003,23
0.5388,23
0.53899997,23
0.53920001,23
0.53939998,23
0.53960001,23
0.53979999,23
0.54000002,23
0.5402,23
0.54040003,23
0.5406,23
0.54079998,23
0.54100001,23
0.54119998,23
0.54140002,23
0.54159999,23
0.54180002,23
0.542,23
0.54220003,23
0.5424,23
0.54259998,23
0.54280001,23
0.54299998,23
0.54320002,23
0.54339999,23
0.54360002,23
0.5438,23
0.54400003,23
0.5442,23
0.54439998,23
0.54460001,23
0.54479998,23
0.54500002,23
0.54519999,23
0.54540002,23
0.5456,23
0.54579997,23
0.546,23
0.54619998,23
0.54640001,23
0.54659998,23
0.54680002,23
0.54699999,23
0.54720002,23
0.5474,23
0.54759997,23
0.5478,23
0.54799998,23
0.54820001,23
0.54839998,23
0.54860002,23
0.54879999,23
0.54900002,23
0.5492,23
0.54939997,23
0.54960001,23
0.54979998,23
0.55000001,23
0.55019999,23
0.55040002,23
0.55059999,23
0.55080003,23
0.551,23
0.55119997,23
0.55140001,23
0.55159998,23
0.55180001,23
0.55199999,23
0.55220002,23
0.55239999,23
0.55260003,23
0.5528,23
0.55299997,23
0.55320001,23
0.55339998,23
0.55360001,23
0.55379999,23
0.55400002,23
0.55419999,23
0.55440003,23
0.5546,23
0.55479997,23
0.55500001,23
0.55519998,23
0.55540001,23
0.55559999,23
0.55580002,23
0.55599999,23
0.55620003,23
0.5564,23
0.55659997,23
0.55680001,23
0.55699998,23
0.55720001,23
0.55739999,23
0.55760002,23
0.55779999,23
0.55800003,23
0.5582,23
0.55839998,23
0.55860001,23
0.55879998,23
0.55900002,23
0.55919999,23
0.55940002,23
0.5596,23
0.55980003,23
0.56,23
0.56019998,23
0.56040001,23
0.56059998,23
0.56080002,23
0.56099999,23
0.56120002,23
0.5614,23
0.56160003,23
0.5618,23
0.56199998,23
0.56220001,23
0.56239998,23
0.56260002,23
0.56279999,23
0.56300002,23
0.5632,23
0.56339997,23
0.5636,23
0.56379998,23
0.56400001,23
0.56419998,23
0.56440002,23
0.56459999,23
0.56480002,23
0.565,23
0.56519997,23
0.5654,23
0.56559998,23
0.56580001,23
0.56599998,23
0.56620002,23
0.56639999,23
0.56660002,23
0.5668,23
0.56699997,23
0.56720001,23
0.56739998,23
0.56760001,23
0.56779999,23
0.56800002,23
0.56819999,23
0.56840003,23
0.5686,23
0.56879997,23
0.56900001,23
0.56919998,23
0.56940001,23
0.56959999,23
0.56980002,23
0.56999999,23
0.57020003,23
0.5704,23
0.57059997,23
0.57080001,23
0.57099998,23
0.57120001,23
0.57139999,23
0.57160002,23
0.57179999,23
0.57200003,23
0.5722,23
0.57239997,23
0.57260001,23
0.57279998,23
0.57300001,23
0.57319999,23
0.57340002,23
0.57359999,23
0.57380003,23
0.574,23
0.57419997,23
0.57440001,23
0.57459998,23
0.57480001,23
0.57499999,23
0.57520002,23
0.57539999,23
0.57560003,23
0.5758,23
0.57599998,23
0.57620001,23
0.57639998,23
0.57660002,23
0.57679999,23
0.57700002,23
0.5772,23
0.57740003,23
0.5776,23
0.57779998,23
0.57800001,23
0.57819998,23
0.57840002,23
0.57859999,23
0.57880002,23
0.579,23
0.57920003,23
0.5794,23
0.57959998,23
0.57980001,23
0.57999998,23
0.58020002,23
0.58039999,23
0.58060002,23
0.5808,23
0.58099997,23
0.5812,23
0.58139998,23
0.58160001,23
0.58179998,23
0.58200002,23
0.58219999,23
0.58240002,23
0.5826,23
0.58279997,23
0.583,23
0.58319998,23
0.58340001,23
0.58359998,23
0.58380002,23
0.58399999,23
0.58420002,23
0.5844,23
0.58459997,23
0.5848,23
0.58499998,23
0.58520001,23
0.58539999,23
0.58560002,23
0.58579999,23
0.58600003,23
0.5862,23
0.58639997,23
0.58660001,23
0.58679998,23
0.58700001,23
0.58719999,23
0.58740002,23
0.58759999,23
0.58780003,23
0.588,23
0.58819997,23
0.58840001,23
0.58859998,23
0.58880001,23
0.58899999,23
0.58920002,23
0.58939999,23
0.58960003,23
0.5898,23
0.58999997,23
0.59020001,23
0.59039998,23
0.59060001,23
0.59079999,23
0.59100002,23
0.59119999,23
0.59140003,23
0.5916,23
0.59179997,23
0.59200001,23
0.59219998,23
0.59240001,23
0.59259999,23
0.59280002,23
0.59299999,23
0.59320003,23
0.5934,23
0.59359998,23
0.59380001,23
0.59399998,23
0.59420002,23
0.59439999,23
0.59460002,23
0.5948,23
0.59500003,23
0.5952,23
0.59539998,23
0.59560001,23
0.59579998,23
0.59600002,23
0.59619999,23
0.59640002,23
0.5966,23
0.59680003,23
0.597,23
0.59719998,23
0.59740001,23
0.59759998,23
0.59780002,23
0.59799999,23
0.59820002,23
0.5984,23
0.59859997,23
0.5988,23
0.59899998,23
0.59920001,23
0.59939998,23
0.59960002,23
0.59979999,23
0.60000002,23
0.6002,23
0.60039997,23
0.6006,23
0.60079998,23
0.60100001,23
0.60119998,23
0.60140002,23
0.60159999,23
0.60180002,23
0.602,23
0.60219997,23
0.6024,23
0.60259998,23
0.60280001,23
0.60299999,23
0.60320002,23
0.60339999,23
0.60360003,23
0.6038,23
0.60399997,23
0.60420001,23
0.60439998,23
0.60460001,23
0.60479999,23
0.60500002,23
0.60519999,23
0.60540003,23
0.6056,23
0.60579997,23
0.60600001,23
0.60619998,23
0.60640001,23
0.60659999,23
0.60680002,23
0.60699999,23
0.60720003,23
0.6074,23
0.60759997,23
0.60780001,23
0.60799998,23
0.60820001,23
0.60839999,23
0.60860002,23
0.60879999,23
0.60900003,23
0.6092,23
0.60939997,23
0.60960001,23
0.60979998,23
0.61000001,23
0.61019999,23
0.61040002,23
0.61059999,23
0.61080003,23
0.611,23
0.61119998,23
0.61140001,23
0.61159998,23
0.61180001,23
0.61199999,23
0.61220002,23
0.6124,23
0.61260003,23
0.6128,23
0.61299998,23
0.61320001,23
0.61339998,23
0.61360002,23
0.61379999,23
0.61400002,23
0.6142,23
0.61440003,23
0.6146,23
0.61479998,23
0.61500001,23
0.61519998,23
0.61540002,23
0.61559999,23
0.61580002,23
0.616,23
0.61619997,23
0.6164,23
0.61659998,23
0.61680001,23
0.61699998,23
0.61720002,23
0.61739999,23
0.61760002,23
0.6178,23
0.61799997,23
0.6182,23
0.61839998,23
0.61860001,23
0.61879998,23
0.61900002,23
0.61919999,23
0.61940002,23
0.6196,23
0.61979997,23
0.62,23
0.62019998,23
0.62040001,23
0.62059999,23
0.62080002,23
0.62099999,23
0.62120003,23
0.6214,23
0.62159997,23
0.62180001,23
0.62199998,23
0.62220001,23
0.62239999,23
0.62260002,23
0.62279999,23
0.62300003,23
0.6232,23
0.62339997,23
0.62360001,23
0.62379998,23
0.62400001,23
0.62419999,23
0.62440002,23
0.62459999,23
0.62480003,23
0.625,23
0.62519997,23
0.62540001,23
0.62559998,23
0.62580001,23
0.62599999,23
0.62620002,23
0.62639999,23
0.62660003,23
0.6268,23
0.62699997,23
0.62720001,23
0.62739998,23
0.62760001,23
0.62779999,23
0.62800002,23
0.62819999,23
0.62840003,23
0.6286,23
0.62879997,23
0.62900001,23
0.62919998,23
0.62940001,23
0.62959999,23
0.62980002,23
0.63,23
0.63020003,23
0.6304,23
0.63059998,23
0.63080001,23
0.63099998,23
0.63120002,23
0.63139999,23
0.63160002,23
0.6318,23
0.63200003,23
0.6322,23
0.63239998,23
0.63260001,23
0.63279998,23
0.63300002,23
0.63319999,23
0.63340002,23
0.6336,23
0.63380003,23
0.634,23
0.63419998,23
0.63440001,23
0.63459998,23
0.63480002,23
0.63499999,23
0.63520002,23
0.6354,23
0.63559997,23
0.6358,23
0.63599998,23
0.63620001,23
0.63639998,23
0.63660002,23
0.63679999,23
0.63700002,23
0.6372,23
0.63739997,23
0.6376,23
0.63779998,23
0.63800001,23
0.63819999,23
0.63840002,23
0.63859999,23
0.63880002,23
0.639,23
0.63919997,23
0.63940001,23
0.63959998,23
0.63980001,23
0.63999999,23
0.64020002,23
0.64039999,23
0.64060003,23
0.6408,23
0.64099997,23
0.64120001,23
0.64139998,23
0.64160001,23
0.64179999,23
0.64200002,23
0.64219999,23
0.64240003,23
0.6426,23
0.64279997,23
0.64300001,23
0.64319998,23
0.64340001,23
0.64359999,23
0.64380002,23
0.64399999,23
0.64420003,23
0.6444,23
0.64459997,23
0.64480001,23
0.64499998,23
0.64520001,23
0.64539999,23
0.64560002,23
0.64579999,23
0.64600003,23
0.6462,23
0.64639997,23
0.64660001,23
0.64679998,23
0.64700001,23
0.64719999,23
0.64740002,23
0.6476,23
0.64780003,23
0.648,23
0.64819998,23
0.64840001,23
0.64859998,23
0.64880002,23
0.64899999,23
0.64920002,23
0.6494,23
0.64960003,23
0.6498,23
0.64999998,23
0.65020001,23
0.65039998,23
0.65060002,23
0.65079999,23
0.65100002,23
0.6512,23
0.65140003,23
0.6516,23
0.65179998,23
0.65200001,23
0.65219998,23
0.65240002,23
0.65259999,23
0.65280002,23
0.653,23
0.65319997,23
0.6534,23
0.65359998,23
0.65380001,23
0.65399998,23
0.65420002,23
0.65439999,23
0.65460002,23
0.6548,23
0.65499997,23
0.6552,23
0.65539998,23
0.65560001,23
0.65579998,23
0.65600002,23
0.65619999,23
0.65640002,23
0.6566,23
0.65679997,23
0.65700001,23
0.65719998,23
0.65740001,23
0.65759999,23
0.65780002,23
0.65799999,23
0.65820003,23
0.6584,23
0.65859997,23
0.65880001,23
0.65899998,23
0.65920001,23
0.65939999,23
0.65960002,23
0.65979999,23
0.66000003,23
0.6602,23
0.66039997,23
0.66060001,23
0.66079998,23
0.66100001,23
0.66119999,23
0.66140002,23
0.66159999,23
0.66180003,23
0.662,23
0.66219997,23
0.66240001,23
0.66259998,23
0.66280001,23
0.66299999,23
0.66320002,23
0.66339999,23
0.66360003,23
0.6638,23
0.66399997,23
0.66420001,23
0.66439998,23
0.66460001,23
0.66479999,23
0.66500002,23
0.6652,23
0.66540003,23
0.6656,23
0.66579998,23
0.66600001,23
0.66619998,23
0.66640002,23
0.66659999,23
0.66680002,23
0.667,23
0.66720003,23
0.6674,23
0.66759998,23
0.66780001,23
0.66799998,23
0.66820002,23
0.66839999,23
0.66860002,23
0.6688,23
0.66900003,23
0.6692,23
0.66939998,23
0.66960001,23
0.66979998,23
0.67000002,23
0.67019999,23
0.67040002,23
0.6706,23
0.67079997,23
0.671,23
0.67119998,23
0.67140001,23
0.67159998,23
0.67180002,23
0.67199999,23
0.67220002,23
0.6724,23
0.67259997,23
0.6728,23
0.67299998,23
0.67320001,23
0.67339998,23
0.67360002,23
0.67379999,23
0.67400002,23
0.6742,23
0.67439997,23
0.67460001,23
0.67479998,23
0.67500001,23
0.67519999,23
0.67540002,23
0.67559999,23
0.67580003,23
0.676,23
0.67619997,23
0.67640001,23
0.67659998,23
0.67680001,23
0.67699999,23
0.67720002,23
0.67739999,23
0.67760003,23
0.6778,23
0.67799997,23
0.67820001,23
0.67839998,23
0.67860001,23
0.67879999,23
0.67900002,23
0.67919999,23
0.67940003,23
0.6796,23
0.67979997,23
0.68000001,23
0.68019998,23
0.68040001,23
0.68059999,23
0.68080002,23
0.68099999,23
0.68120003,23
0.6814,23
0.68159997,23
0.68180001,23
0.68199998,23
0.68220001,23
0.68239999,23
0.68260002,23
0.68279999,23
0.68300003,23
0.6832,23
0.68339998,23
0.68360001,23
0.68379998,23
0.68400002,23
0.68419999,23
0.68440002,23
0.6846,23
0.68480003,23
0.685,23
0.68519998,23
0.68540001,23
0.68559998,23
0.68580002,23
0.68599999,23
0.68620002,23
0.6864,23
0.68660003,23
0.6868,23
0.68699998,23
0.68720001,23
0.68739998,23
0.68760002,23
0.68779999,23
0.68800002,23
0.6882,23
0.68839997,23
0.6886,23
0.68879998,23
0.68900001,23
0.68919998,23
0.68940002,23
0.68959999,23
0.68980002,23
0.69,23
0.69019997,23
0.6904,23
0.69059998,23
0.69080001,23
0.69099998,23
0.69120002,23
0.69139999,23
0.69160002,23
0.6918,23
0.69199997,23
0.69220001,23
0.69239998,23
0.69260001,23
0.69279999,23
0.69300002,23
0.69319999,23
0.69340003,23
0.6936,23
0.69379997,23
0.69400001,23
0.69419998,23
0.69440001,23
0.69459999,23
0.69480002,23
0.69499999,23
0.69520003,23
0.6954,23
0.69559997,23
0.69580001,23
0.69599998,23
0.69620001,23
0.69639999,23
0.69660002,23
0.69679999,23
0.69700003,23
0.6972,23
0.69739997,23
0.69760001,23
0.69779998,23
0.69800001,23
0.69819999,23
0.69840002,23
0.69859999,23
0.69880003,23
0.699,23
0.69919997,23
0.69940001,23
0.69959998,23
0.69980001,23
0.69999999,23
0.70020002,23
0.70039999,23
0.70060003,23
0.7008,23
0.70099998,23
0.70120001,23
0.70139998,23
0.70160002,23
0.70179999,23
0.70200002,23
0.7022,23
0.70240003,23
0.7026,23
0.70279998,23
0.70300001,23
0.70319998,23
0.70340002,23
0.70359999,23
0.70380002,23
0.704,23
0.70420003,23
0.7044,23
0.70459998,23
0.70480001,23
0.70499998,23
0.70520002,23
0.70539999,23
0.70560002,23
0.7058,23
0.70599997,23
0.7062,23
0.70639998,23
0.70660001,23
0.70679998,23
0.70700002,23
0.70719999,23
0.70740002,23
0.7076,23
0.70779997,23
0.708,23
0.70819998,23
0.70840001,23
0.70859998,23
0.70880002,23
0.70899999,23
0.70920002,23
0.7094,23
0.70959997,23
0.7098,23
0.70999998,23
0.71020001,23
0.71039999,23
0.71060002,23
0.71079999,23
0.71100003,23
0.7112,23
0.71139997,23
0.71160001,23
0.71179998,23
0.71200001,23
0.71219999,23
0.71240002,23
0.71259999,23
0.71280003,23
0.713,23
0.71319997,23
0.71340001,23
0.71359998,23
0.71380001,23
0.71399999,23
0.71420002,23
0.71439999,23
0.71460003,23
0.7148,23
0.71499997,23
0.71520001,23
0.71539998,23
0.71560001,23
0.71579999,23
0.71600002,23
0.71619999,23
0.71640003,23
0.7166,23
0.71679997,23
0.71700001,23
0.71719998,23
0.71740001,23
0.71759999,23
0.71780002,23
0.71799999,23
0.71820003,23
0.7184,23
0.71859998,23
0.71880001,23
0.71899998,23
0.71920002,23
0.71939999,23
0.71960002,23
0.7198,23
0.72000003,23
0.7202,23
0.72039998,23
0.72060001,23
0.72079998,23
0.72100002,23
0.72119999,23
0.72140002,23
0.7216,23
0.72180003,23
0.722,23
0.72219998,23
0.72240001,23
0.72259998,23
0.72280002,23
0.72299999,23
0.72320002,23
0.7234,23
0.72359997,23
0.7238,23
0.72399998,23
0.72420001,23
0.72439998,23
0.72460002,23
0.72479999,23
0.72500002,23
0.7252,23
0.72539997,23
0.7256,23
0.72579998,23
0.72600001,23
0.72619998,23
0.72640002,23
0.72659999,23
0.72680002,23
0.727,23
0.72719997,23
0.7274,23
0.72759998,23
0.72780001,23
0.72799999,23
0.72820002,23
0.72839999,23
0.72860003,23
0.7288,23
0.72899997,23
0.72920001,23
0.72939998,23
0.72960001,23
0.72979999,23
0.73000002,23
0.73019999,23
0.73040003,23
0.7306,23
0.73079997,23
0.73100001,23
0.73119998,23
0.73140001,23
0.73159999,23
0.73180002,23
0.73199999,23
0.73220003,23
0.7324,23
0.73259997,23
0.73280001,23
0.73299998,23
0.73320001,23
0.73339999,23
0.73360002,23
0.73379999,23
0.73400003,23
0.7342,23
0.73439997,23
0.73460001,23
0.73479998,23
0.73500001,23
0.73519999,23
0.73540002,23
0.73559999,23
0.73580003,23
0.736,23
0.73619998,23
0.73640001,23
0.73659998,23
0.73680001,23
0.73699999,23
0.73720002,23
0.7374,23
0.73760003,23
0.7378,23
0.73799998,23
0.73820001,23
0.73839998,23
0.73860002,23
0.73879999,23
0.73900002,23
0.7392,23
0.73940003,23
0.7396,23
0.73979998,23
0.74000001,23
0.74019998,23
0.74040002,23
0.74059999,23
0.74080002,23
0.741,23
0.74119997,23
0.7414,23
0.74159998,23
0.74180001,23
0.74199998,23
0.74220002,23
0.74239999,23
0.74260002,23
0.7428,23
0.74299997,23
0.7432,23
0.74339998,23
0.74360001,23
0.74379998,23
0.74400002,23
0.74419999,23
0.74440002,23
0.7446,23
0.74479997,23
0.745,23
0.74519998,23
0.74540001,23
0.74559999,23
0.74580002,23
0.74599999,23
0.74620003,23
0.7464,23
0.74659997,23
0.74680001,23
0.74699998,23
0.74720001,23
0.74739999,23
0.74760002,23
0.74779999,23
0.74800003,23
0.7482,23
0.74839997,23
0.74860001,23
0.74879998,23
0.74900001,23
0.74919999,23
0.74940002,23
0.74959999,23
0.74980003,23
0.75,23
0.75019997,23
0.75040001,23
0.75059998,23
0.75080001,23
0.75099999,23
0.75120002,23
0.75139999,23
0.75160003,23
0.7518,23
0.75199997,23
0.75220001,23
0.75239998,23
0.75260001,23
0.75279999,23
0.75300002,23
0.75319999,23
0.75340003,23
0.7536,23
0.75379997,23
0.75400001,23
0.75419998,23
0.75440001,23
0.75459999,23
0.75480002,23
0.755,23
0.75520003,23
0.7554,23
0.75559998,23
0.75580001,23
0.75599998,23
0.75620002,23
0.75639999,23
0.75660002,23
0.7568,23
0.75700003,23
0.7572,23
0.75739998,23
0.75760001,23
0.75779998,23
0.75800002,23
0.75819999,23
0.75840002,23
0.7586,23
0.75880003,23
0.759,23
0.75919998,23
0.75940001,23
0.75959998,23
0.75980002,23
0.75999999,23
0.76020002,23
0.7604,23
0.76059997,23
0.7608,23
0.76099998,23
0.76120001,23
0.76139998,23
0.76160002,23
0.76179999,23
0.76200002,23
0.7622,23
0.76239997,23
0.7626,23
0.76279998,23
0.76300001,23
0.76319999,23
0.76340002,23
0.76359999,23
0.76380002,23
0.764,23
0.76419997,23
0.76440001,23
0.76459998,23
0.76480001,23
0.76499999,23
0.76520002,23
0.76539999,23
0.76560003,23
0.7658,23
0.76599997,23
0.76620001,23
0.76639998,23
0.76660001,23
0.76679999,23
0.76700002,23
0.76719999,23
0.76740003,23
0.7676,23
0.76779997,23
0.76800001,23
0.76819998,23
0.76840001,23
0.76859999,23
0.76880002,23
0.76899999,23
0.76920003,23
0.7694,23
0.76959997,23
0.76980001,23
0.76999998,23
0.77020001,23
0.77039999,23
0.77060002,23
0.77079999,23
0.77100003,23
0.7712,23
0.77139997,23
0.77160001,23
0.77179998,23
0.77200001,23
0.77219999,23
0.77240002,23
0.7726,23
0.77280003,23
0.773,23
0.77319998,23
0.77340001,23
0.77359998,23
0.77380002,23
0.77399999,23
0.77420002,23
0.7744,23
0.77460003,23
0.7748,23
0.77499998,23
0.77520001,23
0.77539998,23
0.77560002,23
0.77579999,23
0.77600002,23
0.7762,23
0.77640003,23
0.7766,23
0.77679998,23
0.77700001,23
0.77719998,23
0.77740002,23
0.77759999,23
0.77780002,23
0.778,23
0.77819997,23
0.7784,23
0.77859998,23
0.77880001,23
0.77899998,23
0.77920002,23
0.77939999,23
0.77960002,23
0.7798,23
0.77999997,23
0.7802,23
0.78039998,23
0.78060001,23
0.78079998,23
0.78100002,23
0.78119999,23
0.78140002,23
0.7816,23
0.78179997,23
0.78200001,23
0.78219998,23
0.78240001,23
0.78259999,23
0.78280002,23
0.78299999,23
0.78320003,23
0.7834,23
0.78359997,23
0.78380001,23
0.78399998,23
0.78420001,23
0.78439999,23
0.78460002,23
0.78479999,23
0.78500003,23
0.7852,23
0.78539997,23
0.78560001,23
0.78579998,23
0.78600001,23
0.78619999,23
0.78640002,23
0.78659999,23
0.78680003,23
0.787,23
0.78719997,23
0.78740001,23
0.78759998,23
0.78780001,23
0.78799999,23
0.78820002,23
0.78839999,23
0.78860003,23
0.7888,23
0.78899997,23
0.78920001,23
0.78939998,23
0.78960001,23
0.78979999,23
0.79000002,23
0.7902,23
0.79040003,23
0.7906,23
0.79079998,23
0.79100001,23
0.79119998,23
0.79140002,23
0.79159999,23
0.79180002,23
0.792,23
0.79220003,23
0.7924,23
0.79259998,23
0.79280001,23
0.79299998,23
0.79320002,23
0.79339999,23
0.79360002,23
0.7938,23
0.79400003,23
0.7942,23
0.79439998,23
0.79460001,23
0.79479998,23
0.79500002,23
0.79519999,23
0.79540002,23
0.7956,23
0.79579997,23
0.796,23
0.79619998,23
0.79640001,23
0.79659998,23
0.79680002,23
0.79699999,23
0.79720002,23
0.7974,23
0.79759997,23
0.7978,23
0.79799998,23
0.79820001,23
0.79839998,23
0.79860002,23
0.79879999,23
0.79900002,23
0.7992,23
0.79939997,23
0.79960001,23
0.79979998,23
0.80000001,23
0.80019999,23
0.80040002,23
0.80059999,23
0.80080003,23
0.801,23
0.80119997,23
0.80140001,23
0.80159998,23
0.80180001,23
0.80199999,23
0.80220002,23
0.80239999,23
0.80260003,23
0.8028,23
0.80299997,23
0.80320001,23
0.80339998,23
0.80360001,23
0.80379999,23
0.80400002,23
0.80419999,23
0.80440003,23
0.8046,23
0.80479997,23
0.80500001,23
0.80519998,23
0.80540001,23
0.80559999,23
0.80580002,23
0.80599999,23
0.80620003,23
0.8064,23
0.80659997,23
0.80680001,23
0.80699998,23
0.80720001,23
0.80739999,23
0.80760002,23
0.80779999,23
0.80800003,23
0.8082,23
0.80839998,23
0.80860001,23
0.80879998,23
0.80900002,23
0.80919999,23
0.80940002,23
0.8096,23
0.80980003,23
0.81,23
0.81019998,23
0.81040001,23
0.81059998,23
0.81080002,23
0.81099999,23
0.81120002,23
0.8114,23
0.81160003,23
0.8118,23
0.81199998,23
0.81220001,23
0.81239998,23
0.81260002,23
0.81279999,23
0.81300002,23
0.8132,23
0.81339997,23
0.8136,23
0.81379998,23
0.81400001,23
0.81419998,23
0.81440002,23
0.81459999,23
0.81480002,23
0.815,23
0.81519997,23
0.8154,23
0.81559998,23
0.81580001,23
0.81599998,23
0.81620002,23
0.81639999,23
0.81660002,23
0.8168,23
0.81699997,23
0.81720001,23
0.81739998,23
0.81760001,23
0.81779999,23
0.81800002,23
0.81819999,23
0.81840003,23
0.8186,23
0.81879997,23
0.81900001,23
0.81919998,23
0.81940001,23
0.81959999,23
0.81980002,23
0.81999999,23
0.82020003,23
0.8204,23
0.82059997,23
0.82080001,23
0.82099998,23
0.82120001,23
0.82139999,23
0.82160002,23
0.82179999,23
0.82200003,23
0.8222,23
0.82239997,23
0.82260001,23
0.82279998,23
0.82300001,23
0.82319999,23
0.82340002,23
0.82359999,23
0.82380003,23
0.824,23
0.82419997,23
0.82440001,23
0.82459998,23
0.82480001,23
0.82499999,23
0.82520002,23
0.82539999,23
0.82560003,23
0.8258,23
0.82599998,23
0.82620001,23
0.82639998,23
0.82660002,23
0.82679999,23
0.82700002,23
0.8272,23
0.82740003,23
0.8276,23
0.82779998,23
0.82800001,23
0.82819998,23
0.82840002,23
0.82859999,23
0.82880002,23
0.829,23
0.82920003,23
0.8294,23
0.82959998,23
0.82980001,23
0.82999998,23
0.83020002,23
0.83039999,23
0.83060002,23
0.8308,23
0.83099997,23
0.8312,23
0.83139998,23
0.83160001,23
0.83179998,23
0.83200002,23
0.83219999,23
0.83240002,23
0.8326,23
0.83279997,23
0.833,23
0.83319998,23
0.83340001,23
0.83359998,23
0.83380002,23
0.83399999,23
0.83420002,23
0.8344,23
0.83459997,23
0.8348,23
0.83499998,23
0.83520001,23
0.83539999,23
0.83560002,23
0.83579999,23
0.83600003,23
0.8362,23
0.83639997,23
0.83660001,23
0.83679998,23
0.83700001,23
0.83719999,23
0.83740002,23
0.83759999,23
0.83780003,23
0.838,23
0.83819997,23
0.83840001,23
0.83859998,23
0.83880001,23
0.83899999,23
0.83920002,23
0.83939999,23
0.83960003,23
0.8398,23
0.83999997,23
0.84020001,23
0.84039998,23
0.84060001,23
0.84079999,23
0.84100002,23
0.84119999,23
0.84140003,23
0.8416,23
0.84179997,23
0.84200001,23
0.84219998,23
0.84240001,23
0.84259999,23
0.84280002,23
0.84299999,23
0.84320003,23
0.8434,23
0.84359998,23
0.84380001,23
0.84399998,23
0.84420002,23
0.84439999,23
0.84460002,23
0.8448,23
0.84500003,23
0.8452,23
0.84539998,23
0.84560001,23
0.84579998,23
0.84600002,23
0.84619999,23
0.84640002,23
0.8466,23
0.84680003,23
0.847,23
0.84719998,23
0.84740001,23
0.84759998,23
0.84780002,23
0.84799999,23
0.84820002,23
0.8484,23
0.84859997,23
0.8488,23
0.84899998,23
0.84920001,23
0.84939998,23
0.84960002,23
0.84979999,23
0.85000002,23
0.8502,23
0.85039997,23
0.8506,23
0.85079998,23
0.85100001,23
0.85119998,23
0.85140002,23
0.85159999,23
0.85180002,23
0.852,23
0.85219997,23
0.8524,23
0.85259998,23
0.85280001,23
0.85299999,23
0.85320002,23
0.85339999,23
0.85360003,23
0.8538,23
0.85399997,23
0.85420001,23
0.85439998,23
0.85460001,23
0.85479999,23
0.85500002,23
0.85519999,23
0.85540003,23
0.8556,23
0.85579997,23
0.85600001,23
0.85619998,23
0.85640001,23
0.85659999,23
0.85680002,23
0.85699999,23
0.85720003,23
0.8574,23
0.85759997,23
0.85780001,23
0.85799998,23
0.85820001,23
0.85839999,23
0.85860002,23
0.85879999,23
0.85900003,23
0.8592,23
0.85939997,23
0.85960001,23
0.85979998,23
0.86000001,23
0.86019999,23
0.86040002,23
0.86059999,23
0.86080003,23
0.861,23
0.86119998,23
0.86140001,23
0.86159998,23
0.86180001,23
0.86199999,23
0.86220002,23
0.8624,23
0.86260003,23
0.8628,23
0.86299998,23
0.86320001,23
0.86339998,23
0.86360002,23
0.86379999,23
0.86400002,23
0.8642,23
0.86440003,23
0.8646,23
0.86479998,23
0.86500001,23
0.86519998,23
0.86540002,23
0.86559999,23
0.86580002,23
0.866,23
0.86619997,23
0.8664,23
0.86659998,23
0.86680001,23
0.86699998,23
0.86720002,23
0.86739999,23
0.86760002,23
0.8678,23
0.86799997,23
0.8682,23
0.86839998,23
0.86860001,23
0.86879998,23
0.86900002,23
0.86919999,23
0.86940002,23
0.8696,23
0.86979997,23
0.87,23
0.87019998,23
0.87040001,23
0.87059999,23
0.87080002,23
0.87099999,23
0.87120003,23
0.8714,23
0.87159997,23
0.87180001,23
0.87199998,23
0.87220001,23
0.87239999,23
0.87260002,23
0.87279999,23
0.87300003,23
0.8732,23
0.87339997,23
0.87360001,23
0.87379998,23
0.87400001,23
0.87419999,23
0.87440002,23
0.87459999,23
0.87480003,23
0.875,23
0.87519997,23
0.87540001,23
0.87559998,23
0.87580001,23
0.87599999,23
0.87620002,23
0.87639999,23
0.87660003,23
0.8768,23
0.87699997,23
0.87720001,23
0.87739998,23
0.87760001,23
0.87779999,23
0.87800002,23
0.87819999,23
0.87840003,23
0.8786,23
0.87879997,23
0.87900001,23
0.87919998,23
0.87940001,23
0.87959999,23
0.87980002,23
0.88,23
0.88020003,23
0.8804,23
0.88059998,23
0.88080001,23
0.88099998,23
0.88120002,23
0.88139999,23
0.88160002,23
0.8818,23
0.88200003,23
0.8822,23
0.88239998,23
0.88260001,23
0.88279998,23
0.88300002,23
0.88319999,23
0.88340002,23
0.8836,23
0.88380003,23
0.884,23
0.88419998,23
0.88440001,23
0.88459998,23
0.88480002,23
0.88499999,23
0.88520002,23
0.8854,23
0.88559997,23
0.8858,23
0.88599998,23
0.88620001,23
0.88639998,23
0.88660002,23
0.88679999,23
0.88700002,23
0.8872,23
0.88739997,23
0.8876,23
0.88779998,23
0.88800001,23
0.88819999,23
0.88840002,23
0.88859999,23
0.88880002,23
0.889,23
0.88919997,23
0.88940001,23
0.88959998,23
0.88980001,23
0.88999999,23
0.89020002,23
0.89039999,23
0.89060003,23
0.8908,23
0.89099997,23
0.89120001,23
0.89139998,23
0.89160001,23
0.89179999,23
0.89200002,23
0.89219999,23
0.89240003,23
0.8926,23
0.89279997,23
0.89300001,23
0.89319998,23
0.89340001,23
0.89359999,23
0.89380002,23
0.89399999,23
0.89420003,23
0.8944,23
0.89459997,23
0.89480001,23
0.89499998,23
0.89520001,23
0.89539999,23
0.89560002,23
0.89579999,23
0.89600003,23
0.8962,23
0.89639997,23
0.89660001,23
0.89679998,23
0.89700001,23
0.89719999,23
0.89740002,23
0.8976,23
0.89780003,23
0.898,23
0.89819998,23
0.89840001,23
0.89859998,23
0.89880002,23
0.89899999,23
0.89920002,23
0.8994,23
0.89960003,23
0.8998,23
0.89999998,23
0.90020001,23
0.90039998,23
0.90060002,23
0.90079999,23
0.90100002,23
0.9012,23
0.90140003,23
0.9016,23
0.90179998,23
0.90200001,23
0.90219998,23
0.90240002,23
0.90259999,23
0.90280002,23
0.903,23
0.90319997,23
0.9034,23
0.90359998,23
0.90380001,23
0.90399998,23
0.90420002,23
0.90439999,23
0.90460002,23
0.9048,23
0.90499997,23
0.9052,23
0.90539998,23
0.90560001,23
0.90579998,23
0.90600002,23
0.90619999,23
0.90640002,23
0.9066,23
0.90679997,23
0.90700001,23
0.90719998,23
0.90740001,23
0.90759999,23
0.90780002,23
0.90799999,23
0.90820003,23
0.9084,23
0.90859997,23
0.90880001,23
0.90899998,23
0.90920001,23
0.90939999,23
0.90960002,23
0.90979999,23
0.91000003,23
0.9102,23
0.91039997,23
0.91060001,23
0.91079998,23
0.91100001,23
0.91119999,23
0.91140002,23
0.91159999,23
0.91180003,23
0.912,23
0.91219997,23
0.91240001,23
0.91259998,23
0.91280001,23
0.91299999,23
0.91320002,23
0.91339999,23
0.91360003,23
0.9138,23
0.91399997,23
0.91420001,23
0.91439998,23
0.91460001,23
0.91479999,23
0.91500002,23
0.9152,23
0.91540003,23
0.9156,23
0.91579998,23
0.91600001,23
0.91619998,23
0.91640002,23
0.91659999,23
0.91680002,23
0.917,23
0.91720003,23
0.9174,23
0.91759998,23
0.91780001,23
0.91799998,23
0.91820002,23
0.91839999,23
0.91860002,23
0.9188,23
0.91900003,23
0.9192,23
0.91939998,23
0.91960001,23
0.91979998,23
0.92000002,23
0.92019999,23
0.92040002,23
0.9206,23
0.92079997,23
0.921,23
0.92119998,23
0.92140001,23
0.92159998,23
0.92180002,23
0.92199999,23
0.92220002,23
0.9224,23
0.92259997,23
0.9228,23
0.92299998,23
0.92320001,23
0.92339998,23
0.92360002,23
0.92379999,23
0.92400002,23
0.9242,23
0.92439997,23
0.92460001,23
0.92479998,23
0.92500001,23
0.92519999,23
0.92540002,23
0.92559999,23
0.92580003,23
0.926,23
0.92619997,23
0.92640001,23
0.92659998,23
0.92680001,23
0.92699999,23
0.92720002,23
0.92739999,23
0.92760003,23
0.9278,23
0.92799997,23
0.92820001,23
0.92839998,23
0.92860001,23
0.92879999,23
0.92900002,23
0.92919999,23
0.92940003,23
0.9296,23
0.92979997,23
0.93000001,23
0.93019998,23
0.93040001,23
0.93059999,23
0.93080002,23
0.93099999,23
0.93120003,23
0.9314,23
0.93159997,23
0.93180001,23
0.93199998,23
0.93220001,23
0.93239999,23
0.93260002,23
0.93279999,23
0.93300003,23
0.9332,23
0.93339998,23
0.93360001,23
0.93379998,23
0.93400002,23
0.93419999,23
0.93440002,23
0.9346,23
0.93480003,23
0.935,23
0.93519998,23
0.93540001,23
0.93559998,23
0.93580002,23
0.93599999,23
0.93620002,23
0.9364,23
0.93660003,23
0.9368,23
0.93699998,23
0.93720001,23
0.93739998,23
0.93760002,23
0.93779999,23
0.93800002,23
0.9382,23
0.93839997,23
0.9386,23
0.93879998,23
0.93900001,23
0.93919998,23
0.93940002,23
0.93959999,23
0.93980002,23
0.94,23
0.94019997,23
0.9404,23
0.94059998,23
0.94080001,23
0.94099998,23
0.94120002,23
0.94139999,23
0.94160002,23
0.9418,23
0.94199997,23
0.94220001,23
0.94239998,23
0.94260001,23
0.94279999,23
0.94300002,23
0.94319999,23
0.94340003,23
0.9436,23
0.94379997,23
0.94400001,23
0.94419998,23
0.94440001,23
0.94459999,23
0.94480002,23
0.94499999,23
0.94520003,23
0.9454,23
0.94559997,23
0.94580001,23
0.94599998,23
0.94620001,23
0.94639999,23
0.94660002,23
0.94679999,23
0.94700003,23
0.9472,23
0.94739997,23
0.94760001,23
0.94779998,23
0.94800001,23
0.94819999,23
0.94840002,23
0.94859999,23
0.94880003,23
0.949,23
0.94919997,23
0.94940001,23
0.94959998,23
0.94980001,23
0.94999999,23
0.95020002,23
0.95039999,23
0.95060003,23
0.9508,23
0.95099998,23
0.95120001,23
0.95139998,23
0.95160002,23
0.95179999,23
0.95200002,23
0.9522,23
0.95240003,23
0.9526,23
0.95279998,23
0.95300001,23
0.95319998,23
0.95340002,23
0.95359999,23
0.95380002,23
0.954,23
0.95420003,23
0.9544,23
0.95459998,23
0.95480001,23
0.95499998,23
0.95520002,23
0.95539999,23
0.95560002,23
0.9558,23
0.95599997,23
0.9562,23
0.95639998,23
0.95660001,23
0.95679998,23
0.95700002,23
0.95719999,23
0.95740002,23
0.9576,23
0.95779997,23
0.958,23
0.95819998,23
0.95840001,23
0.95859998,23
0.95880002,23
0.95899999,23
0.95920002,23
0.9594,23
0.95959997,23
0.9598,23
0.95999998,23
0.96020001,23
0.96039999,23
0.96060002,23
0.96079999,23
0.96100003,23
0.9612,23
0.96139997,23
0.96160001,23
0.96179998,23
0.96200001,23
0.96219999,23
0.96240002,23
0.96259999,23
0.96280003,23
0.963,23
0.96319997,23
0.96340001,23
0.96359998,23
0.96380001,23
0.96399999,23
0.96420002,23
0.96439999,23
0.96460003,23
0.9648,23
0.96499997,23
0.96520001,23
0.96539998,23
0.96560001,23
0.96579999,23
0.96600002,23
0.96619999,23
0.96640003,23
0.9666,23
0.96679997,23
0.96700001,23
0.96719998,23
0.96740001,23
0.96759999,23
0.96780002,23
0.96799999,23
0.96820003,23
0.9684,23
0.96859998,23
0.96880001,23
0.96899998,23
0.96920002,23
0.96939999,23
0.96960002,23
0.9698,23
0.97000003,23
0.9702,23
0.97039998,23
0.97060001,23
0.97079998,23
0.97100002,23
0.97119999,23
0.97140002,23
0.9716,23
0.97180003,23
0.972,23
0.97219998,23
0.97240001,23
0.97259998,23
0.97280002,23
0.97299999,23
0.97320002,23
0.9734,23
0.97359997,23
0.9738,23
0.97399998,23
0.97420001,23
0.97439998,23
0.97460002,23
0.97479999,23
0.97500002,23
0.9752,23
0.97539997,23
0.9756,23
0.97579998,23
0.97600001,23
0.97619998,23
0.97640002,23
0.97659999,23
0.97680002,23
0.977,23
0.97719997,23
0.9774,23
0.97759998,23
0.97780001,23
0.97799999,23
0.97820002,23
0.97839999,23
0.97860003,23
0.9788,23
0.97899997,23
0.97920001,23
0.97939998,23
0.97960001,23
0.97979999,23
0.98000002,23
0.98019999,23
0.98040003,23
0.9806,23
0.98079997,23
0.98100001,23
0.98119998,23
0.98140001,23
0.98159999,23
0.98180002,23
0.98199999,23
0.98220003,23
0.9824,23
0.98259997,23
0.98280001,23
0.98299998,23
0.98320001,23
0.98339999,23
0.98360002,23
0.98379999,23
0.98400003,23
0.9842,23
0.98439997,23
0.98460001,23
0.98479998,23
0.98500001,23
0.98519999,23
0.98540002,23
0.98559999,23
0.98580003,23
0.986,23
0.98619998,23
0.98640001,23
0.98659998,23
0.98680001,23
0.98699999,23
0.98720002,23
0.9874,23
0.98760003,23
0.9878,23
0.98799998,23
0.98820001,23
0.98839998,23
0.98860002,23
0.98879999,23
0.98900002,23
0.9892,23
0.98940003,23
0.9896,23
0.98979998,23
0.99000001,23
0.99019998,23
0.99040002,23
0.99059999,23
0.99080002,23
0.991,23
0.99119997,23
0.9914,23
0.99159998,23
0.99180001,23
0.99199998,23
0.99220002,23
0.99239999,23
0.99260002,23
0.9928,23
0.99299997,23
0.9932,23
0.99339998,23
0.99360001,23
0.99379998,23
0.99400002,23
0.99419999,23
0.99440002,23
0.9946,23
0.99479997,23
0.995,23
0.99519998,23
0.99540001,23
0.99559999,23
0.99580002,23
0.99599999,23
0.99620003,23
0.9964,23
0.99659997,23
0.99680001,23
0.99699998,23
0.99720001,23
0.99739999,23
0.99760002,23
0.99779999,23
0.99800003,23
0.9982,23
0.99839997,23
0.99860001,23
0.99879998,23
0.99900001,23
0.99919999,23
0.99940002,23
0.99959999,23
0.99980003,23
1,23
1,23
