"Time","der2.y","der4.y","der1.y","der3.y"
0,0,0,-0,0
0.00079999998,0,0,-0,0
0.0016,0,0,-0,0
0.0024000001,0,0,-0,0
0.0031999999,0,0,-0,0
0.0040000002,0,0,-0,0
0.0048000002,0,0,-0,0
0.0055999998,0,0,-0,0
0.0063999998,0,0,-0,0
0.0071999999,0,0,-0,0
0.0080000004,0,0,-0,0
0.0088,0,0,-0,0
0.0096000005,0,0,-0,0
0.0104,0,0,-0,0
0.0112,0,0,-0,0
0.012,0,0,-0,0
0.0128,0,0,-0,0
0.0136,0,0,-0,0
0.0144,0,0,-0,0
0.0152,0,0,-0,0
0.016000001,0,0,-0,0
0.016799999,0,0,-0,0
0.0176,0,0,-0,0
0.0184,0,0,-0,0
0.019200001,0,0,-0,0
0.02,0,0,-0,0
0.0208,0,0,-0,0
0.021600001,0,0,-0,0
0.022399999,0,0,-0,0
0.0232,0,0,-0,0
0.024,0,0,-0,0
0.024800001,0,0,-0,0
0.025599999,0,0,-0,0
0.0264,0,0,-0,0
0.0272,0,0,-0,0
0.028000001,0,0,-0,0
0.0288,0,0,-0,0
0.0296,0,0,-0,0
0.030400001,0,0,-0,0
0.031199999,0,0,-0,0
0.032000002,0,0,-0,0
0.0328,0,0,-0,0
0.033599999,0,0,-0,0
0.034400001,0,0,-0,0
0.0352,0,0,-0,0
0.035999998,0,0,-0,0
0.036800001,0,0,-0,0
0.037599999,0,0,-0,0
0.038400002,0,0,-0,0
0.0392,0,0,-0,0
0.039999999,0,0,-0,0
0.040800001,0,0,-0,0
0.0416,0,0,-0,0
0.042399999,0,0,-0,0
0.043200001,0,0,-0,0
0.044,0,0,-0,0
0.044799998,0,0,-0,0
0.045600001,0,0,-0,0
0.046399999,0,0,-0,0
0.047200002,0,0,-0,0
0.048,0,0,-0,0
0.048799999,0,0,-0,0
0.049600001,0,0,-0,0
0.0504,0,0,-0,0
0.051199999,0,0,-0,0
0.052000001,0,0,-0,0
0.0528,0,0,-0,0
0.053599998,0,0,-0,0
0.054400001,0,0,-0,0
0.055199999,0,0,-0,0
0.056000002,0,0,-0,0
0.0568,0,0,-0,0
0.057599999,0,0,-0,0
0.058400001,0,0,-0,0
0.0592,0,0,-0,0
0.059999999,0,0,-0,0
0.060800001,0,0,-0,0
0.0616,0,0,-0,0
0.062399998,0,0,-0,0
0.063199997,0,0,-0,0
0.064000003,0,0,-0,0
0.064800002,0,0,-0,0
0.0656,0,0,-0,0
0.066399999,0,0,-0,0
0.067199998,0,0,-0,0
0.068000004,0,0,-0,0
0.068800002,0,0,-0,0
0.069600001,0,0,-0,0
0.0704,0,0,-0,0
0.071199998,0,0,-0,0
0.071999997,0,0,-0,0
0.072800003,0,0,-0,0
0.073600002,0,0,-0,0
0.0744,0,0,-0,0
0.075199999,0,0,-0,0
0.075999998,0,0,-0,0
0.076800004,0,0,-0,0
0.077600002,0,0,-0,0
0.078400001,0,0,-0,0
0.0792,0,0,-0,0
0.079999998,0,0,-0,0
0.080799997,0,0,-0,0
0.081600003,0,0,-0,0
0.082400002,0,0,-0,0
0.0832,0,0,-0,0
0.083999999,0,0,-0,0
0.084799998,0,0,-0,0
0.085600004,0,0,-0,0
0.086400002,0,0,-0,0
0.087200001,0,0,-0,0
0.088,0,0,-0,0
0.088799998,0,0,-0,0
0.089599997,0,0,-0,0
0.090400003,0,0,-0,0
0.091200002,0,0,-0,0
0.092,0,0,-0,0
0.092799999,0,0,-0,0
0.093599997,0,0,-0,0
0.094400004,0,0,-0,0
0.095200002,0,0,-0,0
0.096000001,0,0,-0,0
0.096799999,0,0,-0,0
0.097599998,0,0,-0,0
0.098399997,0,0,-0,0
0.099200003,0,0,-0,0
0.1,0,0,-0,0
0.1008,0,0,-0,0
0.1016,0,0,-0,0
0.1024,0,0,-0,0
0.1032,0,0,-0,0
0.104,0,0,-0,0
0.1048,0,0,-0,0
0.1056,0,0,-0,0
0.1064,0,0,-0,0
0.1072,0,0,-0,0
0.108,0,0,-0,0
0.1088,0,0,-0,0
0.1096,0,0,-0,0
0.1104,0,0,-0,0
0.1112,0,0,-0,0
0.112,0,0,-0,0
0.1128,0,0,-0,0
0.1136,0,0,-0,0
0.1144,0,0,-0,0
0.1152,0,0,-0,0
0.116,0,0,-0,0
0.1168,0,0,-0,0
0.1176,0,0,-0,0
0.1184,0,0,-0,0
0.1192,0,0,-0,0
0.12,0,0,-0,0
0.1208,0,0,-0,0
0.1216,0,0,-0,0
0.1224,0,0,-0,0
0.1232,0,0,-0,0
0.124,0,0,-0,0
0.1248,0,0,-0,0
0.1256,0,0,-0,0
0.12639999,0,0,-0,0
0.12720001,0,0,-0,0
0.12800001,0,0,-0,0
0.1288,0,0,-0,0
0.1296,0,0,-0,0
0.1304,0,0,-0,0
0.1312,0,0,-0,0
0.132,0,0,-0,0
0.1328,0,0,-0,0
0.1336,0,0,-0,0
0.1344,0,0,-0,0
0.13519999,0,0,-0,0
0.13600001,0,0,-0,0
0.13680001,0,0,-0,0
0.1376,0,0,-0,0
0.1384,0,0,-0,0
0.1392,0,0,-0,0
0.14,0,0,-0,0
0.1408,0,0,-0,0
0.1416,0,0,-0,0
0.1424,0,0,-0,0
0.1432,0,0,-0,0
0.14399999,0,0,-0,0
0.14480001,0,0,-0,0
0.14560001,0,0,-0,0
0.1464,0,0,-0,0
0.1472,0,0,-0,0
0.148,0,0,-0,0
0.1488,0,0,-0,0
0.1496,0,0,-0,0
0.1504,0,0,-0,0
0.1512,0,0,-0,0
0.152,0,0,-0,0
0.15279999,0,0,-0,0
0.15360001,0,0,-0,0
0.15440001,0,0,-0,0
0.1552,0,0,-0,0
0.156,0,0,-0,0
0.1568,0,0,-0,0
0.1576,0,0,-0,0
0.1584,0,0,-0,0
0.1592,0,0,-0,0
0.16,0,0,-0,0
0.1608,0,0,-0,0
0.16159999,0,0,-0,0
0.16240001,0,0,-0,0
0.16320001,0,0,-0,0
0.164,0,0,-0,0
0.1648,0,0,-0,0
0.1656,0,0,-0,0
0.1664,0,0,-0,0
0.1672,0,0,-0,0
0.168,0,0,-0,0
0.1688,0,0,-0,0
0.1696,0,0,-0,0
0.17039999,0,0,-0,0
0.17120001,0,0,-0,0
0.17200001,0,0,-0,0
0.1728,0,0,-0,0
0.1736,0,0,-0,0
0.1744,0,0,-0,0
0.1752,0,0,-0,0
0.176,0,0,-0,0
0.1768,0,0,-0,0
0.1776,0,0,-0,0
0.17839999,0,0,-0,0
0.17919999,0,0,-0,0
0.18000001,0,0,-0,0
0.18080001,0,0,-0,0
0.1816,0,0,-0,0
0.1824,0,0,-0,0
0.1832,0,0,-0,0
0.184,0,0,-0,0
0.1848,0,0,-0,0
0.1856,0,0,-0,0
0.1864,0,0,-0,0
0.18719999,0,0,-0,0
0.18799999,0,0,-0,0
0.18880001,0,0,-0,0
0.18960001,0,0,-0,0
0.1904,0,0,-0,0
0.1912,0,0,-0,0
0.192,0,0,-0,0
0.1928,0,0,-0,0
0.1936,0,0,-0,0
0.1944,0,0,-0,0
0.1952,0,0,-0,0
0.19599999,0,0,-0,0
0.19679999,0,0,-0,0
0.19760001,0,0,-0,0
0.19840001,0,0,-0,0
0.1992,0,0,-0,0
0.2,0,0,-0,0
0.2008,0,0,-0,0
0.2016,0,0,-0,0
0.2024,0,0,-0,0
0.2032,0,0,-0,0
0.204,0,0,-0,0
0.20479999,0,0,-0,0
0.20559999,0,0,-0,0
0.20640001,0,0,-0,0
0.20720001,0,0,-0,0
0.208,0,0,-0,0
0.2088,0,0,-0,0
0.2096,0,0,-0,0
0.2104,0,0,-0,0
0.2112,0,0,-0,0
0.212,0,0,-0,0
0.2128,0,0,-0,0
0.21359999,0,0,-0,0
0.21439999,0,0,-0,0
0.21520001,0,0,-0,0
0.21600001,0,0,-0,0
0.2168,0,0,-0,0
0.2176,0,0,-0,0
0.2184,0,0,-0,0
0.2192,0,0,-0,0
0.22,0,0,-0,0
0.2208,0,0,-0,0
0.2216,0,0,-0,0
0.22239999,0,0,-0,0
0.22319999,0,0,-0,0
0.22400001,0,0,-0,0
0.22480001,0,0,-0,0
0.2256,0,0,-0,0
0.2264,0,0,-0,0
0.2272,0,0,-0,0
0.228,0,0,-0,0
0.2288,0,0,-0,0
0.2296,0,0,-0,0
0.2304,0,0,-0,0
0.23119999,0,0,-0,0
0.23199999,0,0,-0,0
0.23280001,0,0,-0,0
0.23360001,0,0,-0,0
0.2344,0,0,-0,0
0.2352,0,0,-0,0
0.236,0,0,-0,0
0.2368,0,0,-0,0
0.2376,0,0,-0,0
0.2384,0,0,-0,0
0.2392,0,0,-0,0
0.23999999,0,0,-0,0
0.24079999,0,0,-0,0
0.24160001,0,0,-0,0
0.24240001,0,0,-0,0
0.2432,0,0,-0,0
0.244,0,0,-0,0
0.2448,0,0,-0,0
0.2456,0,0,-0,0
0.2464,0,0,-0,0
0.2472,0,0,-0,0
0.248,0,0,-0,0
0.24879999,0,0,-0,0
0.24959999,0,0,-0,0
0.25040001,0,0,-0,0
0.25119999,0,0,-0,0
0.252,0,0,-0,0
0.25279999,0,0,-0,0
0.2536,0,0,-0,0
0.25440001,0,0,-0,0
0.2552,0,0,-0,0
0.25600001,0,0,-0,0
0.2568,0,0,-0,0
0.25760001,0,0,-0,0
0.25839999,0,0,-0,0
0.25920001,0,0,-0,0
0.25999999,0,0,-0,0
0.2608,0,0,-0,0
0.26159999,0,0,-0,0
0.2624,0,0,-0,0
0.26320001,0,0,-0,0
0.264,0,0,-0,0
0.26480001,0,0,-0,0
0.2656,0,0,-0,0
0.26640001,0,0,-0,0
0.26719999,0,0,-0,0
0.26800001,0,0,-0,0
0.26879999,0,0,-0,0
0.2696,0,0,-0,0
0.27039999,0,0,-0,0
0.2712,0,0,-0,0
0.27200001,0,0,-0,0
0.2728,0,0,-0,0
0.27360001,0,0,-0,0
0.2744,0,0,-0,0
0.27520001,0,0,-0,0
0.27599999,0,0,-0,0
0.27680001,0,0,-0,0
0.27759999,0,0,-0,0
0.2784,0,0,-0,0
0.27919999,0,0,-0,0
0.28,0,0,-0,0
0.28080001,0,0,-0,0
0.2816,0,0,-0,0
0.28240001,0,0,-0,0
0.2832,0,0,-0,0
0.28400001,0,0,-0,0
0.28479999,0,0,-0,0
0.28560001,0,0,-0,0
0.28639999,0,0,-0,0
0.2872,0,0,-0,0
0.28799999,0,0,-0,0
0.2888,0,0,-0,0
0.28960001,0,0,-0,0
0.2904,0,0,-0,0
0.29120001,0,0,-0,0
0.292,0,0,-0,0
0.29280001,0,0,-0,0
0.29359999,0,0,-0,0
0.29440001,0,0,-0,0
0.29519999,0,0,-0,0
0.296,0,0,-0,0
0.29679999,0,0,-0,0
0.2976,0,0,-0,0
0.29840001,0,0,-0,0
0.2992,0,0,-0,0
0.30000001,0,0,-0,0
0.3008,0,0,-0,0
0.30160001,0,0,-0,0
0.30239999,0,0,-0,0
0.30320001,0,0,-0,0
0.30399999,0,0,-0,0
0.3048,0,0,-0,0
0.30559999,0,0,-0,0
0.3064,0,0,-0,0
0.30720001,0,0,-0,0
0.308,0,0,-0,0
0.30880001,0,0,-0,0
0.3096,0,0,-0,0
0.31040001,0,0,-0,0
0.31119999,0,0,-0,0
0.31200001,0,0,-0,0
0.31279999,0,0,-0,0
0.3136,0,0,-0,0
0.31439999,0,0,-0,0
0.3152,0,0,-0,0
0.31600001,0,0,-0,0
0.3168,0,0,-0,0
0.31760001,0,0,-0,0
0.3184,0,0,-0,0
0.31920001,0,0,-0,0
0.31999999,0,0,-0,0
0.32080001,0,0,-0,0
0.32159999,0,0,-0,0
0.3224,0,0,-0,0
0.32319999,0,0,-0,0
0.324,0,0,-0,0
0.32480001,0,0,-0,0
0.3256,0,0,-0,0
0.32640001,0,0,-0,0
0.3272,0,0,-0,0
0.32800001,0,0,-0,0
0.32879999,0,0,-0,0
0.32960001,0,0,-0,0
0.33039999,0,0,-0,0
0.3312,0,0,-0,0
0.33199999,0,0,-0,0
0.3328,0,0,-0,0
0.33360001,0,0,-0,0
0.3344,0,0,-0,0
0.33520001,0,0,-0,0
0.336,0,0,-0,0
0.33680001,0,0,-0,0
0.33759999,0,0,-0,0
0.33840001,0,0,-0,0
0.33919999,0,0,-0,0
0.34,0,0,-0,0
0.34079999,0,0,-0,0
0.3416,0,0,-0,0
0.34240001,0,0,-0,0
0.3432,0,0,-0,0
0.34400001,0,0,-0,0
0.3448,0,0,-0,0
0.34560001,0,0,-0,0
0.34639999,0,0,-0,0
0.34720001,0,0,-0,0
0.34799999,0,0,-0,0
0.3488,0,0,-0,0
0.34959999,0,0,-0,0
0.3504,0,0,-0,0
0.35120001,0,0,-0,0
0.352,0,0,-0,0
0.35280001,0,0,-0,0
0.3536,0,0,-0,0
0.35440001,0,0,-0,0
0.35519999,0,0,-0,0
0.35600001,0,0,-0,0
0.35679999,0,0,-0,0
0.3576,0,0,-0,0
0.35839999,0,0,-0,0
0.3592,0,0,-0,0
0.36000001,0,0,-0,0
0.3608,0,0,-0,0
0.36160001,0,0,-0,0
0.3624,0,0,-0,0
0.36320001,0,0,-0,0
0.36399999,0,0,-0,0
0.36480001,0,0,-0,0
0.36559999,0,0,-0,0
0.3664,0,0,-0,0
0.36719999,0,0,-0,0
0.368,0,0,-0,0
0.36880001,0,0,-0,0
0.3696,0,0,-0,0
0.37040001,0,0,-0,0
0.3712,0,0,-0,0
0.37200001,0,0,-0,0
0.37279999,0,0,-0,0
0.37360001,0,0,-0,0
0.37439999,0,0,-0,0
0.3752,0,0,-0,0
0.37599999,0,0,-0,0
0.3768,0,0,-0,0
0.37760001,0,0,-0,0
0.3784,0,0,-0,0
0.37920001,0,0,-0,0
0.38,0,0,-0,0
0.38080001,0,0,-0,0
0.38159999,0,0,-0,0
0.38240001,0,0,-0,0
0.38319999,0,0,-0,0
0.384,0,0,-0,0
0.38479999,0,0,-0,0
0.3856,0,0,-0,0
0.38640001,0,0,-0,0
0.3872,0,0,-0,0
0.38800001,0,0,-0,0
0.3888,0,0,-0,0
0.38960001,0,0,-0,0
0.39039999,0,0,-0,0
0.39120001,0,0,-0,0
0.39199999,0,0,-0,0
0.3928,0,0,-0,0
0.39359999,0,0,-0,0
0.3944,0,0,-0,0
0.39520001,0,0,-0,0
0.396,0,0,-0,0
0.39680001,0,0,-0,0
0.3976,0,0,-0,0
0.39840001,0,0,-0,0
0.39919999,0,0,-0,0
0.40000001,0,0,-0,0
0.40079999,0,0,-0,0
0.4016,0,0,-0,0
0.40239999,0,0,-0,0
0.4032,0,0,-0,0
0.40400001,0,0,-0,0
0.4048,0,0,-0,0
0.40560001,0,0,-0,0
0.4064,0,0,-0,0
0.40720001,0,0,-0,0
0.40799999,0,0,-0,0
0.40880001,0,0,-0,0
0.40959999,0,0,-0,0
0.4104,0,0,-0,0
0.41119999,0,0,-0,0
0.412,0,0,-0,0
0.41280001,0,0,-0,0
0.4136,0,0,-0,0
0.41440001,0,0,-0,0
0.4152,0,0,-0,0
0.41600001,0,0,-0,0
0.41679999,0,0,-0,0
0.41760001,0,0,-0,0
0.41839999,0,0,-0,0
0.4192,0,0,-0,0
0.41999999,0,0,-0,0
0.4208,0,0,-0,0
0.42160001,0,0,-0,0
0.4224,0,0,-0,0
0.42320001,0,0,-0,0
0.42399999,0,0,-0,0
0.42480001,0,0,-0,0
0.42559999,0,0,-0,0
0.42640001,0,0,-0,0
0.42719999,0,0,-0,0
0.428,0,0,-0,0
0.42879999,0,0,-0,0
0.4296,0,0,-0,0
0.43040001,0,0,-0,0
0.4312,0,0,-0,0
0.43200001,0,0,-0,0
0.43279999,0,0,-0,0
0.43360001,0,0,-0,0
0.43439999,0,0,-0,0
0.43520001,0,0,-0,0
0.43599999,0,0,-0,0
0.4368,0,0,-0,0
0.43759999,0,0,-0,0
0.4384,0,0,-0,0
0.43920001,0,0,-0,0
0.44,0,0,-0,0
0.44080001,0,0,-0,0
0.44159999,0,0,-0,0
0.44240001,0,0,-0,0
0.44319999,0,0,-0,0
0.44400001,0,0,-0,0
0.44479999,0,0,-0,0
0.4456,0,0,-0,0
0.44639999,0,0,-0,0
0.4472,0,0,-0,0
0.44800001,0,0,-0,0
0.4488,0,0,-0,0
0.44960001,0,0,-0,0
0.45039999,0,0,-0,0
0.45120001,0,0,-0,0
0.45199999,0,0,-0,0
0.45280001,0,0,-0,0
0.45359999,0,0,-0,0
0.4544,0,0,-0,0
0.45519999,0,0,-0,0
0.456,0,0,-0,0
0.45680001,0,0,-0,0
0.4576,0,0,-0,0
0.45840001,0,0,-0,0
0.45919999,0,0,-0,0
0.46000001,0,0,-0,0
0.46079999,0,0,-0,0
0.46160001,0,0,-0,0
0.46239999,0,0,-0,0
0.4632,0,0,-0,0
0.46399999,0,0,-0,0
0.4648,0,0,-0,0
0.46560001,0,0,-0,0
0.4664,0,0,-0,0
0.46720001,0,0,-0,0
0.46799999,0,0,-0,0
0.46880001,0,0,-0,0
0.46959999,0,0,-0,0
0.47040001,0,0,-0,0
0.47119999,0,0,-0,0
0.472,0,0,-0,0
0.47279999,0,0,-0,0
0.4736,0,0,-0,0
0.47440001,0,0,-0,0
0.4752,0,0,-0,0
0.47600001,0,0,-0,0
0.47679999,0,0,-0,0
0.47760001,0,0,-0,0
0.47839999,0,0,-0,0
0.47920001,0,0,-0,0
0.47999999,0,0,-0,0
0.4808,0,0,-0,0
0.48159999,0,0,-0,0
0.4824,0,0,-0,0
0.48320001,0,0,-0,0
0.484,0,0,-0,0
0.48480001,0,0,-0,0
0.48559999,0,0,-0,0
0.48640001,0,0,-0,0
0.48719999,0,0,-0,0
0.48800001,0,0,-0,0
0.48879999,0,0,-0,0
0.4896,0,0,-0,0
0.49039999,0,0,-0,0
0.4912,0,0,-0,0
0.49200001,0,0,-0,0
0.4928,0,0,-0,0
0.49360001,0,0,-0,0
0.49439999,0,0,-0,0
0.49520001,0,0,-0,0
0.49599999,0,0,-0,0
0.49680001,0,0,-0,0
0.49759999,0,0,-0,0
0.4984,0,0,-0,0
0.49919999,0,0,-0,0
0.5,0,0,-0,0
0.50080001,0,0,-0,0
0.50160003,0,0,-0,0
0.50239998,0,0,-0,0
0.50319999,0,0,-0,0
0.50400001,0,0,-0,0
0.50480002,0,0,-0,0
0.50559998,0,0,-0,0
0.50639999,0,0,-0,0
0.5072,0,0,-0,0
0.50800002,0,0,-0,0
0.50880003,0,0,-0,0
0.50959998,0,0,-0,0
0.5104,0,0,-0,0
0.51120001,0,0,-0,0
0.51200002,0,0,-0,0
0.51279998,0,0,-0,0
0.51359999,0,0,-0,0
0.51440001,0,0,-0,0
0.51520002,0,0,-0,0
0.51599997,0,0,-0,0
0.51679999,0,0,-0,0
0.5176,0,0,-0,0
0.51840001,0,0,-0,0
0.51920003,0,0,-0,0
0.51999998,0,0,-0,0
0.52079999,0,0,-0,0
0.52160001,0,0,-0,0
0.52240002,0,0,-0,0
0.52319998,0,0,-0,0
0.52399999,0,0,-0,0
0.5248,0,0,-0,0
0.52560002,0,0,-0,0
0.52640003,0,0,-0,0
0.52719998,0,0,-0,0
0.528,0,0,-0,0
0.52880001,0,0,-0,0
0.52960002,0,0,-0,0
0.53039998,0,0,-0,0
0.53119999,0,0,-0,0
0.53200001,0,0,-0,0
0.53280002,0,0,-0,0
0.53359997,0,0,-0,0
0.53439999,0,0,-0,0
0.5352,0,0,-0,0
0.53600001,0,0,-0,0
0.53680003,0,0,-0,0
0.53759998,0,0,-0,0
0.53839999,0,0,-0,0
0.53920001,0,0,-0,0
0.54000002,0,0,-0,0
0.54079998,0,0,-0,0
0.54159999,0,0,-0,0
0.5424,0,0,-0,0
0.54320002,0,0,-0,0
0.54400003,0,0,-0,0
0.54479998,0,0,-0,0
0.5456,0,0,-0,0
0.54640001,0,0,-0,0
0.54720002,0,0,-0,0
0.54799998,0,0,-0,0
0.54879999,0,0,-0,0
0.54960001,0,0,-0,0
0.55040002,0,0,-0,0
0.55119997,0,0,-0,0
0.55199999,0,0,-0,0
0.5528,0,0,-0,0
0.55360001,0,0,-0,0
0.55440003,0,0,-0,0
0.55519998,0,0,-0,0
0.55599999,0,0,-0,0
0.55680001,0,0,-0,0
0.55760002,0,0,-0,0
0.55839998,0,0,-0,0
0.55919999,0,0,-0,0
0.56,0,0,-0,0
0.56080002,0,0,-0,0
0.56160003,0,0,-0,0
0.56239998,0,0,-0,0
0.5632,0,0,-0,0
0.56400001,0,0,-0,0
0.56480002,0,0,-0,0
0.56559998,0,0,-0,0
0.56639999,0,0,-0,0
0.56720001,0,0,-0,0
0.56800002,0,0,-0,0
0.56879997,0,0,-0,0
0.56959999,0,0,-0,0
0.5704,0,0,-0,0
0.57120001,0,0,-0,0
0.57200003,0,0,-0,0
0.57279998,0,0,-0,0
0.57359999,0,0,-0,0
0.57440001,0,0,-0,0
0.57520002,0,0,-0,0
0.57599998,0,0,-0,0
0.57679999,0,0,-0,0
0.5776,0,0,-0,0
0.57840002,0,0,-0,0
0.57920003,0,0,-0,0
0.57999998,0,0,-0,0
0.5808,0,0,-0,0
0.58160001,0,0,-0,0
0.58240002,0,0,-0,0
0.58319998,0,0,-0,0
0.58399999,0,0,-0,0
0.5848,0,0,-0,0
0.58560002,0,0,-0,0
0.58639997,0,0,-0,0
0.58719999,0,0,-0,0
0.588,0,0,-0,0
0.58880001,0,0,-0,0
0.58960003,0,0,-0,0
0.59039998,0,0,-0,0
0.59119999,0,0,-0,0
0.59200001,0,0,-0,0
0.59280002,0,0,-0,0
0.59359998,0,0,-0,0
0.59439999,0,0,-0,0
0.5952,0,0,-0,0
0.59600002,0,0,-0,0
0.59680003,0,0,-0,0
0.59759998,0,0,-0,0
0.5984,0,0,-0,0
0.59920001,0,0,-0,0
0.60000002,0,0,-0,0
0.60079998,0,0,-0,0
0.60159999,0,0,-0,0
0.6024,0,0,-0,0
0.60320002,0,0,-0,0
0.60399997,0,0,-0,0
0.60479999,0,0,-0,0
0.6056,0,0,-0,0
0.60640001,0,0,-0,0
0.60720003,0,0,-0,0
0.60799998,0,0,-0,0
0.60879999,0,0,-0,0
0.60960001,0,0,-0,0
0.61040002,0,0,-0,0
0.61119998,0,0,-0,0
0.61199999,0,0,-0,0
0.6128,0,0,-0,0
0.61360002,0,0,-0,0
0.61440003,0,0,-0,0
0.61519998,0,0,-0,0
0.616,0,0,-0,0
0.61680001,0,0,-0,0
0.61760002,0,0,-0,0
0.61839998,0,0,-0,0
0.61919999,0,0,-0,0
0.62,0,0,-0,0
0.62080002,0,0,-0,0
0.62159997,0,0,-0,0
0.62239999,0,0,-0,0
0.6232,0,0,-0,0
0.62400001,0,0,-0,0
0.62480003,0,0,-0,0
0.62559998,0,0,-0,0
0.62639999,0,0,-0,0
0.62720001,0,0,-0,0
0.62800002,0,0,-0,0
0.62879997,0,0,-0,0
0.62959999,0,0,-0,0
0.6304,0,0,-0,0
0.63120002,0,0,-0,0
0.63200003,0,0,-0,0
0.63279998,0,0,-0,0
0.6336,0,0,-0,0
0.63440001,0,0,-0,0
0.63520002,0,0,-0,0
0.63599998,0,0,-0,0
0.63679999,0,0,-0,0
0.6376,0,0,-0,0
0.63840002,0,0,-0,0
0.63919997,0,0,-0,0
0.63999999,0,0,-0,0
0.6408,0,0,-0,0
0.64160001,0,0,-0,0
0.64240003,0,0,-0,0
0.64319998,0,0,-0,0
0.64399999,0,0,-0,0
0.64480001,0,0,-0,0
0.64560002,0,0,-0,0
0.64639997,0,0,-0,0
0.64719999,0,0,-0,0
0.648,0,0,-0,0
0.64880002,0,0,-0,0
0.64960003,0,0,-0,0
0.65039998,0,0,-0,0
0.6512,0,0,-0,0
0.65200001,0,0,-0,0
0.65280002,0,0,-0,0
0.65359998,0,0,-0,0
0.65439999,0,0,-0,0
0.6552,0,0,-0,0
0.65600002,0,0,-0,0
0.65679997,0,0,-0,0
0.65759999,0,0,-0,0
0.6584,0,0,-0,0
0.65920001,0,0,-0,0
0.66000003,0,0,-0,0
0.66079998,0,0,-0,0
0.66159999,0,0,-0,0
0.66240001,0,0,-0,0
0.66320002,0,0,-0,0
0.66399997,0,0,-0,0
0.66479999,0,0,-0,0
0.6656,0,0,-0,0
0.66640002,0,0,-0,0
0.66720003,0,0,-0,0
0.66799998,0,0,-0,0
0.6688,0,0,-0,0
0.66960001,0,0,-0,0
0.67040002,0,0,-0,0
0.67119998,0,0,-0,0
0.67199999,0,0,-0,0
0.6728,0,0,-0,0
0.67360002,0,0,-0,0
0.67439997,0,0,-0,0
0.67519999,0,0,-0,0
0.676,0,0,-0,0
0.67680001,0,0,-0,0
0.67760003,0,0,-0,0
0.67839998,0,0,-0,0
0.67919999,0,0,-0,0
0.68000001,0,0,-0,0
0.68080002,0,0,-0,0
0.68159997,0,0,-0,0
0.68239999,0,0,-0,0
0.6832,0,0,-0,0
0.68400002,0,0,-0,0
0.68480003,0,0,-0,0
0.68559998,0,0,-0,0
0.6864,0,0,-0,0
0.68720001,0,0,-0,0
0.68800002,0,0,-0,0
0.68879998,0,0,-0,0
0.68959999,0,0,-0,0
0.6904,0,0,-0,0
0.69120002,0,0,-0,0
0.69199997,0,0,-0,0
0.69279999,0,0,-0,0
0.6936,0,0,-0,0
0.69440001,0,0,-0,0
0.69520003,0,0,-0,0
0.69599998,0,0,-0,0
0.69679999,0,0,-0,0
0.69760001,0,0,-0,0
0.69840002,0,0,-0,0
0.69919997,0,0,-0,0
0.69999999,0,0,-0,0
0.7008,0,0,-0,0
0.70160002,0,0,-0,0
0.70240003,0,0,-0,0
0.70319998,0,0,-0,0
0.704,0,0,-0,0
0.70480001,0,0,-0,0
0.70560002,0,0,-0,0
0.70639998,0,0,-0,0
0.70719999,0,0,-0,0
0.708,0,0,-0,0
0.70880002,0,0,-0,0
0.70959997,0,0,-0,0
0.71039999,0,0,-0,0
0.7112,0,0,-0,0
0.71200001,0,0,-0,0
0.71280003,0,0,-0,0
0.71359998,0,0,-0,0
0.71439999,0,0,-0,0
0.71520001,0,0,-0,0
0.71600002,0,0,-0,0
0.71679997,0,0,-0,0
0.71759999,0,0,-0,0
0.7184,0,0,-0,0
0.71920002,0,0,-0,0
0.72000003,0,0,-0,0
0.72079998,0,0,-0,0
0.7216,0,0,-0,0
0.72240001,0,0,-0,0
0.72320002,0,0,-0,0
0.72399998,0,0,-0,0
0.72479999,0,0,-0,0
0.7256,0,0,-0,0
0.72640002,0,0,-0,0
0.72719997,0,0,-0,0
0.72799999,0,0,-0,0
0.7288,0,0,-0,0
0.72960001,0,0,-0,0
0.73040003,0,0,-0,0
0.73119998,0,0,-0,0
0.73199999,0,0,-0,0
0.73280001,0,0,-0,0
0.73360002,0,0,-0,0
0.73439997,0,0,-0,0
0.73519999,0,0,-0,0
0.736,0,0,-0,0
0.73680001,0,0,-0,0
0.73760003,0,0,-0,0
0.73839998,0,0,-0,0
0.7392,0,0,-0,0
0.74000001,0,0,-0,0
0.74080002,0,0,-0,0
0.74159998,0,0,-0,0
0.74239999,0,0,-0,0
0.7432,0,0,-0,0
0.74400002,0,0,-0,0
0.74479997,0,0,-0,0
0.74559999,0,0,-0,0
0.7464,0,0,-0,0
0.74720001,0,0,-0,0
0.74800003,0,0,-0,0
0.74879998,0,0,-0,0
0.74959999,0,0,-0,0
0.75040001,0,0,-0,0
0.75120002,0,0,-0,0
0.75199997,0,0,-0,0
0.75279999,0,0,-0,0
0.7536,0,0,-0,0
0.75440001,0,0,-0,0
0.75520003,0,0,-0,0
0.75599998,0,0,-0,0
0.7568,0,0,-0,0
0.75760001,0,0,-0,0
0.75840002,0,0,-0,0
0.75919998,0,0,-0,0
0.75999999,0,0,-0,0
0.7608,0,0,-0,0
0.76160002,0,0,-0,0
0.76239997,0,0,-0,0
0.76319999,0,0,-0,0
0.764,0,0,-0,0
0.76480001,0,0,-0,0
0.76560003,0,0,-0,0
0.76639998,0,0,-0,0
0.76719999,0,0,-0,0
0.76800001,0,0,-0,0
0.76880002,0,0,-0,0
0.76959997,0,0,-0,0
0.77039999,0,0,-0,0
0.7712,0,0,-0,0
0.77200001,0,0,-0,0
0.77280003,0,0,-0,0
0.77359998,0,0,-0,0
0.7744,0,0,-0,0
0.77520001,0,0,-0,0
0.77600002,0,0,-0,0
0.77679998,0,0,-0,0
0.77759999,0,0,-0,0
0.7784,0,0,-0,0
0.77920002,0,0,-0,0
0.77999997,0,0,-0,0
0.78079998,0,0,-0,0
0.7816,0,0,-0,0
0.78240001,0,0,-0,0
0.78320003,0,0,-0,0
0.78399998,0,0,-0,0
0.78479999,0,0,-0,0
0.78560001,0,0,-0,0
0.78640002,0,0,-0,0
0.78719997,0,0,-0,0
0.78799999,0,0,-0,0
0.7888,0,0,-0,0
0.78960001,0,0,-0,0
0.79040003,0,0,-0,0
0.79119998,0,0,-0,0
0.792,0,0,-0,0
0.79280001,0,0,-0,0
0.79360002,0,0,-0,0
0.79439998,0,0,-0,0
0.79519999,0,0,-0,0
0.796,0,0,-0,0
0.79680002,0,0,-0,0
0.79759997,0,0,-0,0
0.79839998,0,0,-0,0
0.7992,0,0,-0,0
0.80000001,0,0,-0,0
0.80080003,0,0,-0,0
0.80159998,0,0,-0,0
0.80239999,0,0,-0,0
0.80320001,0,0,-0,0
0.80400002,0,0,-0,0
0.80479997,0,0,-0,0
0.80559999,0,0,-0,0
0.8064,0,0,-0,0
0.80720001,0,0,-0,0
0.80800003,0,0,-0,0
0.80879998,0,0,-0,0
0.8096,0,0,-0,0
0.81040001,0,0,-0,0
0.81120002,0,0,-0,0
0.81199998,0,0,-0,0
0.81279999,0,0,-0,0
0.8136,0,0,-0,0
0.81440002,0,0,-0,0
0.81519997,0,0,-0,0
0.81599998,0,0,-0,0
0.8168,0,0,-0,0
0.81760001,0,0,-0,0
0.81840003,0,0,-0,0
0.81919998,0,0,-0,0
0.81999999,0,0,-0,0
0.82080001,0,0,-0,0
0.82160002,0,0,-0,0
0.82239997,0,0,-0,0
0.82319999,0,0,-0,0
0.824,0,0,-0,0
0.82480001,0,0,-0,0
0.82560003,0,0,-0,0
0.82639998,0,0,-0,0
0.8272,0,0,-0,0
0.82800001,0,0,-0,0
0.82880002,0,0,-0,0
0.82959998,0,0,-0,0
0.83039999,0,0,-0,0
0.8312,0,0,-0,0
0.83200002,0,0,-0,0
0.83279997,0,0,-0,0
0.83359998,0,0,-0,0
0.8344,0,0,-0,0
0.83520001,0,0,-0,0
0.83600003,0,0,-0,0
0.83679998,0,0,-0,0
0.83759999,0,0,-0,0
0.83840001,0,0,-0,0
0.83920002,0,0,-0,0
0.83999997,0,0,-0,0
0.84079999,0,0,-0,0
0.8416,0,0,-0,0
0.84240001,0,0,-0,0
0.84320003,0,0,-0,0
0.84399998,0,0,-0,0
0.8448,0,0,-0,0
0.84560001,0,0,-0,0
0.84640002,0,0,-0,0
0.84719998,0,0,-0,0
0.84799999,0,0,-0,0
0.8488,0,0,-0,0
0.84960002,0,0,-0,0
0.85039997,0,0,-0,0
0.85119998,0,0,-0,0
0.852,0,0,-0,0
0.85280001,0,0,-0,0
0.85360003,0,0,-0,0
0.85439998,0,0,-0,0
0.85519999,0,0,-0,0
0.85600001,0,0,-0,0
0.85680002,0,0,-0,0
0.85759997,0,0,-0,0
0.85839999,0,0,-0,0
0.8592,0,0,-0,0
0.86000001,0,0,-0,0
0.86080003,0,0,-0,0
0.86159998,0,0,-0,0
0.8624,0,0,-0,0
0.86320001,0,0,-0,0
0.86400002,0,0,-0,0
0.86479998,0,0,-0,0
0.86559999,0,0,-0,0
0.8664,0,0,-0,0
0.86720002,0,0,-0,0
0.86799997,0,0,-0,0
0.86879998,0,0,-0,0
0.8696,0,0,-0,0
0.87040001,0,0,-0,0
0.87120003,0,0,-0,0
0.87199998,0,0,-0,0
0.87279999,0,0,-0,0
0.87360001,0,0,-0,0
0.87440002,0,0,-0,0
0.87519997,0,0,-0,0
0.87599999,0,0,-0,0
0.8768,0,0,-0,0
0.87760001,0,0,-0,0
0.87840003,0,0,-0,0
0.87919998,0,0,-0,0
0.88,0,0,-0,0
0.88080001,0,0,-0,0
0.88160002,0,0,-0,0
0.88239998,0,0,-0,0
0.88319999,0,0,-0,0
0.884,0,0,-0,0
0.88480002,0,0,-0,0
0.88559997,0,0,-0,0
0.88639998,0,0,-0,0
0.8872,0,0,-0,0
0.88800001,0,0,-0,0
0.88880002,0,0,-0,0
0.88959998,0,0,-0,0
0.89039999,0,0,-0,0
0.89120001,0,0,-0,0
0.89200002,0,0,-0,0
0.89279997,0,0,-0,0
0.89359999,0,0,-0,0
0.8944,0,0,-0,0
0.89520001,0,0,-0,0
0.89600003,0,0,-0,0
0.89679998,0,0,-0,0
0.8976,0,0,-0,0
0.89840001,0,0,-0,0
0.89920002,0,0,-0,0
0.89999998,0,0,-0,0
0.90079999,0,0,-0,0
0.9016,0,0,-0,0
0.90240002,0,0,-0,0
0.90319997,0,0,-0,0
0.90399998,0,0,-0,0
0.9048,0,0,-0,0
0.90560001,0,0,-0,0
0.90640002,0,0,-0,0
0.90719998,0,0,-0,0
0.90799999,0,0,-0,0
0.90880001,0,0,-0,0
0.90960002,0,0,-0,0
0.91039997,0,0,-0,0
0.91119999,0,0,-0,0
0.912,0,0,-0,0
0.91280001,0,0,-0,0
0.91360003,0,0,-0,0
0.91439998,0,0,-0,0
0.9152,0,0,-0,0
0.91600001,0,0,-0,0
0.91680002,0,0,-0,0
0.91759998,0,0,-0,0
0.91839999,0,0,-0,0
0.9192,0,0,-0,0
0.92000002,0,0,-0,0
0.92079997,0,0,-0,0
0.92159998,0,0,-0,0
0.9224,0,0,-0,0
0.92320001,0,0,-0,0
0.92400002,0,0,-0,0
0.92479998,0,0,-0,0
0.92559999,0,0,-0,0
0.92640001,0,0,-0,0
0.92720002,0,0,-0,0
0.92799997,0,0,-0,0
0.92879999,0,0,-0,0
0.9296,0,0,-0,0
0.93040001,0,0,-0,0
0.93120003,0,0,-0,0
0.93199998,0,0,-0,0
0.93279999,0,0,-0,0
0.93360001,0,0,-0,0
0.93440002,0,0,-0,0
0.93519998,0,0,-0,0
0.93599999,0,0,-0,0
0.9368,0,0,-0,0
0.93760002,0,0,-0,0
0.93839997,0,0,-0,0
0.93919998,0,0,-0,0
0.94,0,0,-0,0
0.94080001,0,0,-0,0
0.94160002,0,0,-0,0
0.94239998,0,0,-0,0
0.94319999,0,0,-0,0
0.94400001,0,0,-0,0
0.94480002,0,0,-0,0
0.94559997,0,0,-0,0
0.94639999,0,0,-0,0
0.9472,0,0,-0,0
0.94800001,0,0,-0,0
0.94880003,0,0,-0,0
0.94959998,0,0,-0,0
0.95039999,0,0,-0,0
0.95120001,0,0,-0,0
0.95200002,0,0,-0,0
0.95279998,0,0,-0,0
0.95359999,0,0,-0,0
0.9544,0,0,-0,0
0.95520002,0,0,-0,0
0.95599997,0,0,-0,0
0.95679998,0,0,-0,0
0.9576,0,0,-0,0
0.95840001,0,0,-0,0
0.95920002,0,0,-0,0
0.95999998,0,0,-0,0
0.96079999,0,0,-0,0
0.96160001,0,0,-0,0
0.96240002,0,0,-0,0
0.96319997,0,0,-0,0
0.96399999,0,0,-0,0
0.9648,0,0,-0,0
0.96560001,0,0,-0,0
0.96640003,0,0,-0,0
0.96719998,0,0,-0,0
0.96799999,0,0,-0,0
0.96880001,0,0,-0,0
0.96960002,0,0,-0,0
0.97039998,0,0,-0,0
0.97119999,0,0,-0,0
0.972,0,0,-0,0
0.97280002,0,0,-0,0
0.97359997,0,0,-0,0
0.97439998,0,0,-0,0
0.9752,0,0,-0,0
0.97600001,0,0,-0,0
0.97680002,0,0,-0,0
0.97759998,0,0,-0,0
0.97839999,0,0,-0,0
0.97920001,0,0,-0,0
0.98000002,0,0,-0,0
0.98079997,0,0,-0,0
0.98159999,0,0,-0,0
0.9824,0,0,-0,0
0.98320001,0,0,-0,0
0.98400003,0,0,-0,0
0.98479998,0,0,-0,0
0.98559999,0,0,-0,0
0.98640001,0,0,-0,0
0.98720002,0,0,-0,0
0.98799998,0,0,-0,0
0.98879999,0,0,-0,0
0.9896,0,0,-0,0
0.99040002,0,0,-0,0
0.99119997,0,0,-0,0
0.99199998,0,0,-0,0
0.9928,0,0,-0,0
0.99360001,0,0,-0,0
0.99440002,0,0,-0,0
0.99519998,0,0,-0,0
0.99599999,0,0,-0,0
0.99680001,0,0,-0,0
0.99760002,0,0,-0,0
0.99839997,0,0,-0,0
0.99919999,0,0,-0,0
1,0,0,-0,0
1,0,0,0,0
1.0008,0,0,0,0
1.0016,0,0,0,0
1.0024,0,0,0,0
1.0032001,0,0,0,0
1.0039999,0,0,0,0
1.0048,0,0,0,0
1.0056,0,0,0,0
1.0064,0,0,0,0
1.0072,0,0,0,0
1.008,0,0,0,0
1.0088,0,0,0,0
1.0096,0,0,0,0
1.0104001,0,0,0,0
1.0112,0,0,0,0
1.012,0,0,0,0
1.0128,0,0,0,0
1.0136,0,0,0,0
1.0144,0,0,0,0
1.0152,0,0,0,0
1.016,0,0,0,0
1.0168,0,0,0,0
1.0176001,0,0,0,0
1.0184,0,0,0,0
1.0192,0,0,0,0
1.02,0,0,0,0
1.0208,0,0,0,0
1.0216,0,0,0,0
1.0224,0,0,0,0
1.0232,0,0,0,0
1.024,0,0,0,0
1.0247999,0,0,0,0
1.0256,0,0,0,0
1.0264,0,0,0,0
1.0272,0,0,0,0
1.028,0,0,0,0
1.0288,0,0,0,0
1.0296,0,0,0,0
1.0304,0,0,0,0
1.0312001,0,0,0,0
1.0319999,0,0,0,0
1.0328,0,0,0,0
1.0336,0,0,0,0
1.0344,0,0,0,0
1.0352,0,0,0,0
1.036,0,0,0,0
1.0368,0,0,0,0
1.0376,0,0,0,0
1.0384001,0,0,0,0
1.0391999,0,0,0,0
1.04,0,0,0,0
1.0408,0,0,0,0
1.0416,0,0,0,0
1.0424,0,0,0,0
1.0432,0,0,0,0
1.044,0,0,0,0
1.0448,0,0,0,0
1.0456001,0,0,0,0
1.0464,0,0,0,0
1.0472,0,0,0,0
1.048,0,0,0,0
1.0488,0,0,0,0
1.0496,0,0,0,0
1.0504,0,0,0,0
1.0512,0,0,0,0
1.052,0,0,0,0
1.0528001,0,0,0,0
1.0536,0,0,0,0
1.0544,0,0,0,0
1.0552,0,0,0,0
1.056,0,0,0,0
1.0568,0,0,0,0
1.0576,0,0,0,0
1.0584,0,0,0,0
1.0592,0,0,0,0
1.0599999,0,0,0,0
1.0608,0,0,0,0
1.0616,0,0,0,0
1.0624,0,0,0,0
1.0632,0,0,0,0
1.064,0,0,0,0
1.0648,0,0,0,0
1.0656,0,0,0,0
1.0664001,0,0,0,0
1.0671999,0,0,0,0
1.068,0,0,0,0
1.0688,0,0,0,0
1.0696,0,0,0,0
1.0704,0,0,0,0
1.0712,0,0,0,0
1.072,0,0,0,0
1.0728,0,0,0,0
1.0736001,0,0,0,0
1.0743999,0,0,0,0
1.0752,0,0,0,0
1.076,0,0,0,0
1.0768,0,0,0,0
1.0776,0,0,0,0
1.0784,0,0,0,0
1.0792,0,0,0,0
1.08,0,0,0,0
1.0808001,0,0,0,0
1.0816,0,0,0,0
1.0824,0,0,0,0
1.0832,0,0,0,0
1.084,0,0,0,0
1.0848,0,0,0,0
1.0856,0,0,0,0
1.0864,0,0,0,0
1.0872,0,0,0,0
1.0880001,0,0,0,0
1.0888,0,0,0,0
1.0896,0,0,0,0
1.0904,0,0,0,0
1.0912,0,0,0,0
1.092,0,0,0,0
1.0928,0,0,0,0
1.0936,0,0,0,0
1.0944,0,0,0,0
1.0951999,0,0,0,0
1.096,0,0,0,0
1.0968,0,0,0,0
1.0976,0,0,0,0
1.0984,0,0,0,0
1.0992,0,0,0,0
1.1,0,0,0,0
1.1008,0,0,0,0
1.1016001,0,0,0,0
1.1023999,0,0,0,0
1.1032,0,0,0,0
1.104,0,0,0,0
1.1048,0,0,0,0
1.1056,0,0,0,0
1.1064,0,0,0,0
1.1072,0,0,0,0
1.108,0,0,0,0
1.1088001,0,0,0,0
1.1095999,0,0,0,0
1.1104,0,0,0,0
1.1112,0,0,0,0
1.112,0,0,0,0
1.1128,0,0,0,0
1.1136,0,0,0,0
1.1144,0,0,0,0
1.1152,0,0,0,0
1.1160001,0,0,0,0
1.1168,0,0,0,0
1.1176,0,0,0,0
1.1184,0,0,0,0
1.1192,0,0,0,0
1.12,0,0,0,0
1.1208,0,0,0,0
1.1216,0,0,0,0
1.1224,0,0,0,0
1.1232001,0,0,0,0
1.124,0,0,0,0
1.1248,0,0,0,0
1.1256,0,0,0,0
1.1264,0,0,0,0
1.1272,0,0,0,0
1.128,0,0,0,0
1.1288,0,0,0,0
1.1296,0,0,0,0
1.1303999,0,0,0,0
1.1312,0,0,0,0
1.132,0,0,0,0
1.1328,0,0,0,0
1.1336,0,0,0,0
1.1344,0,0,0,0
1.1352,0,0,0,0
1.136,0,0,0,0
1.1368001,0,0,0,0
1.1375999,0,0,0,0
1.1384,0,0,0,0
1.1392,0,0,0,0
1.14,0,0,0,0
1.1408,0,0,0,0
1.1416,0,0,0,0
1.1424,0,0,0,0
1.1432,0,0,0,0
1.1440001,0,0,0,0
1.1447999,0,0,0,0
1.1456,0,0,0,0
1.1464,0,0,0,0
1.1472,0,0,0,0
1.148,0,0,0,0
1.1488,0,0,0,0
1.1496,0,0,0,0
1.1504,0,0,0,0
1.1512001,0,0,0,0
1.152,0,0,0,0
1.1528,0,0,0,0
1.1536,0,0,0,0
1.1544,0,0,0,0
1.1552,0,0,0,0
1.156,0,0,0,0
1.1568,0,0,0,0
1.1576,0,0,0,0
1.1584001,0,0,0,0
1.1592,0,0,0,0
1.16,0,0,0,0
1.1608,0,0,0,0
1.1616,0,0,0,0
1.1624,0,0,0,0
1.1632,0,0,0,0
1.164,0,0,0,0
1.1648,0,0,0,0
1.1655999,0,0,0,0
1.1664,0,0,0,0
1.1672,0,0,0,0
1.168,0,0,0,0
1.1688,0,0,0,0
1.1696,0,0,0,0
1.1704,0,0,0,0
1.1712,0,0,0,0
1.1720001,0,0,0,0
1.1727999,0,0,0,0
1.1736,0,0,0,0
1.1744,0,0,0,0
1.1752,0,0,0,0
1.176,0,0,0,0
1.1768,0,0,0,0
1.1776,0,0,0,0
1.1784,0,0,0,0
1.1792001,0,0,0,0
1.1799999,0,0,0,0
1.1808,0,0,0,0
1.1816,0,0,0,0
1.1824,0,0,0,0
1.1832,0,0,0,0
1.184,0,0,0,0
1.1848,0,0,0,0
1.1856,0,0,0,0
1.1864001,0,0,0,0
1.1872,0,0,0,0
1.188,0,0,0,0
1.1888,0,0,0,0
1.1896,0,0,0,0
1.1904,0,0,0,0
1.1912,0,0,0,0
1.192,0,0,0,0
1.1928,0,0,0,0
1.1936001,0,0,0,0
1.1944,0,0,0,0
1.1952,0,0,0,0
1.196,0,0,0,0
1.1968,0,0,0,0
1.1976,0,0,0,0
1.1984,0,0,0,0
1.1992,0,0,0,0
1.2,0,0,0,0
1.2007999,0,0,0,0
1.2016,0,0,0,0
1.2024,0,0,0,0
1.2032,0,0,0,0
1.204,0,0,0,0
1.2048,0,0,0,0
1.2056,0,0,0,0
1.2064,0,0,0,0
1.2072001,0,0,0,0
1.2079999,0,0,0,0
1.2088,0,0,0,0
1.2096,0,0,0,0
1.2104,0,0,0,0
1.2112,0,0,0,0
1.212,0,0,0,0
1.2128,0,0,0,0
1.2136,0,0,0,0
1.2144001,0,0,0,0
1.2151999,0,0,0,0
1.216,0,0,0,0
1.2168,0,0,0,0
1.2176,0,0,0,0
1.2184,0,0,0,0
1.2192,0,0,0,0
1.22,0,0,0,0
1.2208,0,0,0,0
1.2216001,0,0,0,0
1.2224,0,0,0,0
1.2232,0,0,0,0
1.224,0,0,0,0
1.2248,0,0,0,0
1.2256,0,0,0,0
1.2264,0,0,0,0
1.2272,0,0,0,0
1.228,0,0,0,0
1.2288001,0,0,0,0
1.2296,0,0,0,0
1.2304,0,0,0,0
1.2312,0,0,0,0
1.232,0,0,0,0
1.2328,0,0,0,0
1.2336,0,0,0,0
1.2344,0,0,0,0
1.2352,0,0,0,0
1.2359999,0,0,0,0
1.2368,0,0,0,0
1.2376,0,0,0,0
1.2384,0,0,0,0
1.2392,0,0,0,0
1.24,0,0,0,0
1.2408,0,0,0,0
1.2416,0,0,0,0
1.2424001,0,0,0,0
1.2431999,0,0,0,0
1.244,0,0,0,0
1.2448,0,0,0,0
1.2456,0,0,0,0
1.2464,0,0,0,0
1.2472,0,0,0,0
1.248,0,0,0,0
1.2488,0,0,0,0
1.2496001,0,0,0,0
1.2503999,0,0,0,0
1.2512,0,0,0,0
1.252,0,0,0,0
1.2528,0,0,0,0
1.2536,0,0,0,0
1.2544,0,0,0,0
1.2552,0,0,0,0
1.256,0,0,0,0
1.2568001,0,0,0,0
1.2575999,0,0,0,0
1.2584,0,0,0,0
1.2592,0,0,0,0
1.26,0,0,0,0
1.2608,0,0,0,0
1.2616,0,0,0,0
1.2624,0,0,0,0
1.2632,0,0,0,0
1.2640001,0,0,0,0
1.2648,0,0,0,0
1.2656,0,0,0,0
1.2664,0,0,0,0
1.2672,0,0,0,0
1.268,0,0,0,0
1.2688,0,0,0,0
1.2696,0,0,0,0
1.2704,0,0,0,0
1.2711999,0,0,0,0
1.272,0,0,0,0
1.2728,0,0,0,0
1.2736,0,0,0,0
1.2744,0,0,0,0
1.2752,0,0,0,0
1.276,0,0,0,0
1.2768,0,0,0,0
1.2776,0,0,0,0
1.2783999,0,0,0,0
1.2792,0,0,0,0
1.28,0,0,0,0
1.2808,0,0,0,0
1.2816,0,0,0,0
1.2824,0,0,0,0
1.2832,0,0,0,0
1.284,0,0,0,0
1.2848001,0,0,0,0
1.2855999,0,0,0,0
1.2864,0,0,0,0
1.2872,0,0,0,0
1.288,0,0,0,0
1.2888,0,0,0,0
1.2896,0,0,0,0
1.2904,0,0,0,0
1.2912,0,0,0,0
1.2920001,0,0,0,0
1.2927999,0,0,0,0
1.2936,0,0,0,0
1.2944,0,0,0,0
1.2952,0,0,0,0
1.296,0,0,0,0
1.2968,0,0,0,0
1.2976,0,0,0,0
1.2984,0,0,0,0
1.2992001,0,0,0,0
1.3,0,0,0,0
1.3008,0,0,0,0
1.3016,0,0,0,0
1.3024,0,0,0,0
1.3032,0,0,0,0
1.304,0,0,0,0
1.3048,0,0,0,0
1.3056,0,0,0,0
1.3063999,0,0,0,0
1.3072,0,0,0,0
1.308,0,0,0,0
1.3088,0,0,0,0
1.3096,0,0,0,0
1.3104,0,0,0,0
1.3112,0,0,0,0
1.312,0,0,0,0
1.3128,0,0,0,0
1.3135999,0,0,0,0
1.3144,0,0,0,0
1.3152,0,0,0,0
1.316,0,0,0,0
1.3168,0,0,0,0
1.3176,0,0,0,0
1.3184,0,0,0,0
1.3192,0,0,0,0
1.3200001,0,0,0,0
1.3207999,0,0,0,0
1.3216,0,0,0,0
1.3224,0,0,0,0
1.3232,0,0,0,0
1.324,0,0,0,0
1.3248,0,0,0,0
1.3256,0,0,0,0
1.3264,0,0,0,0
1.3272001,0,0,0,0
1.3279999,0,0,0,0
1.3288,0,0,0,0
1.3296,0,0,0,0
1.3304,0,0,0,0
1.3312,0,0,0,0
1.332,0,0,0,0
1.3328,0,0,0,0
1.3336,0,0,0,0
1.3344001,0,0,0,0
1.3352,0,0,0,0
1.336,0,0,0,0
1.3368,0,0,0,0
1.3376,0,0,0,0
1.3384,0,0,0,0
1.3392,0,0,0,0
1.34,0,0,0,0
1.3408,0,0,0,0
1.3415999,0,0,0,0
1.3424,0,0,0,0
1.3432,0,0,0,0
1.344,0,0,0,0
1.3448,0,0,0,0
1.3456,0,0,0,0
1.3464,0,0,0,0
1.3472,0,0,0,0
1.348,0,0,0,0
1.3487999,0,0,0,0
1.3496,0,0,0,0
1.3504,0,0,0,0
1.3512,0,0,0,0
1.352,0,0,0,0
1.3528,0,0,0,0
1.3536,0,0,0,0
1.3544,0,0,0,0
1.3552001,0,0,0,0
1.3559999,0,0,0,0
1.3568,0,0,0,0
1.3576,0,0,0,0
1.3584,0,0,0,0
1.3592,0,0,0,0
1.36,0,0,0,0
1.3608,0,0,0,0
1.3616,0,0,0,0
1.3624001,0,0,0,0
1.3631999,0,0,0,0
1.364,0,0,0,0
1.3648,0,0,0,0
1.3656,0,0,0,0
1.3664,0,0,0,0
1.3672,0,0,0,0
1.368,0,0,0,0
1.3688,0,0,0,0
1.3696001,0,0,0,0
1.3704,0,0,0,0
1.3712,0,0,0,0
1.372,0,0,0,0
1.3728,0,0,0,0
1.3736,0,0,0,0
1.3744,0,0,0,0
1.3752,0,0,0,0
1.376,0,0,0,0
1.3767999,0,0,0,0
1.3776,0,0,0,0
1.3784,0,0,0,0
1.3792,0,0,0,0
1.38,0,0,0,0
1.3808,0,0,0,0
1.3816,0,0,0,0
1.3824,0,0,0,0
1.3832,0,0,0,0
1.3839999,0,0,0,0
1.3848,0,0,0,0
1.3856,0,0,0,0
1.3864,0,0,0,0
1.3872,0,0,0,0
1.388,0,0,0,0
1.3888,0,0,0,0
1.3896,0,0,0,0
1.3904001,0,0,0,0
1.3911999,0,0,0,0
1.392,0,0,0,0
1.3928,0,0,0,0
1.3936,0,0,0,0
1.3944,0,0,0,0
1.3952,0,0,0,0
1.396,0,0,0,0
1.3968,0,0,0,0
1.3976001,0,0,0,0
1.3983999,0,0,0,0
1.3992,0,0,0,0
1.4,0,0,0,0
1.4008,0,0,0,0
1.4016,0,0,0,0
1.4024,0,0,0,0
1.4032,0,0,0,0
1.404,0,0,0,0
1.4048001,0,0,0,0
1.4056,0,0,0,0
1.4064,0,0,0,0
1.4072,0,0,0,0
1.408,0,0,0,0
1.4088,0,0,0,0
1.4096,0,0,0,0
1.4104,0,0,0,0
1.4112,0,0,0,0
1.4119999,0,0,0,0
1.4128,0,0,0,0
1.4136,0,0,0,0
1.4144,0,0,0,0
1.4152,0,0,0,0
1.416,0,0,0,0
1.4168,0,0,0,0
1.4176,0,0,0,0
1.4184,0,0,0,0
1.4191999,0,0,0,0
1.42,0,0,0,0
1.4208,0,0,0,0
1.4216,0,0,0,0
1.4224,0,0,0,0
1.4232,0,0,0,0
1.424,0,0,0,0
1.4248,0,0,0,0
1.4256001,0,0,0,0
1.4263999,0,0,0,0
1.4272,0,0,0,0
1.428,0,0,0,0
1.4288,0,0,0,0
1.4296,0,0,0,0
1.4304,0,0,0,0
1.4312,0,0,0,0
1.432,0,0,0,0
1.4328001,0,0,0,0
1.4335999,0,0,0,0
1.4344,0,0,0,0
1.4352,0,0,0,0
1.436,0,0,0,0
1.4368,0,0,0,0
1.4376,0,0,0,0
1.4384,0,0,0,0
1.4392,0,0,0,0
1.4400001,0,0,0,0
1.4408,0,0,0,0
1.4416,0,0,0,0
1.4424,0,0,0,0
1.4432,0,0,0,0
1.444,0,0,0,0
1.4448,0,0,0,0
1.4456,0,0,0,0
1.4464,0,0,0,0
1.4471999,0,0,0,0
1.448,0,0,0,0
1.4488,0,0,0,0
1.4496,0,0,0,0
1.4504,0,0,0,0
1.4512,0,0,0,0
1.452,0,0,0,0
1.4528,0,0,0,0
1.4536,0,0,0,0
1.4543999,0,0,0,0
1.4552,0,0,0,0
1.456,0,0,0,0
1.4568,0,0,0,0
1.4576,0,0,0,0
1.4584,0,0,0,0
1.4592,0,0,0,0
1.46,0,0,0,0
1.4608001,0,0,0,0
1.4615999,0,0,0,0
1.4624,0,0,0,0
1.4632,0,0,0,0
1.464,0,0,0,0
1.4648,0,0,0,0
1.4656,0,0,0,0
1.4664,0,0,0,0
1.4672,0,0,0,0
1.4680001,0,0,0,0
1.4687999,0,0,0,0
1.4696,0,0,0,0
1.4704,0,0,0,0
1.4712,0,0,0,0
1.472,0,0,0,0
1.4728,0,0,0,0
1.4736,0,0,0,0
1.4744,0,0,0,0
1.4752001,0,0,0,0
1.476,0,0,0,0
1.4768,0,0,0,0
1.4776,0,0,0,0
1.4784,0,0,0,0
1.4792,0,0,0,0
1.48,0,0,0,0
1.4808,0,0,0,0
1.4816,0,0,0,0
1.4823999,0,0,0,0
1.4832,0,0,0,0
1.484,0,0,0,0
1.4848,0,0,0,0
1.4856,0,0,0,0
1.4864,0,0,0,0
1.4872,0,0,0,0
1.488,0,0,0,0
1.4888,0,0,0,0
1.4895999,0,0,0,0
1.4904,0,0,0,0
1.4912,0,0,0,0
1.492,0,0,0,0
1.4928,0,0,0,0
1.4936,0,0,0,0
1.4944,0,0,0,0
1.4952,0,0,0,0
1.4960001,0,0,0,0
1.4967999,0,0,0,0
1.4976,0,0,0,0
1.4984,0,0,0,0
1.4992,0,0,0,0
1.5,0,0,0,0
1.5008,0,0,0,0
1.5016,0,0,0,0
1.5024,0,0,0,0
1.5032001,0,0,0,0
1.5039999,0,0,0,0
1.5048,0,0,0,0
1.5056,0,0,0,0
1.5064,0,0,0,0
1.5072,0,0,0,0
1.508,0,0,0,0
1.5088,0,0,0,0
1.5096,0,0,0,0
1.5104001,0,0,0,0
1.5112,0,0,0,0
1.512,0,0,0,0
1.5128,0,0,0,0
1.5136,0,0,0,0
1.5144,0,0,0,0
1.5152,0,0,0,0
1.516,0,0,0,0
1.5168,0,0,0,0
1.5176001,0,0,0,0
1.5184,0,0,0,0
1.5192,0,0,0,0
1.52,0,0,0,0
1.5208,0,0,0,0
1.5216,0,0,0,0
1.5224,0,0,0,0
1.5232,0,0,0,0
1.524,0,0,0,0
1.5247999,0,0,0,0
1.5256,0,0,0,0
1.5264,0,0,0,0
1.5272,0,0,0,0
1.528,0,0,0,0
1.5288,0,0,0,0
1.5296,0,0,0,0
1.5304,0,0,0,0
1.5312001,0,0,0,0
1.5319999,0,0,0,0
1.5328,0,0,0,0
1.5336,0,0,0,0
1.5344,0,0,0,0
1.5352,0,0,0,0
1.536,0,0,0,0
1.5368,0,0,0,0
1.5376,0,0,0,0
1.5384001,0,0,0,0
1.5391999,0,0,0,0
1.54,0,0,0,0
1.5408,0,0,0,0
1.5416,0,0,0,0
1.5424,0,0,0,0
1.5432,0,0,0,0
1.544,0,0,0,0
1.5448,0,0,0,0
1.5456001,0,0,0,0
1.5464,0,0,0,0
1.5472,0,0,0,0
1.548,0,0,0,0
1.5488,0,0,0,0
1.5496,0,0,0,0
1.5504,0,0,0,0
1.5512,0,0,0,0
1.552,0,0,0,0
1.5528001,0,0,0,0
1.5536,0,0,0,0
1.5544,0,0,0,0
1.5552,0,0,0,0
1.556,0,0,0,0
1.5568,0,0,0,0
1.5576,0,0,0,0
1.5584,0,0,0,0
1.5592,0,0,0,0
1.5599999,0,0,0,0
1.5608,0,0,0,0
1.5616,0,0,0,0
1.5624,0,0,0,0
1.5632,0,0,0,0
1.564,0,0,0,0
1.5648,0,0,0,0
1.5656,0,0,0,0
1.5664001,0,0,0,0
1.5671999,0,0,0,0
1.568,0,0,0,0
1.5688,0,0,0,0
1.5696,0,0,0,0
1.5704,0,0,0,0
1.5712,0,0,0,0
1.572,0,0,0,0
1.5728,0,0,0,0
1.5736001,0,0,0,0
1.5743999,0,0,0,0
1.5752,0,0,0,0
1.576,0,0,0,0
1.5768,0,0,0,0
1.5776,0,0,0,0
1.5784,0,0,0,0
1.5792,0,0,0,0
1.58,0,0,0,0
1.5808001,0,0,0,0
1.5816,0,0,0,0
1.5824,0,0,0,0
1.5832,0,0,0,0
1.584,0,0,0,0
1.5848,0,0,0,0
1.5856,0,0,0,0
1.5864,0,0,0,0
1.5872,0,0,0,0
1.5880001,0,0,0,0
1.5888,0,0,0,0
1.5896,0,0,0,0
1.5904,0,0,0,0
1.5912,0,0,0,0
1.592,0,0,0,0
1.5928,0,0,0,0
1.5936,0,0,0,0
1.5944,0,0,0,0
1.5951999,0,0,0,0
1.596,0,0,0,0
1.5968,0,0,0,0
1.5976,0,0,0,0
1.5984,0,0,0,0
1.5992,0,0,0,0
1.6,0,0,0,0
1.6008,0,0,0,0
1.6016001,0,0,0,0
1.6023999,0,0,0,0
1.6032,0,0,0,0
1.604,0,0,0,0
1.6048,0,0,0,0
1.6056,0,0,0,0
1.6064,0,0,0,0
1.6072,0,0,0,0
1.608,0,0,0,0
1.6088001,0,0,0,0
1.6095999,0,0,0,0
1.6104,0,0,0,0
1.6112,0,0,0,0
1.612,0,0,0,0
1.6128,0,0,0,0
1.6136,0,0,0,0
1.6144,0,0,0,0
1.6152,0,0,0,0
1.6160001,0,0,0,0
1.6168,0,0,0,0
1.6176,0,0,0,0
1.6184,0,0,0,0
1.6192,0,0,0,0
1.62,0,0,0,0
1.6208,0,0,0,0
1.6216,0,0,0,0
1.6224,0,0,0,0
1.6232001,0,0,0,0
1.624,0,0,0,0
1.6248,0,0,0,0
1.6256,0,0,0,0
1.6264,0,0,0,0
1.6272,0,0,0,0
1.628,0,0,0,0
1.6288,0,0,0,0
1.6296,0,0,0,0
1.6303999,0,0,0,0
1.6312,0,0,0,0
1.632,0,0,0,0
1.6328,0,0,0,0
1.6336,0,0,0,0
1.6344,0,0,0,0
1.6352,0,0,0,0
1.636,0,0,0,0
1.6368001,0,0,0,0
1.6375999,0,0,0,0
1.6384,0,0,0,0
1.6392,0,0,0,0
1.64,0,0,0,0
1.6408,0,0,0,0
1.6416,0,0,0,0
1.6424,0,0,0,0
1.6432,0,0,0,0
1.6440001,0,0,0,0
1.6447999,0,0,0,0
1.6456,0,0,0,0
1.6464,0,0,0,0
1.6472,0,0,0,0
1.648,0,0,0,0
1.6488,0,0,0,0
1.6496,0,0,0,0
1.6504,0,0,0,0
1.6512001,0,0,0,0
1.652,0,0,0,0
1.6528,0,0,0,0
1.6536,0,0,0,0
1.6544,0,0,0,0
1.6552,0,0,0,0
1.656,0,0,0,0
1.6568,0,0,0,0
1.6576,0,0,0,0
1.6584001,0,0,0,0
1.6592,0,0,0,0
1.66,0,0,0,0
1.6608,0,0,0,0
1.6616,0,0,0,0
1.6624,0,0,0,0
1.6632,0,0,0,0
1.664,0,0,0,0
1.6648,0,0,0,0
1.6655999,0,0,0,0
1.6664,0,0,0,0
1.6672,0,0,0,0
1.668,0,0,0,0
1.6688,0,0,0,0
1.6696,0,0,0,0
1.6704,0,0,0,0
1.6712,0,0,0,0
1.6720001,0,0,0,0
1.6727999,0,0,0,0
1.6736,0,0,0,0
1.6744,0,0,0,0
1.6752,0,0,0,0
1.676,0,0,0,0
1.6768,0,0,0,0
1.6776,0,0,0,0
1.6784,0,0,0,0
1.6792001,0,0,0,0
1.6799999,0,0,0,0
1.6808,0,0,0,0
1.6816,0,0,0,0
1.6824,0,0,0,0
1.6832,0,0,0,0
1.684,0,0,0,0
1.6848,0,0,0,0
1.6856,0,0,0,0
1.6864001,0,0,0,0
1.6872,0,0,0,0
1.688,0,0,0,0
1.6888,0,0,0,0
1.6896,0,0,0,0
1.6904,0,0,0,0
1.6912,0,0,0,0
1.692,0,0,0,0
1.6928,0,0,0,0
1.6936001,0,0,0,0
1.6944,0,0,0,0
1.6952,0,0,0,0
1.696,0,0,0,0
1.6968,0,0,0,0
1.6976,0,0,0,0
1.6984,0,0,0,0
1.6992,0,0,0,0
1.7,0,0,0,0
1.7007999,0,0,0,0
1.7016,0,0,0,0
1.7024,0,0,0,0
1.7032,0,0,0,0
1.704,0,0,0,0
1.7048,0,0,0,0
1.7056,0,0,0,0
1.7064,0,0,0,0
1.7072001,0,0,0,0
1.7079999,0,0,0,0
1.7088,0,0,0,0
1.7096,0,0,0,0
1.7104,0,0,0,0
1.7112,0,0,0,0
1.712,0,0,0,0
1.7128,0,0,0,0
1.7136,0,0,0,0
1.7144001,0,0,0,0
1.7151999,0,0,0,0
1.716,0,0,0,0
1.7168,0,0,0,0
1.7176,0,0,0,0
1.7184,0,0,0,0
1.7192,0,0,0,0
1.72,0,0,0,0
1.7208,0,0,0,0
1.7216001,0,0,0,0
1.7224,0,0,0,0
1.7232,0,0,0,0
1.724,0,0,0,0
1.7248,0,0,0,0
1.7256,0,0,0,0
1.7264,0,0,0,0
1.7272,0,0,0,0
1.728,0,0,0,0
1.7288001,0,0,0,0
1.7296,0,0,0,0
1.7304,0,0,0,0
1.7312,0,0,0,0
1.732,0,0,0,0
1.7328,0,0,0,0
1.7336,0,0,0,0
1.7344,0,0,0,0
1.7352,0,0,0,0
1.7359999,0,0,0,0
1.7368,0,0,0,0
1.7376,0,0,0,0
1.7384,0,0,0,0
1.7392,0,0,0,0
1.74,0,0,0,0
1.7408,0,0,0,0
1.7416,0,0,0,0
1.7424001,0,0,0,0
1.7431999,0,0,0,0
1.744,0,0,0,0
1.7448,0,0,0,0
1.7456,0,0,0,0
1.7464,0,0,0,0
1.7472,0,0,0,0
1.748,0,0,0,0
1.7488,0,0,0,0
1.7496001,0,0,0,0
1.7503999,0,0,0,0
1.7512,0,0,0,0
1.752,0,0,0,0
1.7528,0,0,0,0
1.7536,0,0,0,0
1.7544,0,0,0,0
1.7552,0,0,0,0
1.756,0,0,0,0
1.7568001,0,0,0,0
1.7575999,0,0,0,0
1.7584,0,0,0,0
1.7592,0,0,0,0
1.76,0,0,0,0
1.7608,0,0,0,0
1.7616,0,0,0,0
1.7624,0,0,0,0
1.7632,0,0,0,0
1.7640001,0,0,0,0
1.7648,0,0,0,0
1.7656,0,0,0,0
1.7664,0,0,0,0
1.7672,0,0,0,0
1.768,0,0,0,0
1.7688,0,0,0,0
1.7696,0,0,0,0
1.7704,0,0,0,0
1.7711999,0,0,0,0
1.772,0,0,0,0
1.7728,0,0,0,0
1.7736,0,0,0,0
1.7744,0,0,0,0
1.7752,0,0,0,0
1.776,0,0,0,0
1.7768,0,0,0,0
1.7776,0,0,0,0
1.7783999,0,0,0,0
1.7792,0,0,0,0
1.78,0,0,0,0
1.7808,0,0,0,0
1.7816,0,0,0,0
1.7824,0,0,0,0
1.7832,0,0,0,0
1.784,0,0,0,0
1.7848001,0,0,0,0
1.7855999,0,0,0,0
1.7864,0,0,0,0
1.7872,0,0,0,0
1.788,0,0,0,0
1.7888,0,0,0,0
1.7896,0,0,0,0
1.7904,0,0,0,0
1.7912,0,0,0,0
1.7920001,0,0,0,0
1.7927999,0,0,0,0
1.7936,0,0,0,0
1.7944,0,0,0,0
1.7952,0,0,0,0
1.796,0,0,0,0
1.7968,0,0,0,0
1.7976,0,0,0,0
1.7984,0,0,0,0
1.7992001,0,0,0,0
1.8,0,0,0,0
1.8008,0,0,0,0
1.8016,0,0,0,0
1.8024,0,0,0,0
1.8032,0,0,0,0
1.804,0,0,0,0
1.8048,0,0,0,0
1.8056,0,0,0,0
1.8063999,0,0,0,0
1.8072,0,0,0,0
1.808,0,0,0,0
1.8088,0,0,0,0
1.8096,0,0,0,0
1.8104,0,0,0,0
1.8112,0,0,0,0
1.812,0,0,0,0
1.8128,0,0,0,0
1.8135999,0,0,0,0
1.8144,0,0,0,0
1.8152,0,0,0,0
1.816,0,0,0,0
1.8168,0,0,0,0
1.8176,0,0,0,0
1.8184,0,0,0,0
1.8192,0,0,0,0
1.8200001,0,0,0,0
1.8207999,0,0,0,0
1.8216,0,0,0,0
1.8224,0,0,0,0
1.8232,0,0,0,0
1.824,0,0,0,0
1.8248,0,0,0,0
1.8256,0,0,0,0
1.8264,0,0,0,0
1.8272001,0,0,0,0
1.8279999,0,0,0,0
1.8288,0,0,0,0
1.8296,0,0,0,0
1.8304,0,0,0,0
1.8312,0,0,0,0
1.832,0,0,0,0
1.8328,0,0,0,0
1.8336,0,0,0,0
1.8344001,0,0,0,0
1.8352,0,0,0,0
1.836,0,0,0,0
1.8368,0,0,0,0
1.8376,0,0,0,0
1.8384,0,0,0,0
1.8392,0,0,0,0
1.84,0,0,0,0
1.8408,0,0,0,0
1.8415999,0,0,0,0
1.8424,0,0,0,0
1.8432,0,0,0,0
1.844,0,0,0,0
1.8448,0,0,0,0
1.8456,0,0,0,0
1.8464,0,0,0,0
1.8472,0,0,0,0
1.848,0,0,0,0
1.8487999,0,0,0,0
1.8496,0,0,0,0
1.8504,0,0,0,0
1.8512,0,0,0,0
1.852,0,0,0,0
1.8528,0,0,0,0
1.8536,0,0,0,0
1.8544,0,0,0,0
1.8552001,0,0,0,0
1.8559999,0,0,0,0
1.8568,0,0,0,0
1.8576,0,0,0,0
1.8584,0,0,0,0
1.8592,0,0,0,0
1.86,0,0,0,0
1.8608,0,0,0,0
1.8616,0,0,0,0
1.8624001,0,0,0,0
1.8631999,0,0,0,0
1.864,0,0,0,0
1.8648,0,0,0,0
1.8656,0,0,0,0
1.8664,0,0,0,0
1.8672,0,0,0,0
1.868,0,0,0,0
1.8688,0,0,0,0
1.8696001,0,0,0,0
1.8704,0,0,0,0
1.8712,0,0,0,0
1.872,0,0,0,0
1.8728,0,0,0,0
1.8736,0,0,0,0
1.8744,0,0,0,0
1.8752,0,0,0,0
1.876,0,0,0,0
1.8767999,0,0,0,0
1.8776,0,0,0,0
1.8784,0,0,0,0
1.8792,0,0,0,0
1.88,0,0,0,0
1.8808,0,0,0,0
1.8816,0,0,0,0
1.8824,0,0,0,0
1.8832,0,0,0,0
1.8839999,0,0,0,0
1.8848,0,0,0,0
1.8856,0,0,0,0
1.8864,0,0,0,0
1.8872,0,0,0,0
1.888,0,0,0,0
1.8888,0,0,0,0
1.8896,0,0,0,0
1.8904001,0,0,0,0
1.8911999,0,0,0,0
1.892,0,0,0,0
1.8928,0,0,0,0
1.8936,0,0,0,0
1.8944,0,0,0,0
1.8952,0,0,0,0
1.896,0,0,0,0
1.8968,0,0,0,0
1.8976001,0,0,0,0
1.8983999,0,0,0,0
1.8992,0,0,0,0
1.9,0,0,0,0
1.9008,0,0,0,0
1.9016,0,0,0,0
1.9024,0,0,0,0
1.9032,0,0,0,0
1.904,0,0,0,0
1.9048001,0,0,0,0
1.9056,0,0,0,0
1.9064,0,0,0,0
1.9072,0,0,0,0
1.908,0,0,0,0
1.9088,0,0,0,0
1.9096,0,0,0,0
1.9104,0,0,0,0
1.9112,0,0,0,0
1.9119999,0,0,0,0
1.9128,0,0,0,0
1.9136,0,0,0,0
1.9144,0,0,0,0
1.9152,0,0,0,0
1.916,0,0,0,0
1.9168,0,0,0,0
1.9176,0,0,0,0
1.9184,0,0,0,0
1.9191999,0,0,0,0
1.92,0,0,0,0
1.9208,0,0,0,0
1.9216,0,0,0,0
1.9224,0,0,0,0
1.9232,0,0,0,0
1.924,0,0,0,0
1.9248,0,0,0,0
1.9256001,0,0,0,0
1.9263999,0,0,0,0
1.9272,0,0,0,0
1.928,0,0,0,0
1.9288,0,0,0,0
1.9296,0,0,0,0
1.9304,0,0,0,0
1.9312,0,0,0,0
1.932,0,0,0,0
1.9328001,0,0,0,0
1.9335999,0,0,0,0
1.9344,0,0,0,0
1.9352,0,0,0,0
1.936,0,0,0,0
1.9368,0,0,0,0
1.9376,0,0,0,0
1.9384,0,0,0,0
1.9392,0,0,0,0
1.9400001,0,0,0,0
1.9408,0,0,0,0
1.9416,0,0,0,0
1.9424,0,0,0,0
1.9432,0,0,0,0
1.944,0,0,0,0
1.9448,0,0,0,0
1.9456,0,0,0,0
1.9464,0,0,0,0
1.9471999,0,0,0,0
1.948,0,0,0,0
1.9488,0,0,0,0
1.9496,0,0,0,0
1.9504,0,0,0,0
1.9512,0,0,0,0
1.952,0,0,0,0
1.9528,0,0,0,0
1.9536,0,0,0,0
1.9543999,0,0,0,0
1.9552,0,0,0,0
1.956,0,0,0,0
1.9568,0,0,0,0
1.9576,0,0,0,0
1.9584,0,0,0,0
1.9592,0,0,0,0
1.96,0,0,0,0
1.9608001,0,0,0,0
1.9615999,0,0,0,0
1.9624,0,0,0,0
1.9632,0,0,0,0
1.964,0,0,0,0
1.9648,0,0,0,0
1.9656,0,0,0,0
1.9664,0,0,0,0
1.9672,0,0,0,0
1.9680001,0,0,0,0
1.9687999,0,0,0,0
1.9696,0,0,0,0
1.9704,0,0,0,0
1.9712,0,0,0,0
1.972,0,0,0,0
1.9728,0,0,0,0
1.9736,0,0,0,0
1.9744,0,0,0,0
1.9752001,0,0,0,0
1.976,0,0,0,0
1.9768,0,0,0,0
1.9776,0,0,0,0
1.9784,0,0,0,0
1.9792,0,0,0,0
1.98,0,0,0,0
1.9808,0,0,0,0
1.9816,0,0,0,0
1.9823999,0,0,0,0
1.9832,0,0,0,0
1.984,0,0,0,0
1.9848,0,0,0,0
1.9856,0,0,0,0
1.9864,0,0,0,0
1.9872,0,0,0,0
1.988,0,0,0,0
1.9888,0,0,0,0
1.9895999,0,0,0,0
1.9904,0,0,0,0
1.9912,0,0,0,0
1.992,0,0,0,0
1.9928,0,0,0,0
1.9936,0,0,0,0
1.9944,0,0,0,0
1.9952,0,0,0,0
1.9960001,0,0,0,0
1.9967999,0,0,0,0
1.9976,0,0,0,0
1.9984,0,0,0,0
1.9992,0,0,0,0
2,0,0,0,0
2.0007999,0,0,0,0
2.0016,0,0,0,0
2.0023999,0,0,0,0
2.0032001,0,0,0,0
2.0039999,0,0,0,0
2.0048001,0,0,0,0
2.0056,0,0,0,0
2.0064001,0,0,0,0
2.0072,0,0,0,0
2.0079999,0,0,0,0
2.0088,0,0,0,0
2.0095999,0,0,0,0
2.0104001,0,0,0,0
2.0112,0,0,0,0
2.0120001,0,0,0,0
2.0128,0,0,0,0
2.0136001,0,0,0,0
2.0144,0,0,0,0
2.0151999,0,0,0,0
2.016,0,0,0,0
2.0167999,0,0,0,0
2.0176001,0,0,0,0
2.0184,0,0,0,0
2.0192001,0,0,0,0
2.02,0,0,0,0
2.0208001,0,0,0,0
2.0216,0,0,0,0
2.0223999,0,0,0,0
2.0232,0,0,0,0
2.0239999,0,0,0,0
2.0248001,0,0,0,0
2.0256,0,0,0,0
2.0264001,0,0,0,0
2.0272,0,0,0,0
2.0280001,0,0,0,0
2.0288,0,0,0,0
2.0295999,0,0,0,0
2.0304,0,0,0,0
2.0311999,0,0,0,0
2.0320001,0,0,0,0
2.0328,0,0,0,0
2.0336001,0,0,0,0
2.0344,0,0,0,0
2.0352001,0,0,0,0
2.036,0,0,0,0
2.0367999,0,0,0,0
2.0376,0,0,0,0
2.0383999,0,0,0,0
2.0392001,0,0,0,0
2.04,0,0,0,0
2.0408001,0,0,0,0
2.0416,0,0,0,0
2.0423999,0,0,0,0
2.0432,0,0,0,0
2.0439999,0,0,0,0
2.0448,0,0,0,0
2.0455999,0,0,0,0
2.0464001,0,0,0,0
2.0472,0,0,0,0
2.0480001,0,0,0,0
2.0488,0,0,0,0
2.0495999,0,0,0,0
2.0504,0,0,0,0
2.0511999,0,0,0,0
2.052,0,0,0,0
2.0527999,0,0,0,0
2.0536001,0,0,0,0
2.0544,0,0,0,0
2.0552001,0,0,0,0
2.056,0,0,0,0
2.0567999,0,0,0,0
2.0576,0,0,0,0
2.0583999,0,0,0,0
2.0592,0,0,0,0
2.0599999,0,0,0,0
2.0608001,0,0,0,0
2.0616,0,0,0,0
2.0624001,0,0,0,0
2.0632,0,0,0,0
2.0639999,0,0,0,0
2.0648,0,0,0,0
2.0655999,0,0,0,0
2.0664001,0,0,0,0
2.0671999,0,0,0,0
2.0680001,0,0,0,0
2.0688,0,0,0,0
2.0696001,0,0,0,0
2.0704,0,0,0,0
2.0711999,0,0,0,0
2.072,0,0,0,0
2.0727999,0,0,0,0
2.0736001,0,0,0,0
2.0743999,0,0,0,0
2.0752001,0,0,0,0
2.076,0,0,0,0
2.0768001,0,0,0,0
2.0776,0,0,0,0
2.0783999,0,0,0,0
2.0792,0,0,0,0
2.0799999,0,0,0,0
2.0808001,0,0,0,0
2.0816,0,0,0,0
2.0824001,0,0,0,0
2.0832,0,0,0,0
2.0840001,0,0,0,0
2.0848,0,0,0,0
2.0855999,0,0,0,0
2.0864,0,0,0,0
2.0871999,0,0,0,0
2.0880001,0,0,0,0
2.0888,0,0,0,0
2.0896001,0,0,0,0
2.0904,0,0,0,0
2.0912001,0,0,0,0
2.092,0,0,0,0
2.0927999,0,0,0,0
2.0936,0,0,0,0
2.0943999,0,0,0,0
2.0952001,0,0,0,0
2.096,0,0,0,0
2.0968001,0,0,0,0
2.0976,0,0,0,0
2.0984001,0,0,0,0
2.0992,0,0,0,0
2.0999999,0,0,0,0
2.1008,0,0,0,0
2.1015999,0,0,0,0
2.1024001,0,0,0,0
2.1032,0,0,0,0
2.1040001,0,0,0,0
2.1048,0,0,0,0
2.1056001,0,0,0,0
2.1064,0,0,0,0
2.1071999,0,0,0,0
2.108,0,0,0,0
2.1087999,0,0,0,0
2.1096001,0,0,0,0
2.1104,0,0,0,0
2.1112001,0,0,0,0
2.112,0,0,0,0
2.1127999,0,0,0,0
2.1136,0,0,0,0
2.1143999,0,0,0,0
2.1152,0,0,0,0
2.1159999,0,0,0,0
2.1168001,0,0,0,0
2.1176,0,0,0,0
2.1184001,0,0,0,0
2.1192,0,0,0,0
2.1199999,0,0,0,0
2.1208,0,0,0,0
2.1215999,0,0,0,0
2.1224,0,0,0,0
2.1231999,0,0,0,0
2.1240001,0,0,0,0
2.1248,0,0,0,0
2.1256001,0,0,0,0
2.1264,0,0,0,0
2.1271999,0,0,0,0
2.128,0,0,0,0
2.1287999,0,0,0,0
2.1296,0,0,0,0
2.1303999,0,0,0,0
2.1312001,0,0,0,0
2.132,0,0,0,0
2.1328001,0,0,0,0
2.1336,0,0,0,0
2.1343999,0,0,0,0
2.1352,0,0,0,0
2.1359999,0,0,0,0
2.1368001,0,0,0,0
2.1375999,0,0,0,0
2.1384001,0,0,0,0
2.1392,0,0,0,0
2.1400001,0,0,0,0
2.1408,0,0,0,0
2.1415999,0,0,0,0
2.1424,0,0,0,0
2.1431999,0,0,0,0
2.1440001,0,0,0,0
2.1447999,0,0,0,0
2.1456001,0,0,0,0
2.1464,0,0,0,0
2.1472001,0,0,0,0
2.148,0,0,0,0
2.1487999,0,0,0,0
2.1496,0,0,0,0
2.1503999,0,0,0,0
2.1512001,0,0,0,0
2.152,0,0,0,0
2.1528001,0,0,0,0
2.1536,0,0,0,0
2.1544001,0,0,0,0
2.1552,0,0,0,0
2.1559999,0,0,0,0
2.1568,0,0,0,0
2.1575999,0,0,0,0
2.1584001,0,0,0,0
2.1592,0,0,0,0
2.1600001,0,0,0,0
2.1608,0,0,0,0
2.1616001,0,0,0,0
2.1624,0,0,0,0
2.1631999,0,0,0,0
2.164,0,0,0,0
2.1647999,0,0,0,0
2.1656001,0,0,0,0
2.1664,0,0,0,0
2.1672001,0,0,0,0
2.168,0,0,0,0
2.1688001,0,0,0,0
2.1696,0,0,0,0
2.1703999,0,0,0,0
2.1712,0,0,0,0
2.1719999,0,0,0,0
2.1728001,0,0,0,0
2.1736,0,0,0,0
2.1744001,0,0,0,0
2.1752,0,0,0,0
2.1760001,0,0,0,0
2.1768,0,0,0,0
2.1775999,0,0,0,0
2.1784,0,0,0,0
2.1791999,0,0,0,0
2.1800001,0,0,0,0
2.1808,0,0,0,0
2.1816001,0,0,0,0
2.1824,0,0,0,0
2.1831999,0,0,0,0
2.184,0,0,0,0
2.1847999,0,0,0,0
2.1856,0,0,0,0
2.1863999,0,0,0,0
2.1872001,0,0,0,0
2.188,0,0,0,0
2.1888001,0,0,0,0
2.1896,0,0,0,0
2.1903999,0,0,0,0
2.1912,0,0,0,0
2.1919999,0,0,0,0
2.1928,0,0,0,0
2.1935999,0,0,0,0
2.1944001,0,0,0,0
2.1952,0,0,0,0
2.1960001,0,0,0,0
2.1968,0,0,0,0
2.1975999,0,0,0,0
2.1984,0,0,0,0
2.1991999,0,0,0,0
2.2,0,0,0,0
2.2007999,0,0,0,0
2.2016001,0,0,0,0
2.2024,0,0,0,0
2.2032001,0,0,0,0
2.204,0,0,0,0
2.2047999,0,0,0,0
2.2056,0,0,0,0
2.2063999,0,0,0,0
2.2072001,0,0,0,0
2.2079999,0,0,0,0
2.2088001,0,0,0,0
2.2096,0,0,0,0
2.2104001,0,0,0,0
2.2112,0,0,0,0
2.2119999,0,0,0,0
2.2128,0,0,0,0
2.2135999,0,0,0,0
2.2144001,0,0,0,0
2.2151999,0,0,0,0
2.2160001,0,0,0,0
2.2168,0,0,0,0
2.2176001,0,0,0,0
2.2184,0,0,0,0
2.2191999,0,0,0,0
2.22,0,0,0,0
2.2207999,0,0,0,0
2.2216001,0,0,0,0
2.2224,0,0,0,0
2.2232001,0,0,0,0
2.224,0,0,0,0
2.2248001,0,0,0,0
2.2256,0,0,0,0
2.2263999,0,0,0,0
2.2272,0,0,0,0
2.2279999,0,0,0,0
2.2288001,0,0,0,0
2.2296,0,0,0,0
2.2304001,0,0,0,0
2.2312,0,0,0,0
2.2320001,0,0,0,0
2.2328,0,0,0,0
2.2335999,0,0,0,0
2.2344,0,0,0,0
2.2351999,0,0,0,0
2.2360001,0,0,0,0
2.2368,0,0,0,0
2.2376001,0,0,0,0
2.2384,0,0,0,0
2.2392001,0,0,0,0
2.24,0,0,0,0
2.2407999,0,0,0,0
2.2416,0,0,0,0
2.2423999,0,0,0,0
2.2432001,0,0,0,0
2.244,0,0,0,0
2.2448001,0,0,0,0
2.2456,0,0,0,0
2.2464001,0,0,0,0
2.2472,0,0,0,0
2.2479999,0,0,0,0
2.2488,0,0,0,0
2.2495999,0,0,0,0
2.2504001,0,0,0,0
2.2512,0,0,0,0
2.2520001,0,0,0,0
2.2528,0,0,0,0
2.2535999,0,0,0,0
2.2544,0,0,0,0
2.2551999,0,0,0,0
2.256,0,0,0,0
2.2567999,0,0,0,0
2.2576001,0,0,0,0
2.2584,0,0,0,0
2.2592001,0,0,0,0
2.26,0,0,0,0
2.2607999,0,0,0,0
2.2616,0,0,0,0
2.2623999,0,0,0,0
2.2632,0,0,0,0
2.2639999,0,0,0,0
2.2648001,0,0,0,0
2.2656,0,0,0,0
2.2664001,0,0,0,0
2.2672,0,0,0,0
2.2679999,0,0,0,0
2.2688,0,0,0,0
2.2695999,0,0,0,0
2.2704,0,0,0,0
2.2711999,0,0,0,0
2.2720001,0,0,0,0
2.2728,0,0,0,0
2.2736001,0,0,0,0
2.2744,0,0,0,0
2.2751999,0,0,0,0
2.276,0,0,0,0
2.2767999,0,0,0,0
2.2776,0,0,0,0
2.2783999,0,0,0,0
2.2792001,0,0,0,0
2.28,0,0,0,0
2.2808001,0,0,0,0
2.2816,0,0,0,0
2.2823999,0,0,0,0
2.2832,0,0,0,0
2.2839999,0,0,0,0
2.2848001,0,0,0,0
2.2855999,0,0,0,0
2.2864001,0,0,0,0
2.2872,0,0,0,0
2.2880001,0,0,0,0
2.2888,0,0,0,0
2.2895999,0,0,0,0
2.2904,0,0,0,0
2.2911999,0,0,0,0
2.2920001,0,0,0,0
2.2927999,0,0,0,0
2.2936001,0,0,0,0
2.2944,0,0,0,0
2.2952001,0,0,0,0
2.296,0,0,0,0
2.2967999,0,0,0,0
2.2976,0,0,0,0
2.2983999,0,0,0,0
2.2992001,0,0,0,0
2.3,0,0,0,0
2.3008001,0,0,0,0
2.3016,0,0,0,0
2.3024001,0,0,0,0
2.3032,0,0,0,0
2.3039999,0,0,0,0
2.3048,0,0,0,0
2.3055999,0,0,0,0
2.3064001,0,0,0,0
2.3072,0,0,0,0
2.3080001,0,0,0,0
2.3088,0,0,0,0
2.3096001,0,0,0,0
2.3104,0,0,0,0
2.3111999,0,0,0,0
2.312,0,0,0,0
2.3127999,0,0,0,0
2.3136001,0,0,0,0
2.3144,0,0,0,0
2.3152001,0,0,0,0
2.316,0,0,0,0
2.3168001,0,0,0,0
2.3176,0,0,0,0
2.3183999,0,0,0,0
2.3192,0,0,0,0
2.3199999,0,0,0,0
2.3208001,0,0,0,0
2.3216,0,0,0,0
2.3224001,0,0,0,0
2.3232,0,0,0,0
2.3239999,0,0,0,0
2.3248,0,0,0,0
2.3255999,0,0,0,0
2.3264,0,0,0,0
2.3271999,0,0,0,0
2.3280001,0,0,0,0
2.3288,0,0,0,0
2.3296001,0,0,0,0
2.3304,0,0,0,0
2.3311999,0,0,0,0
2.332,0,0,0,0
2.3327999,0,0,0,0
2.3336,0,0,0,0
2.3343999,0,0,0,0
2.3352001,0,0,0,0
2.336,0,0,0,0
2.3368001,0,0,0,0
2.3376,0,0,0,0
2.3383999,0,0,0,0
2.3392,0,0,0,0
2.3399999,0,0,0,0
2.3408,0,0,0,0
2.3415999,0,0,0,0
2.3424001,0,0,0,0
2.3432,0,0,0,0
2.3440001,0,0,0,0
2.3448,0,0,0,0
2.3455999,0,0,0,0
2.3464,0,0,0,0
2.3471999,0,0,0,0
2.348,0,0,0,0
2.3487999,0,0,0,0
2.3496001,0,0,0,0
2.3504,0,0,0,0
2.3512001,0,0,0,0
2.352,0,0,0,0
2.3527999,0,0,0,0
2.3536,0,0,0,0
2.3543999,0,0,0,0
2.3552001,0,0,0,0
2.3559999,0,0,0,0
2.3568001,0,0,0,0
2.3576,0,0,0,0
2.3584001,0,0,0,0
2.3592,0,0,0,0
2.3599999,0,0,0,0
2.3608,0,0,0,0
2.3615999,0,0,0,0
2.3624001,0,0,0,0
2.3631999,0,0,0,0
2.3640001,0,0,0,0
2.3648,0,0,0,0
2.3656001,0,0,0,0
2.3664,0,0,0,0
2.3671999,0,0,0,0
2.368,0,0,0,0
2.3687999,0,0,0,0
2.3696001,0,0,0,0
2.3704,0,0,0,0
2.3712001,0,0,0,0
2.372,0,0,0,0
2.3728001,0,0,0,0
2.3736,0,0,0,0
2.3743999,0,0,0,0
2.3752,0,0,0,0
2.3759999,0,0,0,0
2.3768001,0,0,0,0
2.3776,0,0,0,0
2.3784001,0,0,0,0
2.3792,0,0,0,0
2.3800001,0,0,0,0
2.3808,0,0,0,0
2.3815999,0,0,0,0
2.3824,0,0,0,0
2.3831999,0,0,0,0
2.3840001,0,0,0,0
2.3848,0,0,0,0
2.3856001,0,0,0,0
2.3864,0,0,0,0
2.3872001,0,0,0,0
2.388,0,0,0,0
2.3887999,0,0,0,0
2.3896,0,0,0,0
2.3903999,0,0,0,0
2.3912001,0,0,0,0
2.392,0,0,0,0
2.3928001,0,0,0,0
2.3936,0,0,0,0
2.3943999,0,0,0,0
2.3952,0,0,0,0
2.3959999,0,0,0,0
2.3968,0,0,0,0
2.3975999,0,0,0,0
2.3984001,0,0,0,0
2.3992,0,0,0,0
2.4000001,0,0,0,0
2.4008,0,0,0,0
2.4015999,0,0,0,0
2.4024,0,0,0,0
2.4031999,0,0,0,0
2.404,0,0,0,0
2.4047999,0,0,0,0
2.4056001,0,0,0,0
2.4064,0,0,0,0
2.4072001,0,0,0,0
2.408,0,0,0,0
2.4087999,0,0,0,0
2.4096,0,0,0,0
2.4103999,0,0,0,0
2.4112,0,0,0,0
2.4119999,0,0,0,0
2.4128001,0,0,0,0
2.4136,0,0,0,0
2.4144001,0,0,0,0
2.4152,0,0,0,0
2.4159999,0,0,0,0
2.4168,0,0,0,0
2.4175999,0,0,0,0
2.4184,0,0,0,0
2.4191999,0,0,0,0
2.4200001,0,0,0,0
2.4208,0,0,0,0
2.4216001,0,0,0,0
2.4224,0,0,0,0
2.4231999,0,0,0,0
2.424,0,0,0,0
2.4247999,0,0,0,0
2.4256001,0,0,0,0
2.4263999,0,0,0,0
2.4272001,0,0,0,0
2.428,0,0,0,0
2.4288001,0,0,0,0
2.4296,0,0,0,0
2.4303999,0,0,0,0
2.4312,0,0,0,0
2.4319999,0,0,0,0
2.4328001,0,0,0,0
2.4335999,0,0,0,0
2.4344001,0,0,0,0
2.4352,0,0,0,0
2.4360001,0,0,0,0
2.4368,0,0,0,0
2.4375999,0,0,0,0
2.4384,0,0,0,0
2.4391999,0,0,0,0
2.4400001,0,0,0,0
2.4408,0,0,0,0
2.4416001,0,0,0,0
2.4424,0,0,0,0
2.4432001,0,0,0,0
2.444,0,0,0,0
2.4447999,0,0,0,0
2.4456,0,0,0,0
2.4463999,0,0,0,0
2.4472001,0,0,0,0
2.448,0,0,0,0
2.4488001,0,0,0,0
2.4496,0,0,0,0
2.4504001,0,0,0,0
2.4512,0,0,0,0
2.4519999,0,0,0,0
2.4528,0,0,0,0
2.4535999,0,0,0,0
2.4544001,0,0,0,0
2.4552,0,0,0,0
2.4560001,0,0,0,0
2.4568,0,0,0,0
2.4576001,0,0,0,0
2.4584,0,0,0,0
2.4591999,0,0,0,0
2.46,0,0,0,0
2.4607999,0,0,0,0
2.4616001,0,0,0,0
2.4624,0,0,0,0
2.4632001,0,0,0,0
2.464,0,0,0,0
2.4647999,0,0,0,0
2.4656,0,0,0,0
2.4663999,0,0,0,0
2.4672,0,0,0,0
2.4679999,0,0,0,0
2.4688001,0,0,0,0
2.4696,0,0,0,0
2.4704001,0,0,0,0
2.4712,0,0,0,0
2.4719999,0,0,0,0
2.4728,0,0,0,0
2.4735999,0,0,0,0
2.4744,0,0,0,0
2.4751999,0,0,0,0
2.4760001,0,0,0,0
2.4768,0,0,0,0
2.4776001,0,0,0,0
2.4784,0,0,0,0
2.4791999,0,0,0,0
2.48,0,0,0,0
2.4807999,0,0,0,0
2.4816,0,0,0,0
2.4823999,0,0,0,0
2.4832001,0,0,0,0
2.484,0,0,0,0
2.4848001,0,0,0,0
2.4856,0,0,0,0
2.4863999,0,0,0,0
2.4872,0,0,0,0
2.4879999,0,0,0,0
2.4888,0,0,0,0
2.4895999,0,0,0,0
2.4904001,0,0,0,0
2.4912,0,0,0,0
2.4920001,0,0,0,0
2.4928,0,0,0,0
2.4935999,0,0,0,0
2.4944,0,0,0,0
2.4951999,0,0,0,0
2.4960001,0,0,0,0
2.4967999,0,0,0,0
2.4976001,0,0,0,0
2.4984,0,0,0,0
2.4992001,0,0,0,0
2.5,0,0,0,0
2.5007999,0,0,0,0
2.5016,0,0,0,0
2.5023999,0,0,0,0
2.5032001,0,0,0,0
2.5039999,0,0,0,0
2.5048001,0,0,0,0
2.5056,0,0,0,0
2.5064001,0,0,0,0
2.5072,0,0,0,0
2.5079999,0,0,0,0
2.5088,0,0,0,0
2.5095999,0,0,0,0
2.5104001,0,0,0,0
2.5112,0,0,0,0
2.5120001,0,0,0,0
2.5128,0,0,0,0
2.5136001,0,0,0,0
2.5144,0,0,0,0
2.5151999,0,0,0,0
2.516,0,0,0,0
2.5167999,0,0,0,0
2.5176001,0,0,0,0
2.5184,0,0,0,0
2.5192001,0,0,0,0
2.52,0,0,0,0
2.5208001,0,0,0,0
2.5216,0,0,0,0
2.5223999,0,0,0,0
2.5232,0,0,0,0
2.5239999,0,0,0,0
2.5248001,0,0,0,0
2.5256,0,0,0,0
2.5264001,0,0,0,0
2.5272,0,0,0,0
2.5280001,0,0,0,0
2.5288,0,0,0,0
2.5295999,0,0,0,0
2.5304,0,0,0,0
2.5311999,0,0,0,0
2.5320001,0,0,0,0
2.5328,0,0,0,0
2.5336001,0,0,0,0
2.5344,0,0,0,0
2.5352001,0,0,0,0
2.536,0,0,0,0
2.5367999,0,0,0,0
2.5376,0,0,0,0
2.5383999,0,0,0,0
2.5392001,0,0,0,0
2.54,0,0,0,0
2.5408001,0,0,0,0
2.5416,0,0,0,0
2.5423999,0,0,0,0
2.5432,0,0,0,0
2.5439999,0,0,0,0
2.5448,0,0,0,0
2.5455999,0,0,0,0
2.5464001,0,0,0,0
2.5472,0,0,0,0
2.5480001,0,0,0,0
2.5488,0,0,0,0
2.5495999,0,0,0,0
2.5504,0,0,0,0
2.5511999,0,0,0,0
2.552,0,0,0,0
2.5527999,0,0,0,0
2.5536001,0,0,0,0
2.5544,0,0,0,0
2.5552001,0,0,0,0
2.556,0,0,0,0
2.5567999,0,0,0,0
2.5576,0,0,0,0
2.5583999,0,0,0,0
2.5592,0,0,0,0
2.5599999,0,0,0,0
2.5608001,0,0,0,0
2.5616,0,0,0,0
2.5624001,0,0,0,0
2.5632,0,0,0,0
2.5639999,0,0,0,0
2.5648,0,0,0,0
2.5655999,0,0,0,0
2.5664001,0,0,0,0
2.5671999,0,0,0,0
2.5680001,0,0,0,0
2.5688,0,0,0,0
2.5696001,0,0,0,0
2.5704,0,0,0,0
2.5711999,0,0,0,0
2.572,0,0,0,0
2.5727999,0,0,0,0
2.5736001,0,0,0,0
2.5743999,0,0,0,0
2.5752001,0,0,0,0
2.576,0,0,0,0
2.5768001,0,0,0,0
2.5776,0,0,0,0
2.5783999,0,0,0,0
2.5792,0,0,0,0
2.5799999,0,0,0,0
2.5808001,0,0,0,0
2.5816,0,0,0,0
2.5824001,0,0,0,0
2.5832,0,0,0,0
2.5840001,0,0,0,0
2.5848,0,0,0,0
2.5855999,0,0,0,0
2.5864,0,0,0,0
2.5871999,0,0,0,0
2.5880001,0,0,0,0
2.5888,0,0,0,0
2.5896001,0,0,0,0
2.5904,0,0,0,0
2.5912001,0,0,0,0
2.592,0,0,0,0
2.5927999,0,0,0,0
2.5936,0,0,0,0
2.5943999,0,0,0,0
2.5952001,0,0,0,0
2.596,0,0,0,0
2.5968001,0,0,0,0
2.5976,0,0,0,0
2.5984001,0,0,0,0
2.5992,0,0,0,0
2.5999999,0,0,0,0
2.6008,0,0,0,0
2.6015999,0,0,0,0
2.6024001,0,0,0,0
2.6032,0,0,0,0
2.6040001,0,0,0,0
2.6048,0,0,0,0
2.6056001,0,0,0,0
2.6064,0,0,0,0
2.6071999,0,0,0,0
2.608,0,0,0,0
2.6087999,0,0,0,0
2.6096001,0,0,0,0
2.6104,0,0,0,0
2.6112001,0,0,0,0
2.612,0,0,0,0
2.6127999,0,0,0,0
2.6136,0,0,0,0
2.6143999,0,0,0,0
2.6152,0,0,0,0
2.6159999,0,0,0,0
2.6168001,0,0,0,0
2.6176,0,0,0,0
2.6184001,0,0,0,0
2.6192,0,0,0,0
2.6199999,0,0,0,0
2.6208,0,0,0,0
2.6215999,0,0,0,0
2.6224,0,0,0,0
2.6231999,0,0,0,0
2.6240001,0,0,0,0
2.6248,0,0,0,0
2.6256001,0,0,0,0
2.6264,0,0,0,0
2.6271999,0,0,0,0
2.628,0,0,0,0
2.6287999,0,0,0,0
2.6296,0,0,0,0
2.6303999,0,0,0,0
2.6312001,0,0,0,0
2.632,0,0,0,0
2.6328001,0,0,0,0
2.6336,0,0,0,0
2.6343999,0,0,0,0
2.6352,0,0,0,0
2.6359999,0,0,0,0
2.6368001,0,0,0,0
2.6375999,0,0,0,0
2.6384001,0,0,0,0
2.6392,0,0,0,0
2.6400001,0,0,0,0
2.6408,0,0,0,0
2.6415999,0,0,0,0
2.6424,0,0,0,0
2.6431999,0,0,0,0
2.6440001,0,0,0,0
2.6447999,0,0,0,0
2.6456001,0,0,0,0
2.6464,0,0,0,0
2.6472001,0,0,0,0
2.648,0,0,0,0
2.6487999,0,0,0,0
2.6496,0,0,0,0
2.6503999,0,0,0,0
2.6512001,0,0,0,0
2.652,0,0,0,0
2.6528001,0,0,0,0
2.6536,0,0,0,0
2.6544001,0,0,0,0
2.6552,0,0,0,0
2.6559999,0,0,0,0
2.6568,0,0,0,0
2.6575999,0,0,0,0
2.6584001,0,0,0,0
2.6592,0,0,0,0
2.6600001,0,0,0,0
2.6608,0,0,0,0
2.6616001,0,0,0,0
2.6624,0,0,0,0
2.6631999,0,0,0,0
2.664,0,0,0,0
2.6647999,0,0,0,0
2.6656001,0,0,0,0
2.6664,0,0,0,0
2.6672001,0,0,0,0
2.668,0,0,0,0
2.6688001,0,0,0,0
2.6696,0,0,0,0
2.6703999,0,0,0,0
2.6712,0,0,0,0
2.6719999,0,0,0,0
2.6728001,0,0,0,0
2.6736,0,0,0,0
2.6744001,0,0,0,0
2.6752,0,0,0,0
2.6760001,0,0,0,0
2.6768,0,0,0,0
2.6775999,0,0,0,0
2.6784,0,0,0,0
2.6791999,0,0,0,0
2.6800001,0,0,0,0
2.6808,0,0,0,0
2.6816001,0,0,0,0
2.6824,0,0,0,0
2.6831999,0,0,0,0
2.684,0,0,0,0
2.6847999,0,0,0,0
2.6856,0,0,0,0
2.6863999,0,0,0,0
2.6872001,0,0,0,0
2.688,0,0,0,0
2.6888001,0,0,0,0
2.6896,0,0,0,0
2.6903999,0,0,0,0
2.6912,0,0,0,0
2.6919999,0,0,0,0
2.6928,0,0,0,0
2.6935999,0,0,0,0
2.6944001,0,0,0,0
2.6952,0,0,0,0
2.6960001,0,0,0,0
2.6968,0,0,0,0
2.6975999,0,0,0,0
2.6984,0,0,0,0
2.6991999,0,0,0,0
2.7,0,0,0,0
2.7007999,0,0,0,0
2.7016001,0,0,0,0
2.7024,0,0,0,0
2.7032001,0,0,0,0
2.704,0,0,0,0
2.7047999,0,0,0,0
2.7056,0,0,0,0
2.7063999,0,0,0,0
2.7072001,0,0,0,0
2.7079999,0,0,0,0
2.7088001,0,0,0,0
2.7096,0,0,0,0
2.7104001,0,0,0,0
2.7112,0,0,0,0
2.7119999,0,0,0,0
2.7128,0,0,0,0
2.7135999,0,0,0,0
2.7144001,0,0,0,0
2.7151999,0,0,0,0
2.7160001,0,0,0,0
2.7168,0,0,0,0
2.7176001,0,0,0,0
2.7184,0,0,0,0
2.7191999,0,0,0,0
2.72,0,0,0,0
2.7207999,0,0,0,0
2.7216001,0,0,0,0
2.7224,0,0,0,0
2.7232001,0,0,0,0
2.724,0,0,0,0
2.7248001,0,0,0,0
2.7256,0,0,0,0
2.7263999,0,0,0,0
2.7272,0,0,0,0
2.7279999,0,0,0,0
2.7288001,0,0,0,0
2.7296,0,0,0,0
2.7304001,0,0,0,0
2.7312,0,0,0,0
2.7320001,0,0,0,0
2.7328,0,0,0,0
2.7335999,0,0,0,0
2.7344,0,0,0,0
2.7351999,0,0,0,0
2.7360001,0,0,0,0
2.7368,0,0,0,0
2.7376001,0,0,0,0
2.7384,0,0,0,0
2.7392001,0,0,0,0
2.74,0,0,0,0
2.7407999,0,0,0,0
2.7416,0,0,0,0
2.7423999,0,0,0,0
2.7432001,0,0,0,0
2.744,0,0,0,0
2.7448001,0,0,0,0
2.7456,0,0,0,0
2.7464001,0,0,0,0
2.7472,0,0,0,0
2.7479999,0,0,0,0
2.7488,0,0,0,0
2.7495999,0,0,0,0
2.7504001,0,0,0,0
2.7512,0,0,0,0
2.7520001,0,0,0,0
2.7528,0,0,0,0
2.7535999,0,0,0,0
2.7544,0,0,0,0
2.7551999,0,0,0,0
2.756,0,0,0,0
2.7567999,0,0,0,0
2.7576001,0,0,0,0
2.7584,0,0,0,0
2.7592001,0,0,0,0
2.76,0,0,0,0
2.7607999,0,0,0,0
2.7616,0,0,0,0
2.7623999,0,0,0,0
2.7632,0,0,0,0
2.7639999,0,0,0,0
2.7648001,0,0,0,0
2.7656,0,0,0,0
2.7664001,0,0,0,0
2.7672,0,0,0,0
2.7679999,0,0,0,0
2.7688,0,0,0,0
2.7695999,0,0,0,0
2.7704,0,0,0,0
2.7711999,0,0,0,0
2.7720001,0,0,0,0
2.7728,0,0,0,0
2.7736001,0,0,0,0
2.7744,0,0,0,0
2.7751999,0,0,0,0
2.776,0,0,0,0
2.7767999,0,0,0,0
2.7776,0,0,0,0
2.7783999,0,0,0,0
2.7792001,0,0,0,0
2.78,0,0,0,0
2.7808001,0,0,0,0
2.7816,0,0,0,0
2.7823999,0,0,0,0
2.7832,0,0,0,0
2.7839999,0,0,0,0
2.7848001,0,0,0,0
2.7855999,0,0,0,0
2.7864001,0,0,0,0
2.7872,0,0,0,0
2.7880001,0,0,0,0
2.7888,0,0,0,0
2.7895999,0,0,0,0
2.7904,0,0,0,0
2.7911999,0,0,0,0
2.7920001,0,0,0,0
2.7927999,0,0,0,0
2.7936001,0,0,0,0
2.7944,0,0,0,0
2.7952001,0,0,0,0
2.796,0,0,0,0
2.7967999,0,0,0,0
2.7976,0,0,0,0
2.7983999,0,0,0,0
2.7992001,0,0,0,0
2.8,0,0,0,0
2.8008001,0,0,0,0
2.8016,0,0,0,0
2.8024001,0,0,0,0
2.8032,0,0,0,0
2.8039999,0,0,0,0
2.8048,0,0,0,0
2.8055999,0,0,0,0
2.8064001,0,0,0,0
2.8072,0,0,0,0
2.8080001,0,0,0,0
2.8088,0,0,0,0
2.8096001,0,0,0,0
2.8104,0,0,0,0
2.8111999,0,0,0,0
2.812,0,0,0,0
2.8127999,0,0,0,0
2.8136001,0,0,0,0
2.8144,0,0,0,0
2.8152001,0,0,0,0
2.816,0,0,0,0
2.8168001,0,0,0,0
2.8176,0,0,0,0
2.8183999,0,0,0,0
2.8192,0,0,0,0
2.8199999,0,0,0,0
2.8208001,0,0,0,0
2.8216,0,0,0,0
2.8224001,0,0,0,0
2.8232,0,0,0,0
2.8239999,0,0,0,0
2.8248,0,0,0,0
2.8255999,0,0,0,0
2.8264,0,0,0,0
2.8271999,0,0,0,0
2.8280001,0,0,0,0
2.8288,0,0,0,0
2.8296001,0,0,0,0
2.8304,0,0,0,0
2.8311999,0,0,0,0
2.832,0,0,0,0
2.8327999,0,0,0,0
2.8336,0,0,0,0
2.8343999,0,0,0,0
2.8352001,0,0,0,0
2.836,0,0,0,0
2.8368001,0,0,0,0
2.8376,0,0,0,0
2.8383999,0,0,0,0
2.8392,0,0,0,0
2.8399999,0,0,0,0
2.8408,0,0,0,0
2.8415999,0,0,0,0
2.8424001,0,0,0,0
2.8432,0,0,0,0
2.8440001,0,0,0,0
2.8448,0,0,0,0
2.8455999,0,0,0,0
2.8464,0,0,0,0
2.8471999,0,0,0,0
2.848,0,0,0,0
2.8487999,0,0,0,0
2.8496001,0,0,0,0
2.8504,0,0,0,0
2.8512001,0,0,0,0
2.852,0,0,0,0
2.8527999,0,0,0,0
2.8536,0,0,0,0
2.8543999,0,0,0,0
2.8552001,0,0,0,0
2.8559999,0,0,0,0
2.8568001,0,0,0,0
2.8576,0,0,0,0
2.8584001,0,0,0,0
2.8592,0,0,0,0
2.8599999,0,0,0,0
2.8608,0,0,0,0
2.8615999,0,0,0,0
2.8624001,0,0,0,0
2.8631999,0,0,0,0
2.8640001,0,0,0,0
2.8648,0,0,0,0
2.8656001,0,0,0,0
2.8664,0,0,0,0
2.8671999,0,0,0,0
2.868,0,0,0,0
2.8687999,0,0,0,0
2.8696001,0,0,0,0
2.8704,0,0,0,0
2.8712001,0,0,0,0
2.872,0,0,0,0
2.8728001,0,0,0,0
2.8736,0,0,0,0
2.8743999,0,0,0,0
2.8752,0,0,0,0
2.8759999,0,0,0,0
2.8768001,0,0,0,0
2.8776,0,0,0,0
2.8784001,0,0,0,0
2.8792,0,0,0,0
2.8800001,0,0,0,0
2.8808,0,0,0,0
2.8815999,0,0,0,0
2.8824,0,0,0,0
2.8831999,0,0,0,0
2.8840001,0,0,0,0
2.8848,0,0,0,0
2.8856001,0,0,0,0
2.8864,0,0,0,0
2.8872001,0,0,0,0
2.888,0,0,0,0
2.8887999,0,0,0,0
2.8896,0,0,0,0
2.8903999,0,0,0,0
2.8912001,0,0,0,0
2.892,0,0,0,0
2.8928001,0,0,0,0
2.8936,0,0,0,0
2.8943999,0,0,0,0
2.8952,0,0,0,0
2.8959999,0,0,0,0
2.8968,0,0,0,0
2.8975999,0,0,0,0
2.8984001,0,0,0,0
2.8992,0,0,0,0
2.9000001,0,0,0,0
2.9008,0,0,0,0
2.9015999,0,0,0,0
2.9024,0,0,0,0
2.9031999,0,0,0,0
2.904,0,0,0,0
2.9047999,0,0,0,0
2.9056001,0,0,0,0
2.9064,0,0,0,0
2.9072001,0,0,0,0
2.908,0,0,0,0
2.9087999,0,0,0,0
2.9096,0,0,0,0
2.9103999,0,0,0,0
2.9112,0,0,0,0
2.9119999,0,0,0,0
2.9128001,0,0,0,0
2.9136,0,0,0,0
2.9144001,0,0,0,0
2.9152,0,0,0,0
2.9159999,0,0,0,0
2.9168,0,0,0,0
2.9175999,0,0,0,0
2.9184,0,0,0,0
2.9191999,0,0,0,0
2.9200001,0,0,0,0
2.9208,0,0,0,0
2.9216001,0,0,0,0
2.9224,0,0,0,0
2.9231999,0,0,0,0
2.924,0,0,0,0
2.9247999,0,0,0,0
2.9256001,0,0,0,0
2.9263999,0,0,0,0
2.9272001,0,0,0,0
2.928,0,0,0,0
2.9288001,0,0,0,0
2.9296,0,0,0,0
2.9303999,0,0,0,0
2.9312,0,0,0,0
2.9319999,0,0,0,0
2.9328001,0,0,0,0
2.9335999,0,0,0,0
2.9344001,0,0,0,0
2.9352,0,0,0,0
2.9360001,0,0,0,0
2.9368,0,0,0,0
2.9375999,0,0,0,0
2.9384,0,0,0,0
2.9391999,0,0,0,0
2.9400001,0,0,0,0
2.9408,0,0,0,0
2.9416001,0,0,0,0
2.9424,0,0,0,0
2.9432001,0,0,0,0
2.944,0,0,0,0
2.9447999,0,0,0,0
2.9456,0,0,0,0
2.9463999,0,0,0,0
2.9472001,0,0,0,0
2.948,0,0,0,0
2.9488001,0,0,0,0
2.9496,0,0,0,0
2.9504001,0,0,0,0
2.9512,0,0,0,0
2.9519999,0,0,0,0
2.9528,0,0,0,0
2.9535999,0,0,0,0
2.9544001,0,0,0,0
2.9552,0,0,0,0
2.9560001,0,0,0,0
2.9568,0,0,0,0
2.9576001,0,0,0,0
2.9584,0,0,0,0
2.9591999,0,0,0,0
2.96,0,0,0,0
2.9607999,0,0,0,0
2.9616001,0,0,0,0
2.9624,0,0,0,0
2.9632001,0,0,0,0
2.964,0,0,0,0
2.9647999,0,0,0,0
2.9656,0,0,0,0
2.9663999,0,0,0,0
2.9672,0,0,0,0
2.9679999,0,0,0,0
2.9688001,0,0,0,0
2.9696,0,0,0,0
2.9704001,0,0,0,0
2.9712,0,0,0,0
2.9719999,0,0,0,0
2.9728,0,0,0,0
2.9735999,0,0,0,0
2.9744,0,0,0,0
2.9751999,0,0,0,0
2.9760001,0,0,0,0
2.9768,0,0,0,0
2.9776001,0,0,0,0
2.9784,0,0,0,0
2.9791999,0,0,0,0
2.98,0,0,0,0
2.9807999,0,0,0,0
2.9816,0,0,0,0
2.9823999,0,0,0,0
2.9832001,0,0,0,0
2.984,0,0,0,0
2.9848001,0,0,0,0
2.9856,0,0,0,0
2.9863999,0,0,0,0
2.9872,0,0,0,0
2.9879999,0,0,0,0
2.9888,0,0,0,0
2.9895999,0,0,0,0
2.9904001,0,0,0,0
2.9912,0,0,0,0
2.9920001,0,0,0,0
2.9928,0,0,0,0
2.9935999,0,0,0,0
2.9944,0,0,0,0
2.9951999,0,0,0,0
2.9960001,0,0,0,0
2.9967999,0,0,0,0
2.9976001,0,0,0,0
2.9984,0,0,0,0
2.9992001,0,0,0,0
3,0,0,0,0
3.0007999,0,0,0,0
3.0016,0,0,0,0
3.0023999,0,0,0,0
3.0032001,0,0,0,0
3.0039999,0,0,0,0
3.0048001,0,0,0,0
3.0056,0,0,0,0
3.0064001,0,0,0,0
3.0072,0,0,0,0
3.0079999,0,0,0,0
3.0088,0,0,0,0
3.0095999,0,0,0,0
3.0104001,0,0,0,0
3.0112,0,0,0,0
3.0120001,0,0,0,0
3.0128,0,0,0,0
3.0136001,0,0,0,0
3.0144,0,0,0,0
3.0151999,0,0,0,0
3.016,0,0,0,0
3.0167999,0,0,0,0
3.0176001,0,0,0,0
3.0184,0,0,0,0
3.0192001,0,0,0,0
3.02,0,0,0,0
3.0208001,0,0,0,0
3.0216,0,0,0,0
3.0223999,0,0,0,0
3.0232,0,0,0,0
3.0239999,0,0,0,0
3.0248001,0,0,0,0
3.0256,0,0,0,0
3.0264001,0,0,0,0
3.0272,0,0,0,0
3.0280001,0,0,0,0
3.0288,0,0,0,0
3.0295999,0,0,0,0
3.0304,0,0,0,0
3.0311999,0,0,0,0
3.0320001,0,0,0,0
3.0328,0,0,0,0
3.0336001,0,0,0,0
3.0344,0,0,0,0
3.0352001,0,0,0,0
3.036,0,0,0,0
3.0367999,0,0,0,0
3.0376,0,0,0,0
3.0383999,0,0,0,0
3.0392001,0,0,0,0
3.04,0,0,0,0
3.0408001,0,0,0,0
3.0416,0,0,0,0
3.0423999,0,0,0,0
3.0432,0,0,0,0
3.0439999,0,0,0,0
3.0448,0,0,0,0
3.0455999,0,0,0,0
3.0464001,0,0,0,0
3.0472,0,0,0,0
3.0480001,0,0,0,0
3.0488,0,0,0,0
3.0495999,0,0,0,0
3.0504,0,0,0,0
3.0511999,0,0,0,0
3.052,0,0,0,0
3.0527999,0,0,0,0
3.0536001,0,0,0,0
3.0544,0,0,0,0
3.0552001,0,0,0,0
3.056,0,0,0,0
3.0567999,0,0,0,0
3.0576,0,0,0,0
3.0583999,0,0,0,0
3.0592,0,0,0,0
3.0599999,0,0,0,0
3.0608001,0,0,0,0
3.0616,0,0,0,0
3.0624001,0,0,0,0
3.0632,0,0,0,0
3.0639999,0,0,0,0
3.0648,0,0,0,0
3.0655999,0,0,0,0
3.0664001,0,0,0,0
3.0671999,0,0,0,0
3.0680001,0,0,0,0
3.0688,0,0,0,0
3.0696001,0,0,0,0
3.0704,0,0,0,0
3.0711999,0,0,0,0
3.072,0,0,0,0
3.0727999,0,0,0,0
3.0736001,0,0,0,0
3.0743999,0,0,0,0
3.0752001,0,0,0,0
3.076,0,0,0,0
3.0768001,0,0,0,0
3.0776,0,0,0,0
3.0783999,0,0,0,0
3.0792,0,0,0,0
3.0799999,0,0,0,0
3.0808001,0,0,0,0
3.0816,0,0,0,0
3.0824001,0,0,0,0
3.0832,0,0,0,0
3.0840001,0,0,0,0
3.0848,0,0,0,0
3.0855999,0,0,0,0
3.0864,0,0,0,0
3.0871999,0,0,0,0
3.0880001,0,0,0,0
3.0888,0,0,0,0
3.0896001,0,0,0,0
3.0904,0,0,0,0
3.0912001,0,0,0,0
3.092,0,0,0,0
3.0927999,0,0,0,0
3.0936,0,0,0,0
3.0943999,0,0,0,0
3.0952001,0,0,0,0
3.096,0,0,0,0
3.0968001,0,0,0,0
3.0976,0,0,0,0
3.0984001,0,0,0,0
3.0992,0,0,0,0
3.0999999,0,0,0,0
3.1008,0,0,0,0
3.1015999,0,0,0,0
3.1024001,0,0,0,0
3.1032,0,0,0,0
3.1040001,0,0,0,0
3.1048,0,0,0,0
3.1056001,0,0,0,0
3.1064,0,0,0,0
3.1071999,0,0,0,0
3.108,0,0,0,0
3.1087999,0,0,0,0
3.1096001,0,0,0,0
3.1104,0,0,0,0
3.1112001,0,0,0,0
3.112,0,0,0,0
3.1127999,0,0,0,0
3.1136,0,0,0,0
3.1143999,0,0,0,0
3.1152,0,0,0,0
3.1159999,0,0,0,0
3.1168001,0,0,0,0
3.1176,0,0,0,0
3.1184001,0,0,0,0
3.1192,0,0,0,0
3.1199999,0,0,0,0
3.1208,0,0,0,0
3.1215999,0,0,0,0
3.1224,0,0,0,0
3.1231999,0,0,0,0
3.1240001,0,0,0,0
3.1248,0,0,0,0
3.1256001,0,0,0,0
3.1264,0,0,0,0
3.1271999,0,0,0,0
3.128,0,0,0,0
3.1287999,0,0,0,0
3.1296,0,0,0,0
3.1303999,0,0,0,0
3.1312001,0,0,0,0
3.132,0,0,0,0
3.1328001,0,0,0,0
3.1336,0,0,0,0
3.1343999,0,0,0,0
3.1352,0,0,0,0
3.1359999,0,0,0,0
3.1368001,0,0,0,0
3.1375999,0,0,0,0
3.1384001,0,0,0,0
3.1392,0,0,0,0
3.1400001,0,0,0,0
3.1408,0,0,0,0
3.1415999,0,0,0,0
3.1424,0,0,0,0
3.1431999,0,0,0,0
3.1440001,0,0,0,0
3.1447999,0,0,0,0
3.1456001,0,0,0,0
3.1464,0,0,0,0
3.1472001,0,0,0,0
3.148,0,0,0,0
3.1487999,0,0,0,0
3.1496,0,0,0,0
3.1503999,0,0,0,0
3.1512001,0,0,0,0
3.152,0,0,0,0
3.1528001,0,0,0,0
3.1536,0,0,0,0
3.1544001,0,0,0,0
3.1552,0,0,0,0
3.1559999,0,0,0,0
3.1568,0,0,0,0
3.1575999,0,0,0,0
3.1584001,0,0,0,0
3.1592,0,0,0,0
3.1600001,0,0,0,0
3.1608,0,0,0,0
3.1616001,0,0,0,0
3.1624,0,0,0,0
3.1631999,0,0,0,0
3.164,0,0,0,0
3.1647999,0,0,0,0
3.1656001,0,0,0,0
3.1664,0,0,0,0
3.1672001,0,0,0,0
3.168,0,0,0,0
3.1688001,0,0,0,0
3.1696,0,0,0,0
3.1703999,0,0,0,0
3.1712,0,0,0,0
3.1719999,0,0,0,0
3.1728001,0,0,0,0
3.1736,0,0,0,0
3.1744001,0,0,0,0
3.1752,0,0,0,0
3.1760001,0,0,0,0
3.1768,0,0,0,0
3.1775999,0,0,0,0
3.1784,0,0,0,0
3.1791999,0,0,0,0
3.1800001,0,0,0,0
3.1808,0,0,0,0
3.1816001,0,0,0,0
3.1824,0,0,0,0
3.1831999,0,0,0,0
3.184,0,0,0,0
3.1847999,0,0,0,0
3.1856,0,0,0,0
3.1863999,0,0,0,0
3.1872001,0,0,0,0
3.188,0,0,0,0
3.1888001,0,0,0,0
3.1896,0,0,0,0
3.1903999,0,0,0,0
3.1912,0,0,0,0
3.1919999,0,0,0,0
3.1928,0,0,0,0
3.1935999,0,0,0,0
3.1944001,0,0,0,0
3.1952,0,0,0,0
3.1960001,0,0,0,0
3.1968,0,0,0,0
3.1975999,0,0,0,0
3.1984,0,0,0,0
3.1991999,0,0,0,0
3.2,0,0,0,0
3.2007999,0,0,0,0
3.2016001,0,0,0,0
3.2024,0,0,0,0
3.2032001,0,0,0,0
3.204,0,0,0,0
3.2047999,0,0,0,0
3.2056,0,0,0,0
3.2063999,0,0,0,0
3.2072001,0,0,0,0
3.2079999,0,0,0,0
3.2088001,0,0,0,0
3.2096,0,0,0,0
3.2104001,0,0,0,0
3.2112,0,0,0,0
3.2119999,0,0,0,0
3.2128,0,0,0,0
3.2135999,0,0,0,0
3.2144001,0,0,0,0
3.2151999,0,0,0,0
3.2160001,0,0,0,0
3.2168,0,0,0,0
3.2176001,0,0,0,0
3.2184,0,0,0,0
3.2191999,0,0,0,0
3.22,0,0,0,0
3.2207999,0,0,0,0
3.2216001,0,0,0,0
3.2224,0,0,0,0
3.2232001,0,0,0,0
3.224,0,0,0,0
3.2248001,0,0,0,0
3.2256,0,0,0,0
3.2263999,0,0,0,0
3.2272,0,0,0,0
3.2279999,0,0,0,0
3.2288001,0,0,0,0
3.2296,0,0,0,0
3.2304001,0,0,0,0
3.2312,0,0,0,0
3.2320001,0,0,0,0
3.2328,0,0,0,0
3.2335999,0,0,0,0
3.2344,0,0,0,0
3.2351999,0,0,0,0
3.2360001,0,0,0,0
3.2368,0,0,0,0
3.2376001,0,0,0,0
3.2384,0,0,0,0
3.2392001,0,0,0,0
3.24,0,0,0,0
3.2407999,0,0,0,0
3.2416,0,0,0,0
3.2423999,0,0,0,0
3.2432001,0,0,0,0
3.244,0,0,0,0
3.2448001,0,0,0,0
3.2456,0,0,0,0
3.2464001,0,0,0,0
3.2472,0,0,0,0
3.2479999,0,0,0,0
3.2488,0,0,0,0
3.2495999,0,0,0,0
3.2504001,0,0,0,0
3.2512,0,0,0,0
3.2520001,0,0,0,0
3.2528,0,0,0,0
3.2535999,0,0,0,0
3.2544,0,0,0,0
3.2551999,0,0,0,0
3.256,0,0,0,0
3.2567999,0,0,0,0
3.2576001,0,0,0,0
3.2584,0,0,0,0
3.2592001,0,0,0,0
3.26,0,0,0,0
3.2607999,0,0,0,0
3.2616,0,0,0,0
3.2623999,0,0,0,0
3.2632,0,0,0,0
3.2639999,0,0,0,0
3.2648001,0,0,0,0
3.2656,0,0,0,0
3.2664001,0,0,0,0
3.2672,0,0,0,0
3.2679999,0,0,0,0
3.2688,0,0,0,0
3.2695999,0,0,0,0
3.2704,0,0,0,0
3.2711999,0,0,0,0
3.2720001,0,0,0,0
3.2728,0,0,0,0
3.2736001,0,0,0,0
3.2744,0,0,0,0
3.2751999,0,0,0,0
3.276,0,0,0,0
3.2767999,0,0,0,0
3.2776,0,0,0,0
3.2783999,0,0,0,0
3.2792001,0,0,0,0
3.28,0,0,0,0
3.2808001,0,0,0,0
3.2816,0,0,0,0
3.2823999,0,0,0,0
3.2832,0,0,0,0
3.2839999,0,0,0,0
3.2848001,0,0,0,0
3.2855999,0,0,0,0
3.2864001,0,0,0,0
3.2872,0,0,0,0
3.2880001,0,0,0,0
3.2888,0,0,0,0
3.2895999,0,0,0,0
3.2904,0,0,0,0
3.2911999,0,0,0,0
3.2920001,0,0,0,0
3.2927999,0,0,0,0
3.2936001,0,0,0,0
3.2944,0,0,0,0
3.2952001,0,0,0,0
3.296,0,0,0,0
3.2967999,0,0,0,0
3.2976,0,0,0,0
3.2983999,0,0,0,0
3.2992001,0,0,0,0
3.3,0,0,0,0
3.3008001,0,0,0,0
3.3016,0,0,0,0
3.3024001,0,0,0,0
3.3032,0,0,0,0
3.3039999,0,0,0,0
3.3048,0,0,0,0
3.3055999,0,0,0,0
3.3064001,0,0,0,0
3.3072,0,0,0,0
3.3080001,0,0,0,0
3.3088,0,0,0,0
3.3096001,0,0,0,0
3.3104,0,0,0,0
3.3111999,0,0,0,0
3.312,0,0,0,0
3.3127999,0,0,0,0
3.3136001,0,0,0,0
3.3144,0,0,0,0
3.3152001,0,0,0,0
3.316,0,0,0,0
3.3168001,0,0,0,0
3.3176,0,0,0,0
3.3183999,0,0,0,0
3.3192,0,0,0,0
3.3199999,0,0,0,0
3.3208001,0,0,0,0
3.3216,0,0,0,0
3.3224001,0,0,0,0
3.3232,0,0,0,0
3.3239999,0,0,0,0
3.3248,0,0,0,0
3.3255999,0,0,0,0
3.3264,0,0,0,0
3.3271999,0,0,0,0
3.3280001,0,0,0,0
3.3288,0,0,0,0
3.3296001,0,0,0,0
3.3304,0,0,0,0
3.3311999,0,0,0,0
3.332,0,0,0,0
3.3327999,0,0,0,0
3.3336,0,0,0,0
3.3343999,0,0,0,0
3.3352001,0,0,0,0
3.336,0,0,0,0
3.3368001,0,0,0,0
3.3376,0,0,0,0
3.3383999,0,0,0,0
3.3392,0,0,0,0
3.3399999,0,0,0,0
3.3408,0,0,0,0
3.3415999,0,0,0,0
3.3424001,0,0,0,0
3.3432,0,0,0,0
3.3440001,0,0,0,0
3.3448,0,0,0,0
3.3455999,0,0,0,0
3.3464,0,0,0,0
3.3471999,0,0,0,0
3.348,0,0,0,0
3.3487999,0,0,0,0
3.3496001,0,0,0,0
3.3504,0,0,0,0
3.3512001,0,0,0,0
3.352,0,0,0,0
3.3527999,0,0,0,0
3.3536,0,0,0,0
3.3543999,0,0,0,0
3.3552001,0,0,0,0
3.3559999,0,0,0,0
3.3568001,0,0,0,0
3.3576,0,0,0,0
3.3584001,0,0,0,0
3.3592,0,0,0,0
3.3599999,0,0,0,0
3.3608,0,0,0,0
3.3615999,0,0,0,0
3.3624001,0,0,0,0
3.3631999,0,0,0,0
3.3640001,0,0,0,0
3.3648,0,0,0,0
3.3656001,0,0,0,0
3.3664,0,0,0,0
3.3671999,0,0,0,0
3.368,0,0,0,0
3.3687999,0,0,0,0
3.3696001,0,0,0,0
3.3704,0,0,0,0
3.3712001,0,0,0,0
3.372,0,0,0,0
3.3728001,0,0,0,0
3.3736,0,0,0,0
3.3743999,0,0,0,0
3.3752,0,0,0,0
3.3759999,0,0,0,0
3.3768001,0,0,0,0
3.3776,0,0,0,0
3.3784001,0,0,0,0
3.3792,0,0,0,0
3.3800001,0,0,0,0
3.3808,0,0,0,0
3.3815999,0,0,0,0
3.3824,0,0,0,0
3.3831999,0,0,0,0
3.3840001,0,0,0,0
3.3848,0,0,0,0
3.3856001,0,0,0,0
3.3864,0,0,0,0
3.3872001,0,0,0,0
3.388,0,0,0,0
3.3887999,0,0,0,0
3.3896,0,0,0,0
3.3903999,0,0,0,0
3.3912001,0,0,0,0
3.392,0,0,0,0
3.3928001,0,0,0,0
3.3936,0,0,0,0
3.3943999,0,0,0,0
3.3952,0,0,0,0
3.3959999,0,0,0,0
3.3968,0,0,0,0
3.3975999,0,0,0,0
3.3984001,0,0,0,0
3.3992,0,0,0,0
3.4000001,0,0,0,0
3.4008,0,0,0,0
3.4015999,0,0,0,0
3.4024,0,0,0,0
3.4031999,0,0,0,0
3.404,0,0,0,0
3.4047999,0,0,0,0
3.4056001,0,0,0,0
3.4064,0,0,0,0
3.4072001,0,0,0,0
3.408,0,0,0,0
3.4087999,0,0,0,0
3.4096,0,0,0,0
3.4103999,0,0,0,0
3.4112,0,0,0,0
3.4119999,0,0,0,0
3.4128001,0,0,0,0
3.4136,0,0,0,0
3.4144001,0,0,0,0
3.4152,0,0,0,0
3.4159999,0,0,0,0
3.4168,0,0,0,0
3.4175999,0,0,0,0
3.4184,0,0,0,0
3.4191999,0,0,0,0
3.4200001,0,0,0,0
3.4208,0,0,0,0
3.4216001,0,0,0,0
3.4224,0,0,0,0
3.4231999,0,0,0,0
3.424,0,0,0,0
3.4247999,0,0,0,0
3.4256001,0,0,0,0
3.4263999,0,0,0,0
3.4272001,0,0,0,0
3.428,0,0,0,0
3.4288001,0,0,0,0
3.4296,0,0,0,0
3.4303999,0,0,0,0
3.4312,0,0,0,0
3.4319999,0,0,0,0
3.4328001,0,0,0,0
3.4335999,0,0,0,0
3.4344001,0,0,0,0
3.4352,0,0,0,0
3.4360001,0,0,0,0
3.4368,0,0,0,0
3.4375999,0,0,0,0
3.4384,0,0,0,0
3.4391999,0,0,0,0
3.4400001,0,0,0,0
3.4408,0,0,0,0
3.4416001,0,0,0,0
3.4424,0,0,0,0
3.4432001,0,0,0,0
3.444,0,0,0,0
3.4447999,0,0,0,0
3.4456,0,0,0,0
3.4463999,0,0,0,0
3.4472001,0,0,0,0
3.448,0,0,0,0
3.4488001,0,0,0,0
3.4496,0,0,0,0
3.4504001,0,0,0,0
3.4512,0,0,0,0
3.4519999,0,0,0,0
3.4528,0,0,0,0
3.4535999,0,0,0,0
3.4544001,0,0,0,0
3.4552,0,0,0,0
3.4560001,0,0,0,0
3.4568,0,0,0,0
3.4576001,0,0,0,0
3.4584,0,0,0,0
3.4591999,0,0,0,0
3.46,0,0,0,0
3.4607999,0,0,0,0
3.4616001,0,0,0,0
3.4624,0,0,0,0
3.4632001,0,0,0,0
3.464,0,0,0,0
3.4647999,0,0,0,0
3.4656,0,0,0,0
3.4663999,0,0,0,0
3.4672,0,0,0,0
3.4679999,0,0,0,0
3.4688001,0,0,0,0
3.4696,0,0,0,0
3.4704001,0,0,0,0
3.4712,0,0,0,0
3.4719999,0,0,0,0
3.4728,0,0,0,0
3.4735999,0,0,0,0
3.4744,0,0,0,0
3.4751999,0,0,0,0
3.4760001,0,0,0,0
3.4768,0,0,0,0
3.4776001,0,0,0,0
3.4784,0,0,0,0
3.4791999,0,0,0,0
3.48,0,0,0,0
3.4807999,0,0,0,0
3.4816,0,0,0,0
3.4823999,0,0,0,0
3.4832001,0,0,0,0
3.484,0,0,0,0
3.4848001,0,0,0,0
3.4856,0,0,0,0
3.4863999,0,0,0,0
3.4872,0,0,0,0
3.4879999,0,0,0,0
3.4888,0,0,0,0
3.4895999,0,0,0,0
3.4904001,0,0,0,0
3.4912,0,0,0,0
3.4920001,0,0,0,0
3.4928,0,0,0,0
3.4935999,0,0,0,0
3.4944,0,0,0,0
3.4951999,0,0,0,0
3.4960001,0,0,0,0
3.4967999,0,0,0,0
3.4976001,0,0,0,0
3.4984,0,0,0,0
3.4992001,0,0,0,0
3.5,0,0,0,0
3.5007999,0,0,0,0
3.5016,0,0,0,0
3.5023999,0,0,0,0
3.5032001,0,0,0,0
3.5039999,0,0,0,0
3.5048001,0,0,0,0
3.5056,0,0,0,0
3.5064001,0,0,0,0
3.5072,0,0,0,0
3.5079999,0,0,0,0
3.5088,0,0,0,0
3.5095999,0,0,0,0
3.5104001,0,0,0,0
3.5112,0,0,0,0
3.5120001,0,0,0,0
3.5128,0,0,0,0
3.5136001,0,0,0,0
3.5144,0,0,0,0
3.5151999,0,0,0,0
3.516,0,0,0,0
3.5167999,0,0,0,0
3.5176001,0,0,0,0
3.5184,0,0,0,0
3.5192001,0,0,0,0
3.52,0,0,0,0
3.5208001,0,0,0,0
3.5216,0,0,0,0
3.5223999,0,0,0,0
3.5232,0,0,0,0
3.5239999,0,0,0,0
3.5248001,0,0,0,0
3.5256,0,0,0,0
3.5264001,0,0,0,0
3.5272,0,0,0,0
3.5280001,0,0,0,0
3.5288,0,0,0,0
3.5295999,0,0,0,0
3.5304,0,0,0,0
3.5311999,0,0,0,0
3.5320001,0,0,0,0
3.5328,0,0,0,0
3.5336001,0,0,0,0
3.5344,0,0,0,0
3.5352001,0,0,0,0
3.536,0,0,0,0
3.5367999,0,0,0,0
3.5376,0,0,0,0
3.5383999,0,0,0,0
3.5392001,0,0,0,0
3.54,0,0,0,0
3.5408001,0,0,0,0
3.5416,0,0,0,0
3.5423999,0,0,0,0
3.5432,0,0,0,0
3.5439999,0,0,0,0
3.5448,0,0,0,0
3.5455999,0,0,0,0
3.5464001,0,0,0,0
3.5472,0,0,0,0
3.5480001,0,0,0,0
3.5488,0,0,0,0
3.5495999,0,0,0,0
3.5504,0,0,0,0
3.5511999,0,0,0,0
3.552,0,0,0,0
3.5527999,0,0,0,0
3.5536001,0,0,0,0
3.5544,0,0,0,0
3.5552001,0,0,0,0
3.556,0,0,0,0
3.5567999,0,0,0,0
3.5576,0,0,0,0
3.5583999,0,0,0,0
3.5592,0,0,0,0
3.5599999,0,0,0,0
3.5608001,0,0,0,0
3.5616,0,0,0,0
3.5624001,0,0,0,0
3.5632,0,0,0,0
3.5639999,0,0,0,0
3.5648,0,0,0,0
3.5655999,0,0,0,0
3.5664001,0,0,0,0
3.5671999,0,0,0,0
3.5680001,0,0,0,0
3.5688,0,0,0,0
3.5696001,0,0,0,0
3.5704,0,0,0,0
3.5711999,0,0,0,0
3.572,0,0,0,0
3.5727999,0,0,0,0
3.5736001,0,0,0,0
3.5743999,0,0,0,0
3.5752001,0,0,0,0
3.576,0,0,0,0
3.5768001,0,0,0,0
3.5776,0,0,0,0
3.5783999,0,0,0,0
3.5792,0,0,0,0
3.5799999,0,0,0,0
3.5808001,0,0,0,0
3.5816,0,0,0,0
3.5824001,0,0,0,0
3.5832,0,0,0,0
3.5840001,0,0,0,0
3.5848,0,0,0,0
3.5855999,0,0,0,0
3.5864,0,0,0,0
3.5871999,0,0,0,0
3.5880001,0,0,0,0
3.5888,0,0,0,0
3.5896001,0,0,0,0
3.5904,0,0,0,0
3.5912001,0,0,0,0
3.592,0,0,0,0
3.5927999,0,0,0,0
3.5936,0,0,0,0
3.5943999,0,0,0,0
3.5952001,0,0,0,0
3.596,0,0,0,0
3.5968001,0,0,0,0
3.5976,0,0,0,0
3.5984001,0,0,0,0
3.5992,0,0,0,0
3.5999999,0,0,0,0
3.6008,0,0,0,0
3.6015999,0,0,0,0
3.6024001,0,0,0,0
3.6032,0,0,0,0
3.6040001,0,0,0,0
3.6048,0,0,0,0
3.6056001,0,0,0,0
3.6064,0,0,0,0
3.6071999,0,0,0,0
3.608,0,0,0,0
3.6087999,0,0,0,0
3.6096001,0,0,0,0
3.6104,0,0,0,0
3.6112001,0,0,0,0
3.612,0,0,0,0
3.6127999,0,0,0,0
3.6136,0,0,0,0
3.6143999,0,0,0,0
3.6152,0,0,0,0
3.6159999,0,0,0,0
3.6168001,0,0,0,0
3.6176,0,0,0,0
3.6184001,0,0,0,0
3.6192,0,0,0,0
3.6199999,0,0,0,0
3.6208,0,0,0,0
3.6215999,0,0,0,0
3.6224,0,0,0,0
3.6231999,0,0,0,0
3.6240001,0,0,0,0
3.6248,0,0,0,0
3.6256001,0,0,0,0
3.6264,0,0,0,0
3.6271999,0,0,0,0
3.628,0,0,0,0
3.6287999,0,0,0,0
3.6296,0,0,0,0
3.6303999,0,0,0,0
3.6312001,0,0,0,0
3.632,0,0,0,0
3.6328001,0,0,0,0
3.6336,0,0,0,0
3.6343999,0,0,0,0
3.6352,0,0,0,0
3.6359999,0,0,0,0
3.6368001,0,0,0,0
3.6375999,0,0,0,0
3.6384001,0,0,0,0
3.6392,0,0,0,0
3.6400001,0,0,0,0
3.6408,0,0,0,0
3.6415999,0,0,0,0
3.6424,0,0,0,0
3.6431999,0,0,0,0
3.6440001,0,0,0,0
3.6447999,0,0,0,0
3.6456001,0,0,0,0
3.6464,0,0,0,0
3.6472001,0,0,0,0
3.648,0,0,0,0
3.6487999,0,0,0,0
3.6496,0,0,0,0
3.6503999,0,0,0,0
3.6512001,0,0,0,0
3.652,0,0,0,0
3.6528001,0,0,0,0
3.6536,0,0,0,0
3.6544001,0,0,0,0
3.6552,0,0,0,0
3.6559999,0,0,0,0
3.6568,0,0,0,0
3.6575999,0,0,0,0
3.6584001,0,0,0,0
3.6592,0,0,0,0
3.6600001,0,0,0,0
3.6608,0,0,0,0
3.6616001,0,0,0,0
3.6624,0,0,0,0
3.6631999,0,0,0,0
3.664,0,0,0,0
3.6647999,0,0,0,0
3.6656001,0,0,0,0
3.6664,0,0,0,0
3.6672001,0,0,0,0
3.668,0,0,0,0
3.6688001,0,0,0,0
3.6696,0,0,0,0
3.6703999,0,0,0,0
3.6712,0,0,0,0
3.6719999,0,0,0,0
3.6728001,0,0,0,0
3.6736,0,0,0,0
3.6744001,0,0,0,0
3.6752,0,0,0,0
3.6760001,0,0,0,0
3.6768,0,0,0,0
3.6775999,0,0,0,0
3.6784,0,0,0,0
3.6791999,0,0,0,0
3.6800001,0,0,0,0
3.6808,0,0,0,0
3.6816001,0,0,0,0
3.6824,0,0,0,0
3.6831999,0,0,0,0
3.684,0,0,0,0
3.6847999,0,0,0,0
3.6856,0,0,0,0
3.6863999,0,0,0,0
3.6872001,0,0,0,0
3.688,0,0,0,0
3.6888001,0,0,0,0
3.6896,0,0,0,0
3.6903999,0,0,0,0
3.6912,0,0,0,0
3.6919999,0,0,0,0
3.6928,0,0,0,0
3.6935999,0,0,0,0
3.6944001,0,0,0,0
3.6952,0,0,0,0
3.6960001,0,0,0,0
3.6968,0,0,0,0
3.6975999,0,0,0,0
3.6984,0,0,0,0
3.6991999,0,0,0,0
3.7,0,0,0,0
3.7007999,0,0,0,0
3.7016001,0,0,0,0
3.7024,0,0,0,0
3.7032001,0,0,0,0
3.704,0,0,0,0
3.7047999,0,0,0,0
3.7056,0,0,0,0
3.7063999,0,0,0,0
3.7072001,0,0,0,0
3.7079999,0,0,0,0
3.7088001,0,0,0,0
3.7096,0,0,0,0
3.7104001,0,0,0,0
3.7112,0,0,0,0
3.7119999,0,0,0,0
3.7128,0,0,0,0
3.7135999,0,0,0,0
3.7144001,0,0,0,0
3.7151999,0,0,0,0
3.7160001,0,0,0,0
3.7168,0,0,0,0
3.7176001,0,0,0,0
3.7184,0,0,0,0
3.7191999,0,0,0,0
3.72,0,0,0,0
3.7207999,0,0,0,0
3.7216001,0,0,0,0
3.7224,0,0,0,0
3.7232001,0,0,0,0
3.724,0,0,0,0
3.7248001,0,0,0,0
3.7256,0,0,0,0
3.7263999,0,0,0,0
3.7272,0,0,0,0
3.7279999,0,0,0,0
3.7288001,0,0,0,0
3.7296,0,0,0,0
3.7304001,0,0,0,0
3.7312,0,0,0,0
3.7320001,0,0,0,0
3.7328,0,0,0,0
3.7335999,0,0,0,0
3.7344,0,0,0,0
3.7351999,0,0,0,0
3.7360001,0,0,0,0
3.7368,0,0,0,0
3.7376001,0,0,0,0
3.7384,0,0,0,0
3.7392001,0,0,0,0
3.74,0,0,0,0
3.7407999,0,0,0,0
3.7416,0,0,0,0
3.7423999,0,0,0,0
3.7432001,0,0,0,0
3.744,0,0,0,0
3.7448001,0,0,0,0
3.7456,0,0,0,0
3.7464001,0,0,0,0
3.7472,0,0,0,0
3.7479999,0,0,0,0
3.7488,0,0,0,0
3.7495999,0,0,0,0
3.7504001,0,0,0,0
3.7512,0,0,0,0
3.7520001,0,0,0,0
3.7528,0,0,0,0
3.7535999,0,0,0,0
3.7544,0,0,0,0
3.7551999,0,0,0,0
3.756,0,0,0,0
3.7567999,0,0,0,0
3.7576001,0,0,0,0
3.7584,0,0,0,0
3.7592001,0,0,0,0
3.76,0,0,0,0
3.7607999,0,0,0,0
3.7616,0,0,0,0
3.7623999,0,0,0,0
3.7632,0,0,0,0
3.7639999,0,0,0,0
3.7648001,0,0,0,0
3.7656,0,0,0,0
3.7664001,0,0,0,0
3.7672,0,0,0,0
3.7679999,0,0,0,0
3.7688,0,0,0,0
3.7695999,0,0,0,0
3.7704,0,0,0,0
3.7711999,0,0,0,0
3.7720001,0,0,0,0
3.7728,0,0,0,0
3.7736001,0,0,0,0
3.7744,0,0,0,0
3.7751999,0,0,0,0
3.776,0,0,0,0
3.7767999,0,0,0,0
3.7776,0,0,0,0
3.7783999,0,0,0,0
3.7792001,0,0,0,0
3.78,0,0,0,0
3.7808001,0,0,0,0
3.7816,0,0,0,0
3.7823999,0,0,0,0
3.7832,0,0,0,0
3.7839999,0,0,0,0
3.7848001,0,0,0,0
3.7855999,0,0,0,0
3.7864001,0,0,0,0
3.7872,0,0,0,0
3.7880001,0,0,0,0
3.7888,0,0,0,0
3.7895999,0,0,0,0
3.7904,0,0,0,0
3.7911999,0,0,0,0
3.7920001,0,0,0,0
3.7927999,0,0,0,0
3.7936001,0,0,0,0
3.7944,0,0,0,0
3.7952001,0,0,0,0
3.796,0,0,0,0
3.7967999,0,0,0,0
3.7976,0,0,0,0
3.7983999,0,0,0,0
3.7992001,0,0,0,0
3.8,0,0,0,0
3.8008001,0,0,0,0
3.8016,0,0,0,0
3.8024001,0,0,0,0
3.8032,0,0,0,0
3.8039999,0,0,0,0
3.8048,0,0,0,0
3.8055999,0,0,0,0
3.8064001,0,0,0,0
3.8072,0,0,0,0
3.8080001,0,0,0,0
3.8088,0,0,0,0
3.8096001,0,0,0,0
3.8104,0,0,0,0
3.8111999,0,0,0,0
3.812,0,0,0,0
3.8127999,0,0,0,0
3.8136001,0,0,0,0
3.8144,0,0,0,0
3.8152001,0,0,0,0
3.816,0,0,0,0
3.8168001,0,0,0,0
3.8176,0,0,0,0
3.8183999,0,0,0,0
3.8192,0,0,0,0
3.8199999,0,0,0,0
3.8208001,0,0,0,0
3.8216,0,0,0,0
3.8224001,0,0,0,0
3.8232,0,0,0,0
3.8239999,0,0,0,0
3.8248,0,0,0,0
3.8255999,0,0,0,0
3.8264,0,0,0,0
3.8271999,0,0,0,0
3.8280001,0,0,0,0
3.8288,0,0,0,0
3.8296001,0,0,0,0
3.8304,0,0,0,0
3.8311999,0,0,0,0
3.832,0,0,0,0
3.8327999,0,0,0,0
3.8336,0,0,0,0
3.8343999,0,0,0,0
3.8352001,0,0,0,0
3.836,0,0,0,0
3.8368001,0,0,0,0
3.8376,0,0,0,0
3.8383999,0,0,0,0
3.8392,0,0,0,0
3.8399999,0,0,0,0
3.8408,0,0,0,0
3.8415999,0,0,0,0
3.8424001,0,0,0,0
3.8432,0,0,0,0
3.8440001,0,0,0,0
3.8448,0,0,0,0
3.8455999,0,0,0,0
3.8464,0,0,0,0
3.8471999,0,0,0,0
3.848,0,0,0,0
3.8487999,0,0,0,0
3.8496001,0,0,0,0
3.8504,0,0,0,0
3.8512001,0,0,0,0
3.852,0,0,0,0
3.8527999,0,0,0,0
3.8536,0,0,0,0
3.8543999,0,0,0,0
3.8552001,0,0,0,0
3.8559999,0,0,0,0
3.8568001,0,0,0,0
3.8576,0,0,0,0
3.8584001,0,0,0,0
3.8592,0,0,0,0
3.8599999,0,0,0,0
3.8608,0,0,0,0
3.8615999,0,0,0,0
3.8624001,0,0,0,0
3.8631999,0,0,0,0
3.8640001,0,0,0,0
3.8648,0,0,0,0
3.8656001,0,0,0,0
3.8664,0,0,0,0
3.8671999,0,0,0,0
3.868,0,0,0,0
3.8687999,0,0,0,0
3.8696001,0,0,0,0
3.8704,0,0,0,0
3.8712001,0,0,0,0
3.872,0,0,0,0
3.8728001,0,0,0,0
3.8736,0,0,0,0
3.8743999,0,0,0,0
3.8752,0,0,0,0
3.8759999,0,0,0,0
3.8768001,0,0,0,0
3.8776,0,0,0,0
3.8784001,0,0,0,0
3.8792,0,0,0,0
3.8800001,0,0,0,0
3.8808,0,0,0,0
3.8815999,0,0,0,0
3.8824,0,0,0,0
3.8831999,0,0,0,0
3.8840001,0,0,0,0
3.8848,0,0,0,0
3.8856001,0,0,0,0
3.8864,0,0,0,0
3.8872001,0,0,0,0
3.888,0,0,0,0
3.8887999,0,0,0,0
3.8896,0,0,0,0
3.8903999,0,0,0,0
3.8912001,0,0,0,0
3.892,0,0,0,0
3.8928001,0,0,0,0
3.8936,0,0,0,0
3.8943999,0,0,0,0
3.8952,0,0,0,0
3.8959999,0,0,0,0
3.8968,0,0,0,0
3.8975999,0,0,0,0
3.8984001,0,0,0,0
3.8992,0,0,0,0
3.9000001,0,0,0,0
3.9008,0,0,0,0
3.9015999,0,0,0,0
3.9024,0,0,0,0
3.9031999,0,0,0,0
3.904,0,0,0,0
3.9047999,0,0,0,0
3.9056001,0,0,0,0
3.9064,0,0,0,0
3.9072001,0,0,0,0
3.908,0,0,0,0
3.9087999,0,0,0,0
3.9096,0,0,0,0
3.9103999,0,0,0,0
3.9112,0,0,0,0
3.9119999,0,0,0,0
3.9128001,0,0,0,0
3.9136,0,0,0,0
3.9144001,0,0,0,0
3.9152,0,0,0,0
3.9159999,0,0,0,0
3.9168,0,0,0,0
3.9175999,0,0,0,0
3.9184,0,0,0,0
3.9191999,0,0,0,0
3.9200001,0,0,0,0
3.9208,0,0,0,0
3.9216001,0,0,0,0
3.9224,0,0,0,0
3.9231999,0,0,0,0
3.924,0,0,0,0
3.9247999,0,0,0,0
3.9256001,0,0,0,0
3.9263999,0,0,0,0
3.9272001,0,0,0,0
3.928,0,0,0,0
3.9288001,0,0,0,0
3.9296,0,0,0,0
3.9303999,0,0,0,0
3.9312,0,0,0,0
3.9319999,0,0,0,0
3.9328001,0,0,0,0
3.9335999,0,0,0,0
3.9344001,0,0,0,0
3.9352,0,0,0,0
3.9360001,0,0,0,0
3.9368,0,0,0,0
3.9375999,0,0,0,0
3.9384,0,0,0,0
3.9391999,0,0,0,0
3.9400001,0,0,0,0
3.9408,0,0,0,0
3.9416001,0,0,0,0
3.9424,0,0,0,0
3.9432001,0,0,0,0
3.944,0,0,0,0
3.9447999,0,0,0,0
3.9456,0,0,0,0
3.9463999,0,0,0,0
3.9472001,0,0,0,0
3.948,0,0,0,0
3.9488001,0,0,0,0
3.9496,0,0,0,0
3.9504001,0,0,0,0
3.9512,0,0,0,0
3.9519999,0,0,0,0
3.9528,0,0,0,0
3.9535999,0,0,0,0
3.9544001,0,0,0,0
3.9552,0,0,0,0
3.9560001,0,0,0,0
3.9568,0,0,0,0
3.9576001,0,0,0,0
3.9584,0,0,0,0
3.9591999,0,0,0,0
3.96,0,0,0,0
3.9607999,0,0,0,0
3.9616001,0,0,0,0
3.9624,0,0,0,0
3.9632001,0,0,0,0
3.964,0,0,0,0
3.9647999,0,0,0,0
3.9656,0,0,0,0
3.9663999,0,0,0,0
3.9672,0,0,0,0
3.9679999,0,0,0,0
3.9688001,0,0,0,0
3.9696,0,0,0,0
3.9704001,0,0,0,0
3.9712,0,0,0,0
3.9719999,0,0,0,0
3.9728,0,0,0,0
3.9735999,0,0,0,0
3.9744,0,0,0,0
3.9751999,0,0,0,0
3.9760001,0,0,0,0
3.9768,0,0,0,0
3.9776001,0,0,0,0
3.9784,0,0,0,0
3.9791999,0,0,0,0
3.98,0,0,0,0
3.9807999,0,0,0,0
3.9816,0,0,0,0
3.9823999,0,0,0,0
3.9832001,0,0,0,0
3.984,0,0,0,0
3.9848001,0,0,0,0
3.9856,0,0,0,0
3.9863999,0,0,0,0
3.9872,0,0,0,0
3.9879999,0,0,0,0
3.9888,0,0,0,0
3.9895999,0,0,0,0
3.9904001,0,0,0,0
3.9912,0,0,0,0
3.9920001,0,0,0,0
3.9928,0,0,0,0
3.9935999,0,0,0,0
3.9944,0,0,0,0
3.9951999,0,0,0,0
3.9960001,0,0,0,0
3.9967999,0,0,0,0
3.9976001,0,0,0,0
3.9984,0,0,0,0
3.9992001,0,0,0,0
4,0,0,0,0
4,0,0,0,0
