"Time","ramp.y","oLine1.p2.v","oLine2.p2.v","oLine3.p2.v","oLine4.p2.v","tLine1.p2.v","tLine2.p2.v","tLine3.p2.v","tLine4.p2.v"
0,0,0,0,0,0,0,0,0,0
4e-06,0,0,0,0,0,0,0,0,0
8e-06,0,0,0,0,0,0,0,0,0
1.2e-05,0,0,0,0,0,0,0,0,0
1.6e-05,0,0,0,0,0,0,0,0,0
1.9999999e-05,0,0,0,0,0,0,0,0,0
2.4000001e-05,0,0,0,0,0,0,0,0,0
2.8e-05,0,0,0,0,0,0,0,0,0
3.2e-05,0,0,0,0,0,0,0,0,0
3.6000001e-05,0,0,0,0,0,0,0,0,0
3.9999999e-05,0,0,0,0,0,0,0,0,0
4.4e-05,0,0,0,0,0,0,0,0,0
4.8000002e-05,0,0,0,0,0,0,0,0,0
5.1999999e-05,0,0,0,0,0,0,0,0,0
5.6000001e-05,0,0,0,0,0,0,0,0,0
5.9999998e-05,0,0,0,0,0,0,0,0,0
6.4e-05,0,0,0,0,0,0,0,0,0
6.8000001e-05,0,0,0,0,0,0,0,0,0
7.2000003e-05,0,0,0,0,0,0,0,0,0
7.5999997e-05,0,0,0,0,0,0,0,0,0
7.9999998e-05,0,0,0,0,0,0,0,0,0
8.3999999e-05,0,0,0,0,0,0,0,0,0
8.8000001e-05,0,0,0,0,0,0,0,0,0
9.2000002e-05,0,0,0,0,0,0,0,0,0
9.6000003e-05,0,0,0,0,0,0,0,0,0
9.9999997e-05,0,0,0,0,0,0,0,0,0
0.000104,0,0,0,0,0,0,0,0,0
0.000108,0,0,0,0,0,0,0,0,0
0.000112,0,0,0,0,0,0,0,0,0
0.000116,0,0,0,0,0,0,0,0,0
0.00012,0,0,0,0,0,0,0,0,0
0.000124,0,0,0,0,0,0,0,0,0
0.000128,0,0,0,0,0,0,0,0,0
0.000132,0,0,0,0,0,0,0,0,0
0.000136,0,0,0,0,0,0,0,0,0
0.00014,0,0,0,0,0,0,0,0,0
0.00014400001,0,0,0,0,0,0,0,0,0
0.00014800001,0,0,0,0,0,0,0,0,0
0.00015199999,0,0,0,0,0,0,0,0,0
0.00015599999,0,0,0,0,0,0,0,0,0
0.00016,0,0,0,0,0,0,0,0,0
0.000164,0,0,0,0,0,0,0,0,0
0.000168,0,0,0,0,0,0,0,0,0
0.000172,0,0,0,0,0,0,0,0,0
0.000176,0,0,0,0,0,0,0,0,0
0.00018,0,0,0,0,0,0,0,0,0
0.000184,0,0,0,0,0,0,0,0,0
0.00018800001,0,0,0,0,0,0,0,0,0
0.00019200001,0,0,0,0,0,0,0,0,0
0.00019599999,0,0,0,0,0,0,0,0,0
0.00019999999,0,0,0,0,0,0,0,0,0
0.000204,0,0,0,0,0,0,0,0,0
0.000208,0,0,0,0,0,0,0,0,0
0.000212,0,0,0,0,0,0,0,0,0
0.000216,0,0,0,0,0,0,0,0,0
0.00022,0,0,0,0,0,0,0,0,0
0.000224,0,0,0,0,0,0,0,0,0
0.000228,0,0,0,0,0,0,0,0,0
0.00023200001,0,0,0,0,0,0,0,0,0
0.00023600001,0,0,0,0,0,0,0,0,0
0.00023999999,0,0,0,0,0,0,0,0,0
0.000244,0,0,0,0,0,0,0,0,0
0.000248,0,0,0,0,0,0,0,0,0
0.000252,0,0,0,0,0,0,0,0,0
0.000256,0,0,0,0,0,0,0,0,0
0.00026,0,0,0,0,0,0,0,0,0
0.000264,0,0,0,0,0,0,0,0,0
0.000268,0,0,0,0,0,0,0,0,0
0.000272,0,0,0,0,0,0,0,0,0
0.00027600001,0,0,0,0,0,0,0,0,0
0.00028000001,0,0,0,0,0,0,0,0,0
0.00028400001,0,0,0,0,0,0,0,0,0
0.00028800001,0,0,0,0,0,0,0,0,0
0.00029200001,0,0,0,0,0,0,0,0,0
0.00029600001,0,0,0,0,0,0,0,0,0
0.00030000001,0,0,0,0,0,0,0,0,0
0.00030399999,0,0,0,0,0,0,0,0,0
0.00030799999,0,0,0,0,0,0,0,0,0
0.00031199999,0,0,0,0,0,0,0,0,0
0.00031599999,0,0,0,0,0,0,0,0,0
0.00031999999,0,0,0,0,0,0,0,0,0
0.00032399999,0,0,0,0,0,0,0,0,0
0.00032799999,0,0,0,0,0,0,0,0,0
0.000332,0,0,0,0,0,0,0,0,0
0.000336,0,0,0,0,0,0,0,0,0
0.00034,0,0,0,0,0,0,0,0,0
0.000344,0,0,0,0,0,0,0,0,0
0.000348,0,0,0,0,0,0,0,0,0
0.000352,0,0,0,0,0,0,0,0,0
0.000356,0,0,0,0,0,0,0,0,0
0.00036000001,0,0,0,0,0,0,0,0,0
0.00036400001,0,0,0,0,0,0,0,0,0
0.00036800001,0,0,0,0,0,0,0,0,0
0.00037200001,0,0,0,0,0,0,0,0,0
0.00037600001,0,0,0,0,0,0,0,0,0
0.00038000001,0,0,0,0,0,0,0,0,0
0.00038400001,0,0,0,0,0,0,0,0,0
0.00038799999,0,0,0,0,0,0,0,0,0
0.00039199999,0,0,0,0,0,0,0,0,0
0.00039599999,0,0,0,0,0,0,0,0,0
0.00039999999,0,0,0,0,0,0,0,0,0
0.00040399999,0.079999998,-4.2412342e-18,-1.5401991e-35,-0,0,0,0,0,0
0.00040799999,0.16,-3.5560614e-16,-9.141209e-33,0,0,0,0,0,0
0.00041199999,0.23999999,3.5529246e-13,-2.7236807e-28,3.3631163e-44,0,0,0,0,0
0.000416,0.31999999,2.9702633e-11,-7.6637751e-26,5.1385615e-41,0,0,0,0,0
0.00042,0.40000001,7.9900619e-10,-7.2306864e-24,8.3411002e-39,0,0,0,0,0
0.000424,0.47999999,1.1671951e-08,-1.5157697e-22,-9.3146035e-38,0,0,0,0,0
0.000428,0.56,1.0750175e-07,7.395506e-21,-6.8855839e-35,0,0,0,0,0
0.000432,0.63999999,7.1326411e-07,4.6864264e-19,-3.5647968e-33,-0,0,0,0,0
0.000436,0.72000003,3.695121e-06,1.2757868e-17,-2.2546519e-32,-0,0,0,0,0
0.00044,0.80000001,1.5727399e-05,2.3045202e-16,5.6600425e-30,-4.3440252e-44,0,0,0,0
0.000444,0.88,5.6926427e-05,3.0917977e-15,3.4016942e-28,-1.4349296e-42,0,0,0,0
0.00044800001,0.95999998,0.00017969919,3.2647448e-14,1.1236525e-26,1.1098284e-41,0,0,0,0
0.00044999999,1,0.00030518605,9.831239e-14,5.6362429e-26,3.2509564e-40,0,0,0,0
0.00044999999,1,0.00030518605,9.831239e-14,5.6362429e-26,3.2509564e-40,0,0,0,0
0.00045200001,1,0.00050444109,2.8128243e-13,2.516095e-25,2.8274798e-39,0,0,0,0
0.00045600001,1,0.0012775011,2.0528702e-12,4.4073627e-24,1.3914057e-37,0,0,0,0
0.00046000001,1,0.0029540933,1.3076621e-11,6.6412401e-23,5.1110586e-36,0,0,0,0
0.00046400001,1,0.0062967194,7.3128524e-11,8.3762947e-22,1.3907487e-34,0,0,0,0
0.00046800001,1,0.012468696,3.6508807e-10,9.167944e-21,3.1333676e-33,0,0,0,0
0.00047200001,1,0.023084771,1.6452842e-09,8.8429847e-20,6.0554104e-32,0,0,0,0
0.00047599999,1,0.040174842,6.7525319e-09,7.5854856e-19,1.0174299e-30,0,0,0,0
0.00047999999,1,0.066020235,2.5437423e-08,5.8374562e-18,1.5039375e-29,0.018861169,0,1.6948184e-32,-1.540744e-33
0.00048399999,1,0.10284589,8.8560846e-08,4.0624134e-17,1.9755789e-28,0.098861173,-1.9721523e-31,4.9303807e-32,-1.540744e-33
0.00048799999,1,0.15239289,2.86675e-07,2.5752062e-16,2.3267591e-27,0.17886117,-1.9445421e-28,-4.8968094e-27,7.7037198e-34
0.00049200002,1,0.21544507,8.6738225e-07,1.496246e-15,2.4718134e-26,0.25886118,0,-2.6963019e-32,-3.8518599e-34
0.00049599999,1,0.29142457,2.464524e-06,8.0153339e-15,2.3843424e-25,0.33886117,-1.9721523e-31,5.1768997e-31,-3.0814879e-33
0.00050000002,1,0.37818468,6.6031134e-06,3.980054e-14,2.1010046e-24,0.41886118,-1.9721523e-31,-3.1925748e-32,2.3111159e-33
0.000504,1,0.47210112,1.6743394e-05,1.840851e-13,1.7007614e-23,0.49886116,-1.9721523e-31,1.9952634e-31,-3.0814879e-33
0.00050800003,1,0.56849307,4.0310875e-05,7.9647053e-13,1.2702869e-22,0.57886118,-3.9443045e-31,-4.0059343e-32,-3.0814879e-33
0.000512,1,0.66231012,9.2413589e-05,3.2365636e-12,8.7949847e-22,0.65886116,9.2976773e-26,-1.4130776e-26,1.6497115e-27
0.00051599997,1,0.74893081,0.00020225435,1.2397697e-11,5.668886e-21,0.73886114,-3.6734198e-40,-3.1568452e-41,-2.8698593e-42
0.00052,1,0.82486558,0.00042354682,4.4913261e-11,3.4149709e-20,0.81886119,1.8367099e-40,-1.5066761e-41,5.7397185e-42
0.00052399997,1,0.88817334,0.0008504198,1.543401e-10,1.9291536e-19,0.89886117,5.9213053e-25,1.044613e-26,6.7465388e-27
0.000528,1,0.93848032,0.0016401622,5.0448717e-10,1.0254195e-18,0.97886115,-2.7550649e-40,-3.1568452e-41,-2.8698593e-42
0.00053199998,1,0.97662109,0.0030434858,1.5724627e-09,5.1444885e-18,1,1.9668533e-26,-5.6213743e-27,-9.7538972e-28
0.00053600001,1,1.0040501,0.0054415432,4.6845123e-09,2.4429388e-17,1,-1.1479437e-41,-2.8698593e-42,-3.5873241e-43
0.00053999998,1,1.0222527,0.0093865963,1.3366316e-08,1.10085e-16,1,-0,0,-0
0.00054400001,1,1.0323774,0.015640095,3.6598269e-08,4.7191234e-16,1,0,0,-0
0.00054799998,1,1.0352186,0.025198393,9.6333991e-08,1.9288924e-15,1,-0,-0,-0
0.00055200001,1,1.0315226,0.039293338,2.4415897e-07,7.5330757e-15,1,-0,0,-0
0.00055599998,1,1.0224446,0.059353571,5.9674346e-07,2.8164228e-14,1,0.0044467966,-3.8518599e-34,6.0715664e-33
0.00056000001,1,1.0098983,0.086914092,1.4083846e-06,1.009908e-13,1,0.037722338,-4.1323234e-32,3.7343833e-32
0.00056399999,1,0.99657166,0.12346753,3.213828e-06,3.4791064e-13,1,0.11772234,-4.5813895e-29,-1.75419e-27
0.00056800002,1,0.98551071,0.17026074,7.0989863e-06,1.1532805e-12,1,0.19772235,-1.4909613e-28,-5.6864341e-27
0.00057199999,1,0.97936678,0.22805437,1.519524e-05,3.6840344e-12,1,0.27772233,9.2835842e-31,1.5414792e-31
0.00057600002,1,0.97957224,0.29687825,3.1548938e-05,1.1356248e-11,1,0.35772234,7.7687199e-31,5.897308e-31
0.00057999999,1,0.98578209,0.37582755,6.3594896e-05,3.3824436e-11,1,0.43772233,-1.9604763e-31,3.4405092e-32
0.00058400002,1,0.99585539,0.46295103,0.00012456112,9.7460415e-11,1,0.51772237,-2.4659163e-31,2.1734919e-31
0.000588,1,1.0064589,0.55527627,0.00023724597,2.7196759e-10,1,0.59772235,2.2215597e-26,-5.0622968e-27
0.00059200003,1,1.0141343,0.64899993,0.00043972116,7.357927e-10,1,0.67772233,7.2013251e-26,-1.6409378e-26
0.000596,1,1.0164669,0.73983997,0.00079359428,1.9318473e-09,1,0.75772232,-2.3805539e-40,-4.205577e-41
0.00060000003,1,1.0129269,0.82351243,0.0013954649,4.9268238e-09,1,0.83772236,1.408361e-25,3.7422517e-27
0.000604,1,1.005051,0.89625931,0.0023920634,1.2215589e-08,1,0.91772234,4.5644118e-25,1.2130578e-26
0.00060799997,1,0.99587083,0.95533329,0.0039991969,2.9469126e-08,1,0.98384494,4.4625684e-27,-2.0138174e-27
0.000612,1,0.98878646,0.99934244,0.0065239752,6.9223873e-08,1,1,1.4473105e-26,-6.5278263e-27
0.00061599998,1,0.98630303,1.0283788,0.010388805,1.5844844e-07,1,1,-5.7397185e-42,-5.7397185e-42
0.00062000001,1,0.98911297,1.0439005,0.016154334,3.536336e-07,1,1,-0,0
0.00062399998,1,0.99588007,1.0483913,0.02453706,7.7005922e-07,1,1,-0,0
0.00062800001,1,1.0038078,1.0448757,0.036415815,1.6370196e-06,1,1,-0,0
0.00063199998,1,1.009765,1.0364031,0.052820306,3.3992278e-06,1,1,0.0010483974,-4.039056e-35
0.00063600001,1,1.01152,1.0256174,0.074894674,6.898043e-06,1,1,0.012291993,-1.4520711e-32
0.00063999998,1,1.0085899,1.0145041,0.10383017,1.3686703e-05,1,1,0.056583509,-1.6458896e-29
0.00064400001,1,1.0023738,1.0043458,0.14076398,2.6563976e-05,1,1,0.13658351,-1.0661343e-28
0.00064799999,1,0.99552834,0.99585539,0.18664595,5.0453273e-05,1,1,0.21658351,-1.7280575e-28
0.00065200002,1,0.99085134,0.98940414,0.2420816,9.3811497e-05,1,1,0.2965835,1.3579523e-30
0.00065599999,1,0.99014199,0.9852336,0.30716702,0.00017082422,1,1,0.37658352,8.3354963e-31
0.00066000002,1,0.99350178,0.98356211,0.38133851,0.00030472924,1,1,0.4565835,-3.1607781e-31
0.00066399999,1,0.99935466,0.98454547,0.4632642,0.00053270109,1,1,0.53658348,7.8525194e-27
0.00066800002,1,1.0051597,0.98812056,0.55080706,0.00091281038,1,1,0.61658353,5.0910365e-26
0.00067199999,1,1.0085015,0.99381989,0.64108253,0.001533619,1,1,0.69658351,8.2514013e-26
0.00067600003,1,1.0080935,1.0006709,0.73062551,0.0025269489,1,1,0.77658349,5.0020955e-26
0.00068,1,1.0042758,1.0072719,0.81566352,0.0040842276,1,1,0.85658354,3.2425846e-25
0.00068400003,1,0.99881232,1.012071,0.89247411,0.0064765057,1,1,0.9333117,5.2715872e-25
0.000688,1,0.99409205,1.0137885,0.95778561,0.010077719,1,1,0.98765373,1.0772501e-26
0.00069199997,1,0.99209243,1.01185,1.009163,0.015390001,1,1,1,1.7464046e-26
0.000696,1,0.99355131,1.0066644,1.0453166,0.023068812,1,1,1,0
0.00069999998,1,0.99769664,0.99961698,1.0662752,0.033944413,1,1,1,-0
0.00070400001,1,1.0026325,0.99273187,1.0733835,0.049034942,1,1,1,-0
0.00070799998,1,1.0061955,0.98808151,1.0691129,0.069545105,1,1,1,0.00037558089
0.00071200001,1,1.0068991,0.9871217,1.0567108,0.096843868,1,1,1,0.0056209713
0.00071599998,1,1.0045531,0.99017906,1.0397426,0.13241449,1,1,1,0.034544729
0.00072000001,1,1.0003005,0.99628758,1.0216074,0.17777163,1,1,1,0.11463773
0.00072399998,1,0.99607325,1.0034585,1.005115,0.23434283,1,1,1,0.23619723
0.00072800001,1,0.99372041,1.0093181,0.99219739,0.30331635,1,1,1,0.35775673
0.00073199999,1,0.99420232,1.0119094,0.98379958,0.3854627,1,1,1,0.47931626
0.00073600002,1,0.99719936,1.0103774,0.97995663,0.48094469,1,1,1,0.60087574
0.00073999999,1,1.0012959,1.0052891,0.98001707,0.58913696,1,1,1,0.7224353
0.00074400002,1,1.0046418,0.99845457,0.98294741,0.70848233,1,1,1,0.8439948
0.00074799999,1,1.0057834,0.99229842,0.98763537,0.83641446,1,1,1,0.9655543
0.00075200002,1,1.0042948,0.98899585,0.99312216,0.96937531,1,1,1,1.0871137
0.00075599999,1,1.0009316,0.98968565,0.99872214,1.1029489,1,1,1,1.2086734
0.00076000002,1,0.99725741,0.99405205,1.0040277,1.2321211,1,1,1,1.3290607
0.000764,1,0.99492162,1.000439,1.0088352,1.3516563,1,1,1,1.4376291
0.00076800003,1,0.99492109,1.0064631,1.0130502,1.4565634,1,1,1,1.5051568
0.000772,1,0.99717575,1.0099015,1.0166295,1.5426022,1,1,1,1.5194938
0.00077599997,1,1.0005988,1.0095237,1.019598,1.6067668,1,1,1,1.5194938
0.00078,1,1.0036148,1.0055497,1.022138,1.6476729,1,1,1,1.5194938
0.00078399997,1,1.0048817,0.99955642,1.0247114,1.6657819,1,1,1.0000303,1.5194938
0.000788,1,1.0038871,0.9938665,1.0281512,1.6634113,1,1,1.0005512,1.5194938
0.00079199998,1,1.0011526,0.99065137,1.0336568,1.6445082,1,1,1.0042531,1.5194938
0.00079600001,1,0.99796844,0.99109656,1.0426584,1.6142018,1,1,1.0182662,1.5194938
0.00079999998,1,0.99578756,0.99495399,1.0565568,1.5781862,1,1,1.0489913,1.5194938
0.00080400001,1,0.99556494,1.0006564,1.0764042,1.5420244,1,1,1.0905508,1.5194938
0.00080799998,1,0.9973402,1.0059485,1.1026173,1.5104765,1,1,1.1321104,1.5194938
0.00081200001,1,1.0002465,1.0087852,1.1348227,1.4869622,1,1,1.1736698,1.5194938
0.00081599999,1,1.00293,1.00814,1.1719017,1.4732454,1,1,1.2152294,1.5194938
0.00082000002,1,1.0041779,1.0044041,1.2122338,1.4693881,1,1,1.2567888,1.5194938
0.00082399999,1,1.0034655,0.99921894,1.2540762,1.4739749,1,1,1.2983483,1.5194938
0.00082800002,1,1.0011758,0.99481374,1.2959576,1.4845537,1,1,1.3399079,1.5194938
0.00083199999,1,0.99839872,0.99311924,1.3369484,1.4981989,1,1,1.3814673,1.5194938
0.00083600002,1,0.99641573,0.99501795,1.3767109,1.5120828,1,1,1.4229324,1.5194938
0.00083999999,1,0.9961096,1.0000349,1.4152974,1.5239432,1,1,1.4631385,1.5194938
0.00084400002,1,0.9975723,1.006593,1.4527643,1.5323673,1,1,1.4969485,1.5194938
0.000848,1,1.0000848,1.0127243,1.4887452,1.5368581,1,1,1.5157478,1.5194938
0.00085200003,1,1.0024673,1.0169449,1.5221545,1.5377009,1,1,1.5194938,1.5194938
0.000856,1,1.0036325,1.0189337,1.551167,1.5356984,1,1,1.5194938,1.5194938
0.00085999997,1,1.0030806,1.0197387,1.5735292,1.5318596,1,1.0000072,1.5194938,1.5194938
0.000864,1,1.0011135,1.0214314,1.5871396,1.5271355,1,1.0001531,1.5194938,1.5194938
0.00086799997,1,0.99867618,1.0263574,1.5907309,1.5222603,1,1.001424,1.5194938,1.5194938
0.000872,1,0.9969061,1.0362948,1.5844288,1.5177215,1,1.0075569,1.5194938,1.5194938
0.00087599998,1,0.99660707,1.0518698,1.5699778,1.5138302,1,1.0255101,1.5194938,1.5194938
0.00088000001,1,0.99788934,1.0724593,1.5505238,1.5108334,1,1.0587896,1.5194938,1.5194938
0.00088399998,1,1.0001385,1.0966094,1.529979,1.5089992,1,1.1003491,1.5194938,1.5194938
0.00088800001,1,1.0023201,1.1227723,1.512138,1.5086246,1,1.1419086,1.5194938,1.5194938
0.00089199998,1,1.0034705,1.1500399,1.4998051,1.5099473,1,1.1834681,1.5194938,1.5194938
0.00089600001,1,1.0031466,1.1785445,1.4941989,1.5129986,1,1.2250276,1.5194938,1.5194938
0.00089999998,1,1.0016264,1.2093529,1.4948163,1.5174577,1,1.2665871,1.5194938,1.5194938
0.00090400001,1,0.99977452,1.2438906,1.4997895,1.5225893,1,1.3081466,1.5194938,1.5194938
0.00090799999,1,0.99864662,1.2831383,1.5066055,1.527321,1,1.3497062,1.5194938,1.5194938
0.00091200002,1,0.99901837,1.3269395,1.5129431,1.5304693,1,1.3912433,1.5194938,1.5194938
0.00091599999,1,1.001063,1.3737175,1.5173435,1.5310696,1,1.4324116,1.5194938,1.5194938
0.00092000002,1,1.0043232,1.4207256,1.5195043,1.5287104,1,1.4711097,1.5194938,1.5194938
0.00092399999,1,1.0079859,1.4647356,1.5201254,1.523752,1,1.5013807,1.5194938,1.5194938
0.00092800002,1,1.0113276,1.5028934,1.5203999,1.5173358,1,1.516631,1.5194938,1.5194938
0.000932,1,1.0141206,1.5334059,1.5213709,1.5111418,1,1.5194938,1.5194938,1.5194938
0.00093600003,1,1.0168158,1.5558074,1.5234175,1.506941,1.0000017,1.5194938,1.5194938,1.5194938
0.00094,1,1.0204215,1.5707403,1.5260702,1.5060613,1.0000416,1.5194938,1.5194938,1.5194938
0.00094400003,1,1.0261405,1.5793877,1.528224,1.5089365,1.0004528,1.5194938,1.5194938,1.5194938
0.000948,1,1.0349388,1.5828402,1.5286486,1.5148947,1.00287,1.5194938,1.5194938,1.5194938
0.00095199997,1,1.0472438,1.581691,1.526583,1.5222822,1.0117897,1.5194938,1.5194938,1.5194938
0.000956,1,1.0629035,1.5760309,1.5221574,1.5289136,1.0333562,1.5194938,1.5194938,1.5194938
0.00095999998,1,1.0814152,1.5658259,1.5164596,1.5327291,1.0685878,1.5194938,1.5194938,1.5194938
0.00096400001,1,1.1023,1.5514741,1.5112015,1.5324583,1.1101474,1.5194938,1.5194938,1.5194938
0.00096799998,1,1.1254376,1.5342457,1.5081071,1.5280693,1.1517068,1.5194938,1.5194938,1.5194938
0.00097200001,1,1.1511898,1.5163605,1.5082583,1.520841,1.1932664,1.5194938,1.5194938,1.5194938
0.00097599998,1,1.1802503,1.5006068,1.5116591,1.5130074,1.2348258,1.5194938,1.5194938,1.5194938
0.00098000001,1,1.21328,1.4896209,1.5171968,1.5070682,1.2763854,1.5194938,1.5194938,1.5194938
0.00098400004,1,1.2504911,1.4850956,1.5230261,1.5049775,1.3179449,1.5194938,1.5194938,1.5194938
0.00098799996,1,1.2913655,1.4872382,1.5272355,1.507479,1.3594991,1.5194938,1.5194938,1.5194938
0.00099199999,1,1.3346307,1.4947037,1.5285376,1.513818,1.4009494,1.5194938,1.5194938,1.5194938
0.00099600002,1,1.3785027,1.5050408,1.526721,1.5219499,1.4415352,1.5194938,1.5194938,1.5194938
0.001,1,1.4210829,1.5154839,1.5226882,1.5291903,1.4782466,1.5194938,1.5194938,1.5194938
0.001004,1,1.460739,1.5237898,1.5180699,1.5331069,1.5049762,1.5194938,1.5194938,1.5194938
0.001008,1,1.4963188,1.5288088,1.5145746,1.5323527,1.517306,1.5194938,1.5194938,1.5194938
0.001012,1,1.5271286,1.5306031,1.5133348,1.5271496,1.5194938,1.5194938,1.5194938,1.5194938
0.0010160001,1,1.5527328,1.5301138,1.5145062,1.5192438,1.5194938,1.5194938,1.5194938,1.5194938
0.00102,1,1.5727096,1.5285648,1.5172776,1.511332,1.5194938,1.5194938,1.5194938,1.5194938
0.001024,1,1.5865176,1.5268807,1.5202695,1.5061411,1.5194938,1.5194938,1.5194938,1.5194938
0.001028,1,1.5935676,1.5253679,1.5221493,1.5054775,1.5194938,1.5194938,1.5194938,1.5194938
0.0010319999,1,1.5934871,1.5237651,1.5221982,1.5095823,1.5194938,1.5194938,1.5194938,1.5194938
0.001036,1,1.5864588,1.5215977,1.5205914,1.517024,1.5194938,1.5194938,1.5194938,1.5194938
0.00104,1,1.5734702,1.5186275,1.5182799,1.5251862,1.5194938,1.5194938,1.5194938,1.5194938
0.001044,1,1.5563352,1.515157,1.5165288,1.5311825,1.5194938,1.5194938,1.5194938,1.5194938
0.0010479999,1,1.5374416,1.5120252,1.5163196,1.5328846,1.5194938,1.5194938,1.5194938,1.5194938
0.001052,1,1.5192964,1.5102887,1.5178804,1.5296906,1.5194938,1.5194938,1.5194938,1.5194938
0.001056,1,1.5040213,1.5107348,1.5205573,1.522755,1.5194938,1.5194938,1.5194938,1.5194938
0.00106,1,1.4929734,1.5134629,1.523087,1.5145837,1.5194938,1.5194938,1.5194938,1.5194938
0.001064,1,1.4866065,1.5177418,1.524164,1.5081342,1.5194938,1.5194938,1.5194938,1.5194938
0.001068,1,1.4845862,1.5222301,1.5230508,1.5057416,1.5194938,1.5194938,1.5194938,1.5194938
0.001072,1,1.4860729,1.5254765,1.5199648,1.5082617,1.5194938,1.5194938,1.5194938,1.5194938
0.001076,1,1.4900305,1.5264894,1.516055,1.5147506,1.5194938,1.5194938,1.5194938,1.5194938
0.00108,1,1.4954337,1.5251261,1.5129595,1.5228057,1.5194938,1.5194938,1.5194938,1.5194938
0.001084,1,1.5013176,1.5221297,1.5121176,1.5294487,1.5194938,1.5194938,1.5194938,1.5194938
0.001088,1,1.5067055,1.5187958,1.5141242,1.5322287,1.5194938,1.5194938,1.5194938,1.5194938
0.001092,1,1.510515,1.5164171,1.5184077,1.5301354,1.519491,1.5194938,1.5194938,1.5194938
0.001096,1,1.5115516,1.5157475,1.5233914,1.5239785,1.5194527,1.5194938,1.5194938,1.5194938
0.0011,1,1.5086466,1.5167226,1.5270901,1.5160863,1.5191469,1.5194938,1.5194938,1.5194938
0.001104,1,1.5009087,1.5185502,1.5279155,1.5094318,1.5175399,1.5194938,1.5194938,1.5194938
0.0011080001,1,1.4879874,1.5201226,1.525357,1.5065113,1.5117151,1.5194938,1.5194938,1.5194938
0.001112,1,1.4702164,1.5205564,1.5202495,1.508401,1.4967754,1.5194938,1.5194938,1.5194938
0.001116,1,1.448547,1.5196087,1.5144972,1.514349,1.4691732,1.5194938,1.5194938,1.5194938
0.00112,1,1.424265,1.5177802,1.5103468,1.5220635,1.4313095,1.5194938,1.5194938,1.5194938
0.0011239999,1,1.3985835,1.5160598,1.5094925,1.5285897,1.38975,1.5194938,1.5194938,1.5194938
0.001128,1,1.3722625,1.5154288,1.5123746,1.5314417,1.3481904,1.5194938,1.5194938,1.5194938
0.001132,1,1.3454036,1.5163566,1.5179646,1.5295557,1.306631,1.5194938,1.5194938,1.5194938
0.001136,1,1.3175005,1.518522,1.5241369,1.5236963,1.2650715,1.5194938,1.5194938,1.5194938
0.0011399999,1,1.2877223,1.5208977,1.5284923,1.5161564,1.2235123,1.5194938,1.5194938,1.5194938
0.001144,1,1.2553157,1.5221648,1.5293071,1.5098659,1.1819607,1.5194938,1.5194938,1.5194938
0.001148,1,1.2199703,1.5212787,1.5262278,1.5072522,1.1404978,1.5194938,1.5194938,1.5194938
0.001152,1,1.1820154,1.5179315,1.5204277,1.5092982,1.0996224,1.5194938,1.5194938,1.5194938
0.001156,1,1.142393,1.5127008,1.5141546,1.515164,1.061203,1.5194938,1.5194938,1.5194938
0.00116,1,1.102448,1.5068091,1.5098472,1.5225226,1.029444,1.5194938,1.5194938,1.5194938
0.001164,1,1.0636444,1.5015883,1.5091715,1.5284777,1.0092676,1.5194938,1.5194938,1.5194938
0.001168,1,1.0273291,1.4978765,1.5123636,1.530704,1.0012778,1.5194931,1.5194938,1.5194938
0.001172,1,0.99462295,1.4956,1.5181407,1.5283606,1,1.5194819,1.5194938,1.5194938
0.001176,1,0.96644521,1.4937214,1.5242181,1.5224154,1,1.5193807,1.5194938,1.5194938
0.00118,1,0.9436034,1.4905723,1.5282186,1.5152537,1,1.5187681,1.5194938,1.5194938
0.0011840001,1,0.92685479,1.4844314,1.5286111,1.5097251,1,1.5161666,1.5194938,1.5194938
0.001188,1,0.91686416,1.4741064,1.5253003,1.5080091,1,1.5081928,1.5194938,1.5194938
0.001192,1,0.91404498,1.4592868,1.5196379,1.5107505,1,1.4902678,1.5194938,1.5194938
0.001196,1,0.91834277,1.4405335,1.5138586,1.5168114,1,1.4602462,1.5194938,1.5194938
0.0012000001,1,0.92905974,1.4189343,1.5101733,1.5237354,1,1.4215113,1.5194938,1.5194938
0.001204,1,0.94481629,1.3955843,1.509894,1.5287403,1,1.3799517,1.5194938,1.5194938
0.001208,1,0.96369225,1.3711219,1.5129317,1.5298363,1,1.3383923,1.5194938,1.5194938
0.001212,1,0.98351705,1.3455057,1.5178648,1.5266222,1,1.2968327,1.5194938,1.5194938
0.0012159999,1,1.0022179,1.3181132,1.5225322,1.5204368,1,1.2552732,1.5194938,1.5194938
0.00122,1,1.0181135,1.2880936,1.5248978,1.5138071,1,1.2137159,1.5194938,1.5194938
0.001224,1,1.0300736,1.2548149,1.5238349,1.5094185,1,1.1721852,1.5194938,1.5194938
0.001228,1,1.0375239,1.2182155,1.5195144,1.5090253,1,1.1308608,1.5194938,1.5194938
0.001232,1,1.0403445,1.1789327,1.5132583,1.5127443,1,1.0905645,1.5194938,1.5194938
0.001236,1,1.0387453,1.1381866,1.5069336,1.5190183,1,1.0537153,1.5194938,1.5194938
0.00124,1,1.0331928,1.0975026,1.5021486,1.5252616,1,1.0246871,1.5194938,1.5194938
0.001244,1,1.0244144,1.05841,1.4995815,1.5289229,1,1.0073838,1.5194937,1.5194938
0.001248,1,1.0134457,1.0222371,1.498702,1.5285268,1,1.0009766,1.5194905,1.5194938
0.001252,1,1.0016448,0.99005532,1.4979825,1.5242703,1,1,1.5194581,1.5194938
0.001256,1,0.99059755,0.96273673,1.4954873,1.5179285,1,1,1.5192362,1.5194938
0.00126,1,0.98188734,0.94103253,1.4895858,1.5121127,1,1,1.5181547,1.5194938
0.001264,1,0.97677028,0.9255839,1.4794979,1.5091873,1,1,1.5142866,1.5194938
0.001268,1,0.97585988,0.91682547,1.4654634,1.5102946,1,1,1.5039667,1.5194938
0.001272,1,0.97894311,0.91481811,1.4484926,1.5148882,1,1,1.4831897,1.5194938
0.0012760001,1,0.98501575,0.91910464,1.4298277,1.5209672,1,1,1.4511139,1.5194938
0.00128,1,0.9925462,0.92868304,1.410355,1.5259092,1,1,1.411713,1.5194938
0.001284,1,0.99989033,0.94214278,1.3902143,1.5275531,1,1,1.3701534,1.5194938
0.001288,1,1.0057182,0.95792776,1.3687537,1.5250826,1,1,1.328594,1.5194938
0.0012919999,1,1.0093095,0.974621,1.3448311,1.5193404,1,1,1.2870345,1.5194938
0.001296,1,1.0106249,0.99112636,1.3173198,1.5124454,1,1,1.2454755,1.5194938
0.0013,1,1.0101513,1.0066706,1.2856047,1.506876,1,1,1.2039244,1.5194938
0.001304,1,1.0086038,1.0206361,1.2498766,1.504402,1,1,1.1624423,1.5194938
0.0013079999,1,1.0066162,1.0323302,1.2111244,1.5053151,1,1,1.1213603,1.5194938
0.001312,1,1.0045447,1.0408405,1.1708609,1.5082724,1,1,1.0818768,1.5194938
0.001316,1,1.0024471,1.0450974,1.130716,1.5108206,1,1,1.0468715,1.5194938
0.00132,1,1.0002215,1.0441703,1.0920696,1.51037,1,1,1.0206076,1.5194938
0.001324,1,0.99781328,1.0377005,1.0558623,1.5052098,1,1,1.0058732,1.5194924
0.001328,1,0.99538094,1.0262847,1.0226258,1.4951344,1,1,1.0007464,1.5194771
0.001332,1,0.99333161,1.011608,0.99267936,1.4814191,1,1,1,1.5193599
0.001336,1,0.99220651,0.99620962,0.96637356,1.4661608,1,1,1,1.5187149
0.00134,1,0.99246508,0.98290682,0.94425255,1.4512643,1,1,1,1.5160733
0.001344,1,0.99426657,0.97405076,0.92705935,1.43751,1,1,1,1.5078845
0.001348,1,0.99734682,0.97087741,0.91558361,1.4240988,1,1,1,1.4884572
0.0013520001,1,1.0010489,0.97319591,0.91042119,1.4088683,1,1,1,1.452839
0.001356,1,1.0045005,0.9795382,0.91174585,1.3890908,1,1,1,1.4014758
0.00136,1,1.0068713,0.9877159,0.91917837,1.3625175,1,1,1,1.3408331
0.001364,1,1.0076172,0.99557203,0.93179065,1.3282306,1,1,1,1.2776836
0.0013680001,1,1.0066243,1.0016407,0.94822448,1.2869509,1,1,1,1.2145343
0.001372,1,1.0042167,1.0054706,0.96686977,1.2406834,1,1,1,1.1513851
0.001376,1,1.0010363,1.0075147,0.98604059,1.1918652,1,1,1,1.0882393
0.00138,1,0.99785268,1.0086673,1.0041134,1.1423939,1,1,1,1.0251274
0.0013839999,1,0.9953661,1.0096791,1.0196249,1.0929592,1,1,1,0.96223897
0.001388,1,0.99406105,1.0107183,1.0313517,1.0429693,1,1,1,0.90038776
0.001392,1,0.99413246,1.0112796,1.0383943,0.99110329,1,1,1,0.84199697
0.001396,1,0.99548012,1.0104702,1.0402699,0.93624657,1,1,1,0.79193819
0.0014,1,0.99775267,1.00754,1.0369856,0.87840223,1,1,0.99999988,0.75616074
0.001404,1,1.0004219,1.0024008,1.029057,0.81917375,1,1,0.99999827,0.73721385
0.001408,1,1.0028793,0.99588215,1.0174351,0.76160067,1,1,0.9999848,0.73099279
0.001412,1,1.0045513,0.98958337,1.0033443,0.70939797,1,1,0.99990225,0.73012614
0.001416,1,1.0050272,0.98535633,0.98806942,0.66590661,1,1,0.99952078,0.73012614
0.00142,1,1.0041757,0.98461783,0.97275305,0.63317698,1,1,0.9981705,0.73012614
0.001424,1,1.0022128,0.98777252,0.95826477,0.61154985,1,1,0.99446499,0.73012614
0.001428,1,0.99968201,0.99398988,0.94516927,0.59987742,1,1,0.98651803,0.73012614
0.001432,1,0.99732518,1.0014381,0.93377489,0.59625721,1,1,0.97307152,0.73012614
0.001436,1,0.99586594,1.0078954,0.92420501,0.59893084,1,1,0.95476317,0.73012614
0.00144,1,0.99576652,1.0115054,0.91643041,0.60694206,1,1,0.93382823,0.73012614
0.0014440001,1,0.99704814,1.0113914,0.91022712,0.62026453,1,1,0.9122383,0.73012614
0.001448,1,0.99925333,1.0078999,0.90507948,0.6393531,1,1,0.89064842,0.73012614
0.001452,1,1.001585,1.0023971,0.900096,0.66433853,1,1,0.86905885,0.73012614
0.001456,1,1.0031873,0.99671394,0.89402503,0.69425035,1,1,0.84747291,0.73012614
0.0014600001,1,1.0034686,0.99246794,0.8854292,0.72665167,1,1,0.82591385,0.73012614
0.001464,1,1.0023426,0.99052083,0.87300962,0.75789535,1,1,0.80449682,0.73012614
0.001468,1,1.0002789,0.99076241,0.85599464,0.78394532,1,1,0.78362966,0.73012614
0.001472,1,0.9981339,0.99227136,0.83445609,0.80145997,1,1,0.76433825,0.73012614
0.0014759999,1,0.99681306,0.9937529,0.80941927,0.80871773,1,0.99999994,0.748375,0.73012614
0.00148,1,0.99689823,0.99405748,0.78269786,0.80602336,1,0.99999946,0.73749977,0.73012614
0.001484,1,0.99839216,0.99257064,0.75648504,0.79544985,1,0.99999511,0.73204786,0.73012614
0.001488,1,1.000693,0.98933804,0.73283243,0.78003949,1,0.99996537,0.73035258,0.73012614
0.001492,1,1.0028216,0.98490858,0.71319556,0.76280493,1,0.9998123,0.73012614,0.73012614
0.001496,1,1.0038183,0.97999239,0.69820362,0.74593318,1,0.99920243,0.73012614,0.73012614
0.0015,1,1.0031497,0.9750942,0.68772143,0.73048663,1,0.99729687,0.73012614,0.73012614
0.001504,1,1.0009567,0.97027522,0.68115288,0.71666116,1,0.99259138,0.73012614,0.73012614
0.001508,1,0.99802983,0.96512574,0.67783713,0.70441008,1,0.98334783,0.73012614,0.73012614
0.001512,1,0.99551392,0.95893919,0.67735648,0.69408345,1,0.96875507,0.73012614,0.73012614
0.001516,1,0.9944492,0.95099604,0.67962295,0.68673819,1,0.94982749,0.73012614,0.73012614
0.00152,1,0.99533433,0.94083387,0.68471825,0.68393737,1,0.92873806,0.73012614,0.73012614
0.001524,1,0.99788982,0.9283995,0.69258237,0.68710667,1,0.90714818,0.73012614,0.73012614
0.001528,1,1.0011274,0.9140386,0.70271963,0.69673574,1,0.88555837,0.73012614,0.73012614
0.001532,1,1.0037053,0.89834481,0.71409065,0.71180576,1,0.86396968,0.73012614,0.73012614
0.0015360001,1,1.0044379,0.88194317,0.72527057,0.72974521,1,0.84239006,0.73012614,0.73012614
0.00154,1,1.0027574,0.86529595,0.73483008,0.74699664,1,0.8208645,0.73012614,0.73012614
0.001544,1,0.99894625,0.84859765,0.74178034,0.76001674,1,0.79957706,0.73012614,0.73012614
0.001548,1,0.9940418,0.83178526,0.74588293,0.76633859,1,0.7790814,0.73012614,0.73012614
0.0015519999,1,0.98944622,0.81464541,0.74767226,0.76528835,1,0.7605747,0.73012614,0.73012614
0.001556,1,0.98638713,0.7969712,0.74816293,0.75808537,0.99999988,0.74581099,0.73012614,0.73012614
0.00156,1,0.98543453,0.77871501,0.74835718,0.7473011,0.99999845,0.7362144,0.73012614,0.73012614
0.001564,1,0.98625767,0.7600922,0.74876493,0.73591113,0.99998808,0.73164821,0.73012614,0.73012614
0.0015679999,1,0.98771358,0.74161154,0.7491557,0.7263248,0.99992925,0.73029917,0.73012614,0.73012614
0.001572,1,0.98823243,0.72402948,0.74866587,0.7197659,0.99966854,0.73012614,0.73012614,0.73012614
0.001576,1,0.98635674,0.7082395,0.74623132,0.7162081,0.99875319,0.73012614,0.73012614,0.73012614
0.00158,1,0.9812336,0.69512206,0.74116373,0.71481818,0.99618751,0.73012614,0.73012614,0.73012614
0.001584,1,0.97288305,0.68538505,0.73361808,0.71464825,0.99041206,0.73012614,0.73012614,0.73012614
0.001588,1,0.96215093,0.67943257,0.72473079,0.71522379,0.97990733,0.73012614,0.73012614,0.73012614
0.001592,1,0.95036989,0.67729312,0.71634459,0.71675116,0.96429259,0.73012614,0.73012614,0.73012614
0.001596,1,0.93885845,0.67863142,0.71041262,0.71986324,0.94485533,0.73012614,0.73012614,0.73012614
0.0016,1,0.92843938,0.68284267,0.70831597,0.72505432,0.92364794,0.73012614,0.73012614,0.73012614
0.001604,1,0.9191463,0.68920255,0.71037185,0.73211002,0.90205806,0.73012614,0.73012614,0.73012614
0.001608,1,0.91021729,0.69702476,0.71573639,0.73984671,0.88046849,0.73012614,0.73012614,0.73012614
0.0016120001,1,0.90036952,0.70576847,0.72273946,0.74633557,0.85888195,0.73012614,0.73012614,0.73012614
0.001616,1,0.88825524,0.71505642,0.72951055,0.74955457,0.83731508,0.73012614,0.73012614,0.73012614
0.00162,1,0.87294161,0.7245993,0.73463231,0.74820572,0.81584567,0.73012614,0.73012614,0.73012614
0.001624,1,0.85425407,0.73406553,0.73755521,0.74233609,0.79474491,0.73012614,0.73012614,0.73012614
0.0016280001,1,0.83287495,0.74296391,0.73861593,0.73347062,0.77471817,0.73012614,0.73012614,0.73012614
0.001632,1,0.81017119,0.75061142,0.73868078,0.72416347,0.75709391,0.73012614,0.73012614,0.73012614
0.001636,1,0.78781438,0.75622302,0.73859942,0.71712488,0.74354845,0.73012614,0.73012614,0.73012614
0.00164,1,0.76732147,0.75910759,0.73873413,0.71426505,0.73513788,0.73012614,0.73012614,0.73012614
0.0016439999,1,0.74966413,0.75889909,0.73878545,0.71603996,0.73133016,0.73012614,0.73012614,0.73012614
0.001648,1,0.73507249,0.75572383,0.73799372,0.72135901,0.73025841,0.73012614,0.73012614,0.73012614
0.001652,1,0.72308928,0.75022155,0.73561352,0.72808141,0.73012614,0.73012614,0.73012614,0.73012614
0.001656,1,0.71285301,0.74339217,0.73142761,0.7338835,0.73012614,0.73012614,0.73012614,0.73012614
0.00166,1,0.70350909,0.73631752,0.72604167,0.73713195,0.73012614,0.73012614,0.73012614,0.73012614
0.001664,1,0.69460809,0.72986382,0.72079694,0.7374084,0.73012614,0.73012614,0.73012614,0.73012614
0.001668,1,0.68635064,0.7244885,0.71731317,0.73549372,0.73012614,0.73012614,0.73012614,0.73012614
0.001672,1,0.67958814,0.72023332,0.71684664,0.73285788,0.73012614,0.73012614,0.73012614,0.73012614
0.001676,1,0.6755693,0.71690387,0.71974266,0.73091358,0.73012614,0.73012614,0.73012614,0.73012614
0.00168,1,0.67551023,0.71434718,0.7252295,0.73037887,0.73012614,0.73012614,0.73012614,0.73012614
0.001684,1,0.68013024,0.71268713,0.73165846,0.73102826,0.73012614,0.73012614,0.73012614,0.73012614
0.001688,1,0.6893158,0.71238631,0.73710144,0.73192149,0.73012614,0.73012614,0.73012614,0.73012614
0.001692,1,0.70203537,0.71407795,0.74005997,0.73197407,0.73012614,0.73012614,0.73012614,0.73012614
0.001696,1,0.71654826,0.71822184,0.7399919,0.73058182,0.73012614,0.73012614,0.73012614,0.73012614
0.0017,1,0.73084563,0.72473145,0.73743892,0.72799098,0.73012614,0.73012614,0.73012614,0.73012614
0.0017040001,1,0.74318099,0.73275584,0.73371518,0.7252326,0.73012614,0.73012614,0.73012614,0.73012614
0.001708,1,0.75251037,0.7407546,0.73030555,0.72364986,0.73012614,0.73012614,0.73012614,0.73012614
0.001712,1,0.75869197,0.74688488,0.72824574,0.72424096,0.73012626,0.73012614,0.73012614,0.73012614
0.001716,1,0.76238167,0.74958503,0.72775489,0.72713017,0.73012745,0.73012614,0.73012614,0.73012614
0.0017199999,1,0.76467103,0.74813801,0.7282694,0.73142606,0.73013526,0.73012614,0.73012614,0.73012614
0.001724,1,0.76661146,0.7429834,0.72884041,0.73554736,0.73017699,0.73012614,0.73012614,0.73012614
0.001728,1,0.7688098,0.73563159,0.72868937,0.73788154,0.73035622,0.73012614,0.73012614,0.73012614
0.001732,1,0.77125257,0.72818619,0.72764796,0.73748469,0.73098099,0.73012614,0.73012614,0.73012614
0.0017359999,1,0.77342486,0.72264087,0.7262668,0.7345072,0.73276114,0.73012614,0.73012614,0.73012614
0.00174,1,0.77467138,0.72021532,0.7255376,0.73014754,0.73692483,0.73012614,0.73012614,0.73012614
0.001744,1,0.77464974,0.72098756,0.72635961,0.72614938,0.74495137,0.73012614,0.73012614,0.73012614
0.001748,1,0.77368373,0.72396481,0.72901011,0.72405988,0.75779408,0.73012614,0.73012614,0.73012614
0.001752,1,0.7728613,0.72756016,0.73288316,0.72457725,0.77509719,0.73012614,0.73012614,0.73012614
0.001756,1,0.77382231,0.73027557,0.73664403,0.72727495,0.79529196,0.73012614,0.73012614,0.73012614
0.00176,1,0.77830136,0.7313084,0.73875499,0.73082244,0.81665844,0.73012614,0.73012614,0.73012614
0.001764,1,0.78759205,0.73083377,0.73815054,0.73359877,0.83824801,0.73012614,0.73012614,0.73012614
0.001768,1,0.80212963,0.7298522,0.73475957,0.73442125,0.85983521,0.73012614,0.73012614,0.73012614
0.001772,1,0.82134616,0.72967857,0.72962868,0.73306203,0.88140815,0.73012614,0.73012614,0.73012614
0.001776,1,0.84384662,0.7313,0.72456682,0.73032171,0.90291399,0.73012614,0.73012614,0.73012614
0.00178,1,0.86783344,0.73488617,0.72144556,0.72763348,0.92417037,0.73012614,0.73012614,0.73012614
0.001784,1,0.89161527,0.73966873,0.72144264,0.7263816,0.94469088,0.73012614,0.73012614,0.73012614
0.001788,1,0.91401392,0.74424493,0.7245512,0.72724837,0.96349156,0.7301262,0.73012614,0.73012614
0.001792,1,0.93453264,0.74718046,0.72956848,0.72988808,0.97913384,0.73012656,0.73012614,0.73012614
0.0017960001,1,0.95325261,0.7476536,0.73457515,0.73307735,0.99028766,0.7301293,0.73012614,0.73012614
0.0018,1,0.97053301,0.74586582,0.7377066,0.73527461,0.99663162,0.7301451,0.73012614,0.73012614
0.001804,1,0.9866612,0.74304283,0.73789412,0.7353338,0.99924916,0.73021924,0.73012614,0.73012614
0.001808,1,1.001608,0.74102044,0.73526663,0.73304784,0.99992275,0.7305035,0.73012614,0.73012614
0.0018119999,1,1.0149833,0.74158639,0.73105329,0.7292735,1,0.73140067,0.73012614,0.73012614
0.001816,1,1.0261924,0.74584436,0.72703862,0.72557664,1,0.73374283,0.73012614,0.73012614
0.00182,1,1.0347068,0.75385547,0.72481281,0.72355431,1,0.73881716,0.73012614,0.73012614
0.001824,1,1.0403136,0.76468879,0.72513759,0.72413325,1,0.74797922,0.73012614,0.73012614
0.0018279999,1,1.0432285,0.77684325,0.72768986,0.72715712,1,0.76187354,0.73012614,0.73012614
0.001832,1,1.044022,0.78885275,0.73127371,0.73144346,1,0.77985841,0.73012614,0.73012614
0.001836,1,1.0433933,0.79982281,0.73438716,0.73528457,1,0.80032945,0.73012614,0.73012614
0.00184,1,1.0418975,0.80969244,0.7358821,0.73716956,1,0.8217485,0.73012614,0.73012614
0.001844,1,1.039748,0.81914151,0.73542929,0.73641157,1,0.84333754,0.73012614,0.73012614
0.001848,1,1.0367767,0.82921809,0.73359853,0.73341012,1,0.86492133,0.73012614,0.73012614
0.001852,1,1.0325716,0.84086961,0.73154396,0.72944558,1,0.88647848,0.73012614,0.73012614
0.001856,1,1.0267228,0.85458213,0.73045856,0.72610843,1,0.90792555,0.73012614,0.73012614
0.00186,1,1.0190753,0.87026602,0.73105633,0.72462469,1,0.92900842,0.73012614,0.73012614
0.001864,1,1.009882,0.88739765,0.73331255,0.72537369,1,0.94912338,0.73012614,0.73012614
0.001868,1,0.99980229,0.90531367,0.73656249,0.7277984,1,0.96717948,0.73012626,0.73012614
0.0018720001,1,0.98975962,0.92349184,0.7398892,0.73072541,1,0.98176354,0.73012722,0.73012614
0.001876,1,0.9807263,0.94167882,0.74260092,0.73292875,1,0.99178332,0.730133,0.73012614
0.00188,1,0.97352636,0.95981514,0.74456692,0.7336694,1,0.99724877,0.73016256,0.73012614
0.001884,1,0.96872479,0.97781831,0.74625969,0.73296797,1,0.99940795,0.7302863,0.73012614
0.0018880001,1,0.96661937,0.99535847,0.74849904,0.73150277,1,0.99994099,0.73071504,0.73012614
0.001892,1,0.96729964,1.0117651,0.75203758,0.73020697,1,1,0.73195285,0.73012614
0.001896,1,0.97070903,1.0261339,0.75720149,0.72977537,1,1,0.73493916,0.73012614
0.0019,1,0.97665447,1.0375966,0.7637673,0.73032832,1,1,0.74097729,0.73012614
0.0019039999,1,0.9847517,1.0456293,0.7711342,0.7313931,1,1,0.75125504,0.73012614
0.001908,1,0.99434137,1.0502448,0.77870172,0.73220402,1,1,0.7661137,0.73012614
0.001912,1,1.0044476,1.0519645,0.78625751,0.73216134,1,1,0.78468472,0.73012614
0.001916,1,1.0138426,1.0515699,0.79416996,0.73120999,1,1,0.80537927,0.73012614
0.00192,1,1.0212399,1.0497432,0.80327368,0.72993684,1,1,0.82683843,0.73012614
0.001924,1,1.0255768,1.0467674,0.81448734,0.72932333,1,1,0.84842622,0.73012614
0.001928,1,1.026293,1.0424376,0.82833976,0.7302627,1,1,0.87000376,0.73012614
0.001932,1,1.0234985,1.0362405,0.84463644,0.73307627,1,1,0.89153492,0.73012614
0.001936,1,1.0179555,1.0277333,0.86244369,0.73727512,1,1,0.9128961,0.73012614
0.00194,1,1.0108677,1.0169505,0.88042122,0.7417081,1,1,0.93375081,0.73012614
0.001944,1,1.0035446,1.0046436,0.89737004,0.7450555,1,1,0.95338041,0.7301262
0.001948,1,0.99706322,0.99222052,0.91274893,0.74646044,1,1,0.97061789,0.73012668
0.001952,1,0.99204874,0.98138392,0.92691231,0.74600792,1,1,0.98412585,0.73012984
0.001956,1,0.98864329,0.97360247,0.94093966,0.74481761,1,1,0.99307191,0.73014718
0.00196,1,0.9866575,0.9696334,0.95610523,0.74467957,1,1,0.99775779,0.73022586
0.0019640001,1,0.9858166,0.96930122,0.97320849,0.74736762,1,1,0.99953359,0.73052305
0.0019680001,1,0.98597968,0.97163314,0.99205834,0.75391781,1,1,0.99995488,0.73146439
0.0019720001,1,0.98722398,0.9752996,1.0113527,0.76418746,1,1,1,0.73397166
0.0019759999,1,0.98975581,0.97917157,1.0290297,0.77689958,1,1,1,0.73960263
0.0019799999,1,0.99369246,0.98275447,1.0429657,0.79017115,1,1,1,0.75029629
0.001984,1,0.99882698,0.98630589,1.0517353,0.80231291,1,1,1,0.76755434
0.001988,1,1.0045035,0.99058485,1.0551223,0.8125667,1,1,1,0.791462
0.001992,1,1.0096887,0.99634033,1.0541612,0.82146704,1,1,1,0.82044125
0.0019960001,1,1.0132399,1.0037706,1.0506917,0.83066946,1,1,1,0.85216039
0.0020000001,1,1.0142765,1.0122021,1.0466114,0.84231305,1,1,1,0.88481355
0.0020039999,1,1.0125133,1.0201514,1.0431399,0.8581807,1,1,1,0.91761237
0.0020079999,1,1.0084082,1.025768,1.0404018,0.87900233,1,1,1,0.95038271
0.002012,1,1.0030537,1.0274945,1.0374982,0.90418172,1,1,1,0.98303831
0.002016,1,0.99783742,1.0246748,1.0330282,0.93204594,1,1,1,1.0153151
0.00202,1,0.99399298,1.0178602,1.025834,0.96049607,1,1,1,1.0465647
0.002024,1,0.992212,1.0086786,1.0156491,0.98777688,1,1,1,1.0755348
0.0020280001,1,0.99246454,0.99930918,1.0033798,1.0130459,1,1,1.0000005,1.100391
0.0020320001,1,0.99409372,0.99176687,0.99090505,1.0365223,1,1,1.0000026,1.119282
0.0020359999,1,0.99613953,0.98727441,0.98048443,1.0591818,1,1,1.0000136,1.1313493
0.0020399999,1,0.99775529,0.98596239,0.9740231,1.0821569,1,1,1.0000581,1.137427
0.002044,1,0.99854267,0.98699856,0.97248906,1.1061132,1,1,1.0002116,1.1396401
0.002048,1,0.99866885,0.98906946,0.97570235,1.1308626,1,1,1.0006596,1.1401454
0.002052,1,0.99872214,0.99099952,0.98255157,1.1553546,1,1,1.0017686,1.1401978
0.0020560001,1,0.99937445,0.99224031,0.99151367,1.1780158,1,1,1.0041019,1.1401978
0.0020600001,1,1.0010021,0.99303162,1.0012403,1.1972626,1,1,1.008287,1.1401978
0.0020639999,1,1.0034361,0.99417979,1.0109663,1.2119594,1,1,1.0147233,1.1401978
0.0020679999,1,1.0059606,0.99656659,1.0205963,1.2216437,1,1,1.0233058,1.1401978
0.0020719999,1,1.0075698,1.000616,1.0304739,1.2264687,1,1,1.0334342,1.1401978
0.002076,1,1.0073872,1.00596,1.0409812,1.2269415,1,1,1.0443538,1.1401978
0.00208,1,1.0050719,1.0114611,1.0521718,1.2236249,1,1,1.0555292,1.1401978
0.002084,1,1.0010369,1.0155895,1.063612,1.216957,1,1,1.0667404,1.1401978
0.0020880001,1,0.99637622,1.0170047,1.0744885,1.2072613,1,1,1.0779349,1.1401978
0.0020920001,1,0.9925127,1.0151067,1.0839192,1.1949068,1,1,1.0890688,1.1401978
0.0020959999,1,0.99069315,1.0103227,1.091308,1.180493,1,1,1.100021,1.1401978
0.0020999999,1,0.99152499,1.0040153,1.0965806,1.1649261,1,1,1.1105211,1.1401978
0.002104,1,0.99473745,0.99804103,1.1001987,1.149317,1,1.0000001,1.1200939,1.1401978
0.002108,1,0.99926484,0.99413037,1.1029654,1.134737,1,1.000001,1.1281111,1.1401978
0.002112,1,1.0036265,0.9933297,1.1057233,1.1219549,1,1.0000052,1.1340196,1.1401978
0.002116,1,1.0064595,0.99571079,1.1090914,1.1113006,1,1.0000241,1.1376625,1.1401978
0.0021200001,1,1.0070013,1.0004467,1.1133494,1.1027411,1,1.0000943,1.1394289,1.1401978
0.0021240001,1,1.0053378,1.0062045,1.1184961,1.0961454,1,1.0003172,1.1400479,1.1401978
0.0021279999,1,1.0023259,1.0116867,1.1244172,1.0916005,1,1.0009211,1.1401842,1.1401978
0.0021319999,1,0.99922687,1.0161037,1.1310468,1.0896018,1,1.0023187,1.1401978,1.1401978
0.002136,1,0.99720216,1.0194005,1.138418,1.0909778,1,1.0050886,1.1401978,1.1401978
0.00214,1,0.99687153,1.0221661,1.1465677,1.0965393,1,1.0098044,1.1401978,1.1401978
0.002144,1,0.99810922,1.0252907,1.1553468,1.1065809,1,1.0167468,1.1401978,1.1401978
0.0021480001,1,1.0001514,1.0295244,1.1642488,1.1204622,1,1.0256937,1.1401978,1.1401978
0.0021520001,1,1.0019623,1.0351297,1.1723747,1.1364909,1,1.0360087,1.1401978,1.1401978
0.0021559999,1,1.002701,1.0417681,1.1785874,1.1522187,1,1.0469886,1.1401978,1.1401978
0.0021599999,1,1.0020919,1.0486615,1.181823,1.165082,1,1.0581725,1.1401978,1.1401978
0.0021639999,1,1.0005429,1.0549499,1.1814361,1.1731637,1,1.0693797,1.1401978,1.1401978
0.002168,1,0.99896407,1.0600966,1.1774359,1.1757729,1,1.0805598,1.1401978,1.1401978
0.002172,1,0.99836397,1.064167,1.170503,1.1736003,1,1.091651,1.1401978,1.1401978
0.002176,1,0.99939764,1.067866,1.1617759,1.1683704,1,1.1024965,1.1401978,1.1401978
0.0021800001,1,1.0020595,1.072315,1.1524934,1.1621252,1,1.1127781,1.1401978,1.1401978
0.0021840001,1,1.0056579,1.0786489,1.1436456,1.15643,1.0000004,1.1219841,1.1401978,1.1401978
0.0021879999,1,1.0090894,1.087584,1.1357793,1.1518344,1.000002,1.1295042,1.1401978,1.1401978
0.0021919999,1,1.0113007,1.0991169,1.1290257,1.1478138,1.0000097,1.1348785,1.1401978,1.1401978
0.002196,1,1.0117515,1.1124644,1.1233183,1.1432151,1.0000405,1.1380789,1.1401978,1.1401978
0.0022,1,1.0106764,1.1262637,1.1186733,1.1370049,1.0001469,1.1395748,1.1401978,1.1401978
0.002204,1,1.0090332,1.1389624,1.1153759,1.1289864,1.0004596,1.14008,1.1401978,1.1401978
0.002208,1,1.008149,1.1492606,1.1139675,1.1201539,1.0012506,1.1401874,1.1401978,1.1401978
0.0022120001,1,1.0092039,1.1564584,1.1150229,1.1125056,1.0029718,1.1401978,1.1401978,1.1401978
0.0022160001,1,1.0127646,1.1605976,1.1188189,1.1083657,1.0062004,1.1401978,1.1401978,1.1401978
0.0022199999,1,1.018561,1.1623651,1.1250581,1.1094836,1.0114411,1.1401978,1.1401978,1.1401978
0.0022239999,1,1.0256033,1.1628036,1.132798,1.1162777,1.018856,1.1401978,1.1401978,1.1401978
0.002228,1,1.0325953,1.1629401,1.1406465,1.1275419,1.0281255,1.1401978,1.1401978,1.1401978
0.002232,1,1.038474,1.1634561,1.1471673,1.1407489,1.0385973,1.1401978,1.1401978,1.1401978
0.002236,1,1.0428519,1.1645068,1.151335,1.1528411,1.0496253,1.1401978,1.1401978,1.1401978
0.0022400001,1,1.0461763,1.1657326,1.1528512,1.1612055,1.0608147,1.1401978,1.1401978,1.1401978
0.0022440001,1,1.0495337,1.1664428,1.1521837,1.1644611,1.0720155,1.1401978,1.1401978,1.1401978
0.0022479999,1,1.0541834,1.1658946,1.1503131,1.162773,1.0831747,1.1401978,1.1401978,1.1401978
0.0022519999,1,1.0610105,1.1635691,1.1482944,1.1576011,1.094208,1.1401978,1.1401978,1.1401978
0.0022559999,1,1.0701361,1.1593523,1.1468247,1.1510243,1.1049205,1.1401978,1.1401978,1.1401978
0.00226,1,1.0808469,1.153573,1.1460047,1.1449316,1.1149485,1.1401978,1.1401978,1.1401978
0.002264,1,1.0918818,1.1469001,1.1453916,1.1404095,1.1237571,1.1401978,1.1401978,1.1401978
0.002268,1,1.1019512,1.1401458,1.1443092,1.1375432,1.1307713,1.1401978,1.1401978,1.1401978
0.0022720001,1,1.1102717,1.1340513,1.1422645,1.135664,1.1356331,1.1401978,1.1401978,1.1401978
0.0022760001,1,1.1168779,1.129125,1.1392684,1.1338854,1.1384317,1.1401978,1.1401978,1.1401978
0.0022799999,1,1.1225766,1.1255776,1.1359072,1.1316627,1.139694,1.1401978,1.1401978,1.1401978
0.0022839999,1,1.1285512,1.1233628,1.1331222,1.1291257,1.1401052,1.1401978,1.1401978,1.1401978
0.002288,1,1.1357841,1.1222897,1.1317966,1.1270483,1.1401898,1.1401978,1.1401978,1.1401978
0.002292,1,1.1445447,1.1221564,1.132339,1.1264925,1.1401978,1.1401978,1.1401978,1.1401978
0.002296,1,1.154169,1.1228486,1.1344625,1.1282988,1.1401978,1.1401978,1.1401978,1.1401978
0.0023000001,1,1.1632404,1.1243691,1.1372718,1.1326551,1.1401978,1.1401978,1.1401978,1.1401978
0.0023040001,1,1.170108,1.1267921,1.1396332,1.138927,1.1401978,1.1401978,1.1401978,1.1401978
0.0023080001,1,1.1735313,1.1301663,1.1406686,1.1458102,1.1401978,1.1401978,1.1401978,1.1401978
0.0023119999,1,1.173184,1.1344132,1.1401539,1.1517349,1.1401978,1.1401978,1.1401978,1.1401978
0.0023159999,1,1.1697981,1.1392598,1.1386364,1.1553493,1.1401978,1.1401978,1.1401978,1.1401978
0.00232,1,1.16488,1.1442411,1.1372049,1.1559035,1.1401978,1.1401978,1.1401978,1.1401978
0.002324,1,1.1601087,1.1487718,1.1370031,1.1534109,1.1401978,1.1401978,1.1401978,1.1401978
0.002328,1,1.1566647,1.1522696,1.1386911,1.1485649,1.1401978,1.1401978,1.1401978,1.1401978
0.0023320001,1,1.1547701,1.1542875,1.1420929,1.1424834,1.1401978,1.1401978,1.1401978,1.1401978
0.0023360001,1,1.1536349,1.1546159,1.1461937,1.1363959,1.1401978,1.1401978,1.1401978,1.1401978
0.0023399999,1,1.1518365,1.1533234,1.1495011,1.1313832,1.1401975,1.1401978,1.1401978,1.1401978
0.0023439999,1,1.147976,1.1507264,1.1506331,1.1282159,1.1401963,1.1401978,1.1401978,1.1401978
0.002348,1,1.1413352,1.147302,1.1488889,1.1272924,1.140191,1.1401978,1.1401978,1.1401978
0.002352,1,1.1322572,1.1435724,1.1445664,1.1286342,1.1401694,1.1401978,1.1401978,1.1401978
0.002356,1,1.1220871,1.1399984,1.1388894,1.1319042,1.1400957,1.1401978,1.1401978,1.1401978
0.00236,1,1.1126939,1.1369082,1.1335696,1.1364423,1.139877,1.1401978,1.1401978,1.1401978
0.0023640001,1,1.1057689,1.1344773,1.1301793,1.1413432,1.1393136,1.1401978,1.1401978,1.1401978
0.0023680001,1,1.1021916,1.1327534,1.1295865,1.145605,1.1380519,1.1401978,1.1401978,1.1401978
0.0023719999,1,1.1017221,1.1317089,1.1316743,1.1483469,1.1355919,1.1401978,1.1401978,1.1401978
0.0023759999,1,1.1031405,1.1312958,1.1354483,1.149049,1.1314054,1.1401978,1.1401978,1.1401978
0.00238,1,1.1047651,1.1314797,1.1394743,1.1477255,1.1251572,1.1401978,1.1401978,1.1401978
0.002384,1,1.105125,1.1322445,1.1424547,1.1449429,1.116904,1.1401978,1.1401978,1.1401978
0.002388,1,1.1035,1.1335669,1.1437073,1.1416453,1.1071036,1.1401978,1.1401978,1.1401978
0.0023920001,1,1.1001066,1.1353779,1.1433539,1.1388283,1.0963914,1.1401978,1.1401978,1.1401978
0.0023960001,1,1.095865,1.1375299,1.1421641,1.1371785,1.0852957,1.1401978,1.1401978,1.1401978
0.0024000001,1,1.091864,1.1397866,1.1411358,1.1368322,1.074104,1.1401978,1.1401978,1.1401978
0.0024039999,1,1.0887712,1.141845,1.1410086,1.1373633,1.0629274,1.1401978,1.1401978,1.1401978
0.0024079999,1,1.0864524,1.1433859,1.1419228,1.1380218,1.0518384,1.1401978,1.1401978,1.1401978
0.002412,1,1.0839703,1.1441368,1.1433651,1.1381272,1.0409766,1.1401978,1.1401978,1.1401978
0.002416,1,1.0799614,1.1439267,1.1444182,1.1374365,1.0306165,1.1401978,1.1401978,1.1401978
0.00242,1,1.0732245,1.1427159,1.1441976,1.1363103,1.0211955,1.1401973,1.1401978,1.1401978
0.0024240001,1,1.0632604,1.1405895,1.1422834,1.1355774,1.013253,1.1401951,1.1401978,1.1401978
0.0024280001,1,1.050529,1.1377225,1.1389619,1.1361357,1.0072488,1.1401858,1.1401978,1.1401978
0.0024319999,1,1.0363117,1.134329,1.1351691,1.1384597,1.0033306,1.140152,1.1401978,1.1401978
0.0024359999,1,1.0222452,1.1306169,1.1321614,1.142246,1.0012183,1.1400441,1.1401978,1.1401978
0.00244,1,1.0097297,1.1267651,1.1310425,1.1463879,1.0003281,1.1397442,1.1401978,1.1401978
0.002444,1,0.99947214,1.1229239,1.1323353,1.1493299,1.0000569,1.139016,1.1401978,1.1401978
0.002448,1,0.99135113,1.1192325,1.1357661,1.1496878,1.0000046,1.1374719,1.1401978,1.1401978
0.002452,1,0.98465341,1.1158309,1.1403408,1.146879,1,1.1346048,1.1401978,1.1401978
0.0024560001,1,0.97855693,1.1128476,1.1446803,1.1414841,1,1.1299323,1.1401978,1.1401978
0.0024600001,1,0.97263193,1.1103557,1.1474859,1.13515,1,1.1232114,1.1401978,1.1401978
0.0024639999,1,0.96712583,1.1083084,1.147963,1.1300358,1,1.1145935,1.1401978,1.1401978
0.0024679999,1,0.96289808,1.1064807,1.1460569,1.1280016,1,1.104578,1.1401978,1.1401978
0.002472,1,0.96103418,1.1044554,1.1424265,1.1298616,1,1.0937755,1.1401978,1.1401978
0.002476,1,0.96231496,1.1016757,1.1381866,1.1350185,1,1.0826571,1.1401978,1.1401978
0.00248,1,0.96678519,1.097571,1.1345176,1.141647,1,1.0714688,1.1401978,1.1401978
0.0024840001,1,0.97362351,1.09172,1.1322879,1.1473746,1,1.060313,1.1401978,1.1401978
0.0024880001,1,0.98138231,1.0840001,1.1318103,1.1501914,1,1.0492775,1.1401978,1.1401978
0.0024920001,1,0.98849994,1.074662,1.1328001,1.1492254,1,1.038534,1.1401978,1.1401978
0.0024959999,1,0.99386573,1.064289,1.1345286,1.1450629,1,1.0283954,1.1401976,1.1401978
0.0024999999,1,0.9971922,1.053641,1.1361018,1.1394825,1,1.019323,1.1401968,1.1401978
0.002504,1,0.99903542,1.0434322,1.1367623,1.1347135,1,1.0118374,1.1401929,1.1401978
0.002508,1,1.0004574,1.0341209,1.1361125,1.1325271,1,1.006325,1.1401778,1.1401978
0.002512,1,1.0024854,1.0257945,1.1341974,1.1335393,1,1.0028325,1.1401266,1.1401978
0.0025160001,1,1.0056093,1.0182006,1.1314294,1.13701,1,1.0010084,1.1399734,1.1401978
0.0025200001,1,1.0095433,1.0109181,1.1283957,1.1412137,1,1.0002642,1.1395725,1.1401978
0.0025239999,1,1.0133535,1.0035998,1.1256167,1.1442114,1,1.0000446,1.138652,1.1401978
0.0025279999,1,1.0158931,0.99618679,1.1233422,1.1446894,1,1.0000036,1.1367959,1.1401978
0.002532,1,1.0163429,0.98899561,1.1214519,1.1425039,1,1,1.1335032,1.1401978
0.002536,1,1.0146093,0.98262954,1.1194937,1.1387058,1,1,1.1283478,1.1401978
0.00254,1,1.0113962,0.9777416,1.1168493,1.1350453,1,1,1.1211796,1.1401978
0.002544,1,1.0079091,0.97474372,1.1129682,1.1331792,1,1,1.1122322,1.1401978
0.0025480001,1,1.0053238,0.97359246,1.1075904,1.1339306,1,1,1.1020312,1.1401978
0.0025520001,1,1.0042555,0.97375774,1.1008726,1.1369209,1,1,1.0911542,1.1401978
0.0025559999,1,1.0044717,0.97440982,1.0933645,1.1407298,1,1,1.0800194,1.1401978
0.0025599999,1,1.0049862,0.9747647,1.0858306,1.1435055,1,1,1.0688387,1.1401978
0.002564,1,1.0045062,0.97444993,1.0789726,1.143762,1,1,1.0577112,1.1401978
0.002568,1,1.002043,0.97372848,1.0731497,1.1410129,1,1,1.0467446,1.1401978
0.002572,1,0.99742031,0.97346419,1.0682071,1.1359761,1,1,1.0361438,1.1401978
0.0025760001,1,0.99145257,0.97481275,1.0634898,1.130265,1,1,1.0262564,1.1401972
0.0025800001,1,0.98570448,0.97874087,1.0580553,1.1257043,1,1,1.0175581,1.1401948
0.0025839999,1,0.98191863,0.98555797,1.0510252,1.123564,1,1,1.0105377,1.140185
0.0025879999,1,0.98134577,0.99466044,1.0419471,1.1240335,1,1,1.0055016,1.1401491
0.0025919999,1,0.98425359,1.0046127,1.0310297,1.1261497,1,1,1.0024024,1.1400347
0.002596,1,0.98981792,1.013561,1.0191476,1.1281962,1,1,1.0008329,1.1397132
0.0026,1,0.99644077,1.0198382,1.0075958,1.1283956,1,1,1.0002124,1.1389178
0.002604,1,1.0023601,1.0225289,0.9976716,1.1256006,1,1,1.0000349,1.137184
0.0026080001,1,1.0062994,1.0217713,0.99023741,1.1197041,1,1,1.0000027,1.133849
0.0026120001,1,1.007888,1.0186664,0.98543018,1.1116132,1,1,1,1.1281785
0.0026159999,1,1.0076898,1.0148226,0.98264074,1.1028184,1,1,1,1.1196238
0.0026199999,1,1.0068427,1.0117133,0.98077804,1.0947591,1,1,1,1.1080945
0.002624,1,1.0064751,1.0101051,0.97872293,1.0882467,1,1,1,1.0940498
0.002628,1,1.0071597,1.0097919,0.97579569,1.0831795,1,1,1,1.0783073
0.002632,1,1.0086393,1.0097438,0.97204792,1.0786414,1,1,1,1.0616874
0.002636,1,1.0099417,1.0086159,0.96825767,1.0733185,1,1,1,1.0447516
0.0026400001,1,1.0098292,1.0053985,0.96562159,1.0660441,1,1,1,1.0277817
0.0026440001,1,1.0073893,0.99993998,0.96526456,1.0562451,1,1,1,1.0109313
0.0026479999,1,1.0025103,0.99311167,0.96776384,1.044122,1,1,1,0.99439859
0.0026519999,1,0.99603832,0.98653936,0.97288239,1.0305152,1,1,0.99999994,0.97854626
0.002656,1,0.98954564,0.98200303,0.97962451,1.016542,1,1,0.99999958,0.96394855
0.00266,1,0.98480076,0.98074949,0.98659247,1.0031669,1,1,0.99999821,0.95133257
0.002664,1,0.98314941,0.98300272,0.99249905,0.99088299,1,1,0.99999273,0.94137603
0.0026680001,1,0.98504829,0.98787528,0.99662334,0.97961402,1,1,0.99997413,0.93441749
0.0026720001,1,0.98992485,0.99371928,0.99901956,0.96885133,1,1,0.99991828,0.93025637
0.0026759999,1,0.99640286,0.99877113,1.0003923,0.95794564,1,1,0.99977022,0.92821145
0.0026799999,1,1.0027901,1.0018226,1.0016924,0.94642556,1,1,0.99942267,0.92742723
0.0026839999,1,1.0076317,1.002641,1.0036087,0.93421972,1,1,0.9987008,0.92720962
0.002688,1,1.0101225,1.0019705,1.0061784,0.92171401,1,1,0.99737239,0.92717129
0.002692,1,1.0102451,1.0011228,1.0086896,0.90964407,1,1,0.99520123,0.92716807
0.002696,1,1.0086164,1.0013421,1.0099281,0.89887965,1,1,0.9920367,0.92716807
0.0027000001,1,1.0061448,1.0032185,1.0086694,0.89018714,1,1,0.98789221,0.92716807
0.0027040001,1,1.003653,1.006403,1.0042127,0.88404411,1,1,0.98295373,0.92716807
0.0027079999,1,1.0016214,1.0097405,0.99672669,0.88055378,1,1,0.97750086,0.92716807
0.0027119999,1,1.0001273,1.0117604,0.98725325,0.87946606,1,1,0.97179323,0.92716807
0.002716,1,0.99896955,1.0113077,0.97735834,0.88028574,1,1,0.96600044,0.92716807
0.00272,1,0.99788684,1.0080457,0.96856689,0.88243014,1,1,0.9602083,0.92716807
0.002724,1,0.99675363,1.0026158,0.96181291,0.88539392,1,1,0.95447296,0.92716807
0.0027280001,1,0.99566525,0.99639493,0.95713252,0.88888115,1,1,0.94887549,0.92716807
0.0027320001,1,0.99488807,0.99096215,0.9537288,0.89286977,1,0.99999982,0.9435569,0.92716807
0.0027360001,1,0.994717,0.98750508,0.9503805,0.89758492,1,0.99999928,0.93872589,0.92716807
0.0027399999,1,0.99532163,0.98641771,0.94602364,0.90337837,1,0.9999969,0.93462706,0.92716807
0.0027439999,1,0.99665815,0.98724586,0.94025946,0.91053915,1,0.99998832,0.93146467,0.92716807
0.002748,1,0.99848205,0.98898315,0.93357158,0.91908991,1,0.99996096,0.92931116,0.92716807
0.002752,1,1.0004447,0.99056482,0.92715782,0.92864376,1,0.99988341,0.9280591,0.92716807
0.002756,1,1.0022163,0.99133009,0.92244071,0.93838757,1,0.99968827,0.92746156,0.92716807
0.0027600001,1,1.0035727,0.991247,0.92046034,0.94722408,1,0.99925244,0.92723918,0.92716807
0.0027640001,1,1.0044103,0.99081123,0.92140102,0.95404518,1,0.99838763,0.92717922,0.92716807
0.0027679999,1,1.0046983,0.99068421,0.92445314,0.95805085,1,0.9968605,0.92716891,0.92716807
0.0027719999,1,1.004413,0.99125463,0.92807293,0.95899725,1,0.99445516,0.92716807,0.92716807
0.002776,1,1.0035069,0.99233997,0.93053979,0.95726764,1,0.9910596,0.92716807,0.92716807
0.00278,1,1.0019442,0.99317729,0.93059057,0.95372546,1,0.98672789,0.92716807,0.92716807
0.002784,1,0.99978721,0.99271458,0.92787749,0.9493925,1,0.98166811,0.92716807,0.92716807
0.002788,1,0.99728423,0.99007326,0.92307097,0.94507438,1,0.97615516,0.92716807,0.92716807
0.0027920001,1,0.99489021,0.98497146,0.91757292,0.94108886,1,0.97042751,0.92716807,0.92716807
0.0027960001,1,0.99318075,0.97791028,0.9129625,0.93721527,1,0.96463484,0.92716807,0.92716807
0.0027999999,1,0.99266917,0.9700312,0.91040188,0.93289721,1,0.95885611,0.92716807,0.92716807
0.0028039999,1,0.99358988,0.96270019,0.91023725,0.92761612,1,0.95315325,0.92716807,0.92716807
0.002808,1,0.99574453,0.9569934,0.9119463,0.92127311,0.99999994,0.94762158,0.92716807,0.92716807
0.002812,1,0.99849486,0.9533056,0.91443682,0.91440105,0.9999997,0.94241792,0.92716807,0.92716807
0.002816,1,1.0009303,0.9512465,0.9165591,0.90809274,0.99999869,0.93775952,0.92716807,0.92716807
0.0028200001,1,1.0021672,0.94986224,0.91761214,0.90365517,0.99999487,0.93388146,0.92716807,0.92716807
0.0028240001,1,1.0016687,0.94807827,0.91763419,0.9021225,0.99998188,0.93095696,0.92716807,0.92716807
0.0028280001,1,0.99945742,0.94516563,0.91736341,0.90383464,0.99994266,0.92901599,0.92716807,0.92716807
0.0028319999,1,0.99612379,0.94102782,0.91789466,0.90827072,0.9998374,0.92791826,0.92716807,0.92716807
0.0028359999,1,0.99261183,0.9361912,0.9201811,0.91422492,0.99958551,0.92740917,0.92716807,0.92716807
0.00284,1,0.9898572,0.93151754,0.92459041,0.92026091,0.99904859,0.92722499,0.92716807,0.92716807
0.002844,1,0.98841679,0.9277786,0.93069559,0.92525637,0.99802756,0.92717677,0.92716807,0.92716807
0.002848,1,0.98824114,0.92529213,0.93738061,0.92879969,0.99629337,0.92716873,0.92716807,0.92716807
0.0028520001,1,0.98868704,0.92378318,0.94321138,0.93125874,0.99365461,0.92716807,0.92716807,0.92716807
0.0028560001,1,0.98877418,0.9225291,0.94692045,0.93348616,0.99003834,0.92716807,0.92716807,0.92716807
0.0028599999,1,0.98758686,0.92071652,0.94781315,0.93628895,0.98553497,0.92716807,0.92716807,0.92716807
0.0028639999,1,0.98465919,0.91784424,0.94594705,0.93990684,0.98036838,0.92716807,0.92716807,0.92716807
0.002868,1,0.98018473,0.91398901,0.94203287,0.94375008,0.97480482,0.92716807,0.92716807,0.92716807
0.002872,1,0.9749577,0.90981674,0.93711978,0.94654119,0.96906179,0.92716807,0.92716807,0.92716807
0.002876,1,0.97006303,0.90633655,0.93220633,0.94682539,0.96327239,0.92716807,0.92716807,0.92716807
0.00288,1,0.96643472,0.90451032,0.92793804,0.9436419,0.95751154,0.92716807,0.92716807,0.92716807
0.0028840001,1,0.96446049,0.90488827,0.92449909,0.93705988,0.9518491,0.92716807,0.92716807,0.92716807
0.0028880001,1,0.96379524,0.9074226,0.92171758,0.92832571,0.94639474,0.92716807,0.92716807,0.92716807
0.0028919999,1,0.96346599,0.91152638,0.91930974,0.91952443,0.94131964,0.92716807,0.92716807,0.92716807
0.0028959999,1,0.96223325,0.91633308,0.91713482,0.91286802,0.93684524,0.92716807,0.92716807,0.92716807
0.0029,1,0.95907301,0.92102838,0.91533941,0.9098922,0.93319201,0.92716807,0.92716807,0.92716807
0.002904,1,0.95358992,0.92510521,0.91432613,0.91089481,0.93049937,0.92716807,0.92716807,0.92716807
0.002908,1,0.94619954,0.92844051,0.91456795,0.91485798,0.92875713,0.92716807,0.92716807,0.92716807
0.0029120001,1,0.93800581,0.93118465,0.91635782,0.91989589,0.92779821,0.92716807,0.92716807,0.92716807
0.0029160001,1,0.9304179,0.93354487,0.91961402,0.9240458,0.92736572,0.92716807,0.92716807,0.92716807
0.0029200001,1,0.92465436,0.93558657,0.92383391,0.92607093,0.92721367,0.92716807,0.92716807,0.92716807
0.0029239999,1,0.92132157,0.93715966,0.92822218,0.9259336,0.92717487,0.92716807,0.92716807,0.92716807
0.0029279999,1,0.92022705,0.93798149,0.93194371,0.9247365,0.92716861,0.92716807,0.92716807,0.92716807
0.002932,1,0.92049253,0.93782592,0.93439484,0.92415762,0.92716807,0.92716807,0.92716807,0.92716807
0.002936,1,0.92091811,0.93670607,0.93538195,0.92562461,0.92716807,0.92716807,0.92716807,0.92716807
0.00294,1,0.92045242,0.93494368,0.93513596,0.92959064,0.92716807,0.92716807,0.92716807,0.92716807
0.0029440001,1,0.91858786,0.93307251,0.9341622,0.93523204,0.92716807,0.92716807,0.92716807,0.92716807
0.0029480001,1,0.91553438,0.93161374,0.93299669,0.94071037,0.92716807,0.92716807,0.92716807,0.92716807
0.0029519999,1,0.91211373,0.93082994,0.93197602,0.94389564,0.92716807,0.92716807,0.92716807,0.92716807
0.0029559999,1,0.90942615,0.9305858,0.93112141,0.94325006,0.92716807,0.92716807,0.92716807,0.92716807
0.00296,1,0.90842551,0.93039656,0.93018341,0.93849826,0.92716813,0.92716807,0.92716807,0.92716807
0.002964,1,0.90956879,0.92965782,0.92882299,0.93079877,0.92716813,0.92716807,0.92716807,0.92716807
0.002968,1,0.91266936,0.9279564,0.92684382,0.92234296,0.92716831,0.92716807,0.92716807,0.92716807
0.002972,1,0.91699988,0.92531717,0.92436671,0.91554695,0.92716902,0.92716807,0.92716807,0.92716807
0.0029760001,1,0.92159253,0.92225885,0.92186069,0.9121713,0.92717171,0.92716807,0.92716807,0.92716807
0.0029800001,1,0.92561013,0.91961771,0.92000747,0.91272575,0.92718083,0.92716807,0.92716807,0.92716807
0.0029839999,1,0.92864102,0.91820538,0.91944689,0.91638929,0.92720836,0.92716807,0.92716807,0.92716807
0.0029879999,1,0.93080771,0.9184503,0.92050683,0.92145222,0.92728323,0.92716807,0.92716807,0.92716807
0.002992,1,0.93265611,0.92019045,0.92302996,0.92606992,0.92746532,0.92716807,0.92716807,0.92716807
0.002996,1,0.93488073,0.92272109,0.92637658,0.92899531,0.9278627,0.92716807,0.92716807,0.92716807
0.003,1,0.93800169,0.92509115,0.92961383,0.92998457,0.9286406,0.92716807,0.92716807,0.92716807
0.0030040001,1,0.94212437,0.92652351,0.93182564,0.92972708,0.93000853,0.92716807,0.92716807,0.92716807
0.0030080001,1,0.94687444,0.92677128,0.93242997,0.92936558,0.93217331,0.92716807,0.92716807,0.92716807
0.0030119999,1,0.95152915,0.92624348,0.93138319,0.92985117,0.93526798,0.92716807,0.92716807,0.92716807
0.0030159999,1,0.95528877,0.92582786,0.92919278,0.93143809,0.93929011,0.92716807,0.92716807,0.92716807
0.0030199999,1,0.95758009,0.92647702,0.92673159,0.93354887,0.94409138,0.92716807,0.92716807,0.92716807
0.003024,1,0.95827472,0.92873263,0.92492247,0.93505985,0.94943309,0.92716807,0.92716807,0.92716807
0.003028,1,0.95774168,0.9324013,0.92440838,0.93486506,0.95507389,0.92716807,0.92716807,0.92716807
0.003032,1,0.95671958,0.93653834,0.92532992,0.93244874,0.96083456,0.92716807,0.92716807,0.92716807
0.0030360001,1,0.95606202,0.93976748,0.92728877,0.92819697,0.96660662,0.92716807,0.92716807,0.92716807
0.0030400001,1,0.95645392,0.94081825,0.92950702,0.92330247,0.97231495,0.92716813,0.92716807,0.92716807
0.0030439999,1,0.95820397,0.93906224,0.93111873,0.91930163,0.97786981,0.92716819,0.92716807,0.92716807
0.0030479999,1,0.96118414,0.9348222,0.93148547,0.91745061,0.98313302,0.92716849,0.92716807,0.92716807
0.003052,1,0.9649291,0.92931467,0.93041986,0.91821843,0.9879126,0.92716962,0.92716807,0.92716807
0.003056,1,0.968849,0.92423892,0.9282409,0.9211188,0.99199206,0.92717385,0.92716807,0.92716807
0.00306,1,0.97246969,0.92116922,0.9256475,0.92494971,0.99519295,0.92718732,0.92716807,0.92716807
0.003064,1,0.97560966,0.92099345,0.92346352,0.92832547,0.99744672,0.92722601,0.92716807,0.92716807
0.0030680001,1,0.97843146,0.92362028,0.92235094,0.93026024,0.99883384,0.92732614,0.92716807,0.92716807
0.0030720001,1,0.98135573,0.928069,0.92259508,0.93054187,0.99955821,0.92755902,0.92716807,0.92716807
0.0030759999,1,0.98487592,0.93289697,0.92403334,0.92973757,0.9998678,0.92804611,0.92716807,0.92716807
0.0030799999,1,0.98934847,0.93678528,0.92614323,0.92884082,0.99997091,0.92896312,0.92716807,0.92716807
0.003084,1,0.99483496,0.93904132,0.92824852,0.92873317,0.99999589,0.93051893,0.92716807,0.92716807
0.003088,1,1.0010514,0.93981904,0.92976153,0.92971635,0.9999997,0.93290293,0.92716807,0.92716807
0.003092,1,1.0074379,0.93997985,0.93037266,0.93133563,1,0.93621629,0.92716807,0.92716807
0.0030960001,1,1.0133171,0.94066751,0.93012506,0.93258047,1,0.94042206,0.92716807,0.92716807
0.0031000001,1,1.0180829,0.94278705,0.92935663,0.93237484,1,0.94535077,0.92716807,0.92716807
0.0031039999,1,1.0213531,0.94660962,0.9285419,0.93013394,1,0.95076299,0.92716807,0.92716807
0.0031079999,1,1.0230381,0.95166445,0.92809945,0.92613077,1,0.95643204,0.92716807,0.92716807
0.0031119999,1,1.0233121,0.95695406,0.92823851,0.92149448,1,0.9621954,0.92716807,0.92716807
0.003116,1,1.0225066,0.96138972,0.92889756,0.91782224,1,0.96795243,0.92716813,0.92716807
0.00312,1,1.0209743,0.96425825,0.92979044,0.91655749,1,0.97362459,0.92716813,0.92716807
0.003124,1,1.018973,0.96552193,0.93053663,0.91839087,1,0.97911072,0.92716825,0.92716807
0.0031280001,1,1.0166109,0.96583235,0.93082148,0.9229371,1,0.9842599,0.92716873,0.92716807
0.0031320001,1,1.0138636,0.96625948,0.93052745,0.92882878,1,0.98887444,0.92717063,0.92716807
0.0031359999,1,1.0106518,0.96785724,0.9297899,0.93419737,1,0.99274671,0.92717701,0.92716807
0.0031399999,1,1.0069412,0.97124881,0.92896104,0.93735194,1,0.99572432,0.92719644,0.92716807
0.003144,1,1.0028235,0.97639823,0.92849869,0.93738985,1,0.99777377,0.92724961,0.92716807
0.003148,1,0.99854869,0.9826538,0.92881972,0.93450117,1,0.99900466,0.92738104,0.92716807
0.003152,1,0.99449402,0.9890306,0.93016821,0.92985779,1,0.99963123,0.92767382,0.92716807
0.003156,1,0.99108195,0.99460709,0.93253839,0.92514241,1,0.99989212,0.92826229,0.92716807
0.0031600001,1,0.98867422,0.99886841,0.93567473,0.92191279,1,0.99997681,0.92932993,0.92716807
0.0031640001,1,0.98747909,1.001861,0.93914461,0.9210512,1,0.99999678,0.931081,0.92716807
0.0031679999,1,0.98749936,1.0041057,0.94245851,0.9225049,1,0.99999976,0.93368411,0.92716807
0.0031719999,1,0.98853797,1.0063206,0.94520235,0.92539757,1,1,0.93720782,0.92716807
0.003176,1,0.99025619,1.0090735,0.94714504,0.92844409,1,1,0.94158411,0.92716807
0.00318,1,0.99226552,1.0125134,0.9482953,0.9304868,1,1,0.94662678,0.92716807
0.003184,1,0.99422401,1.016284,0.94889569,0.93093735,1,1,0.95209956,0.92716807
0.0031880001,1,0.99590969,1.0196499,0.94935995,0.929959,1,1,0.95779085,0.92716807
0.0031920001,1,0.99725163,1.0217764,0.95017052,0.92833722,1,1,0.96355271,0.92716807
0.0031959999,1,0.9983145,1.0220504,0.95176357,0.9271118,1,1,0.96928972,0.92716813
0.0031999999,1,0.99924505,1.0203142,0.95442772,0.92713118,1,1,0.97491807,0.92716819
0.0032039999,1,1.0002002,1.0169324,0.95823997,0.92870772,1,1,0.98032469,0.92716849
0.003208,1,1.0012802,1.0126681,0.96305352,0.93150508,1,1,0.98534781,0.92716974
0.003212,1,1.0024873,1.0084276,0.96853775,0.93468666,1,1,0.98978734,0.92717427
0.003216,1,1.0037208,1.0049695,0.97426075,0.93725783,1,1,0.99344873,0.92718863
0.0032200001,1,1.0048066,1.002682,0.97979206,0.93846118,1,1,0.99620748,0.92723018
0.0032240001,1,1.005554,1.0015044,0.98479927,0.93807602,1,1,0.99806392,0.92733908
0.0032279999,1,1.0058161,1.0010055,0.9891125,0.9365136,1,1,0.99915236,0.92759657
0.0032319999,1,1.0055386,1.0005805,0.99274111,0.93468195,1,1,0.99969274,0.92814738
0.003236,1,1.0047793,0.99969059,0.99583936,0.93367618,1,1,0.99991208,0.92921317
0.00324,1,1.0036935,0.99805653,0.99863416,0.93440831,1,1,0.99998152,0.93108028
0.003244,1,1.002488,0.99574697,1.001339,0.93730688,1,1,0.9999975,0.93404621
0.0032480001,1,1.0013626,0.9931379,1.0040824,0.94218475,1,1,0.99999982,0.93833148
0.0032520001,1,1.0004519,0.99076855,1.0068729,0.94831377,1,1,1,0.94399118
0.0032560001,1,0.99979204,0.98915082,1.0096084,0.95467311,1,1,1,0.95087963
0.0032599999,1,0.99931854,0.98860115,1.0121243,0.96028447,1,1,1,0.95869601
0.0032639999,1,0.99889964,0.98915136,1.0142572,0.96452177,1,1,1,0.96709013
0.003268,1,0.99839276,0.99056387,1.0158989,0.96729589,1,1,1,0.97576332
0.003272,1,0.99770552,0.99243933,1.0170205,0.96906036,1,1,1,0.98450959
0.003276,1,0.99684209,0.99437219,1.0176582,0.97064269,1,1,1,0.99318796
0.0032800001,1,0.99591762,0.99609476,1.0178705,0.97296244,1,1,1,1.0016607
0.0032840001,1,0.99513543,0.99755651,1.017689,0.97673357,1,1,1.0000002,1.0097387
0.0032879999,1,0.99473304,0.99890977,1.0170853,0.98224795,1,1,1.000001,1.0171623
0.0032919999,1,0.99491245,1.0004101,1.0159769,0.9893083,1,1,1.0000032,1.0236293
0.003296,1,0.99577731,1.0022699,1.0142683,0.99732465,1,1,1.0000104,1.0288694
0.0033,1,0.99729401,1.0045254,1.011916,1.0055314,1,1,1.00003,1.0327381
0.003304,1,0.99929023,1.0069711,1.0089914,1.0132425,1,1,1.0000792,1.0352838
0.003308,1,1.0014884,1.00919,1.0057091,1.0200506,1,1,1.0001909,1.0367414
0.0033120001,1,1.0035659,1.010675,1.0024097,1.0259053,1,1,1.0004207,1.0374473
0.0033160001,1,1.0052209,1.0109961,0.99949318,1.0310489,1,1,1.0008497,1.037727
0.0033199999,1,1.00623,1.0099527,0.99732423,1.0358508,1,1,1.0015765,1.0378133
0.0033239999,1,1.0064805,1.0076534,0.9961428,1.0406122,1,1,1.002697,1.0378327
0.003328,1,1.0059755,1.0044936,0.99600959,1.0454255,1,1,1.0042728,1.0378355
0.003332,1,1.0048158,1.0010402,0.99680698,1.0501412,1,1,1.0063068,1.0378357
0.003336,1,1.0031688,0.99786866,0.99829453,1.0544469,1,1,1.0087367,1.0378357
0.0033400001,1,1.0012349,0.99541271,1.0001986,1.0580138,1,1,1.0114555,1.0378357
0.0033440001,1,0.99922264,0.99388111,1.0023032,1.0606372,1,1,1.0143479,1.0378357
0.0033480001,1,0.99733233,0.99326146,1.0045117,1.062305,1,1,1.017319,1.0378357
0.0033519999,1,0.99574763,0.99339724,1.0068561,1.0631654,1,1,1.0203037,1.0378357
0.0033559999,1,0.99462825,0.99409324,1.0094578,1.0634158,1,1,1.0232543,1.0378357
0.00336,1,0.9940989,0.99519795,1.0124545,1.0631726,1,1.0000001,1.0261191,1.0378357
0.003364,1,0.99423361,0.99662876,1.0159248,1.0623938,1,1.0000004,1.0288281,1.0378357
0.003368,1,0.99503744,0.9983393,1.0198377,1.0608988,1,1.0000014,1.031289,1.0378357
0.0033720001,1,0.99643391,1.000258,1.0240443,1.0584781,1,1.0000049,1.0334011,1.0378357
0.0033760001,1,0.99826378,1.0022428,1.0283111,1.0550425,1,1.000015,1.0350821,1.0378357
0.0033799999,1,1.0003003,1.0040879,1.0323795,1.0507309,1,1.0000416,1.0362982,1.0378357
0.0033839999,1,1.0022804,1.0055866,1.036026,1.045918,1,1.0001055,1.0370808,1.0378357
0.003388,1,1.0039458,1.006621,1.0391036,1.0411052,1,1.0002451,1.0375185,1.0378357
0.003392,1,1.0050845,1.0072311,1.0415505,1.0367428,1,1.0005219,1.0377254,1.0378357
0.003396,1,1.0055633,1.0076151,1.0433707,1.0330663,1,1.001021,1.0378056,1.0378357
0.0034,1,1.0053446,1.0080497,1.0446011,1.0300318,1,1.0018407,1.0378296,1.0378357
0.0034040001,1,1.0044868,1.008757,1.0452813,1.0273924,1,1.0030684,1.0378349,1.0378357
0.0034080001,1,1.0031284,1.0097803,1.0454434,1.0248859,1,1.0047524,1.0378357,1.0378357
0.0034119999,1,1.0014639,1.0109353,1.0451218,1.0224448,1,1.0068797,1.0378357,1.0378357
0.0034159999,1,0.99971664,1.0118746,1.0443776,1.0203192,1,1.0093777,1.0378357,1.0378357
0.00342,1,0.99811214,1.0122505,1.0433205,1.0190341,1,1.0121375,1.0378357,1.0378357
0.003424,1,0.9968549,1.0119121,1.0421157,1.0191804,1,1.0150484,1.0378357,1.0378357
0.003428,1,0.99610853,1.0110396,1.0409652,1.0211214,1,1.0180228,1.0378357,1.0378357
0.0034320001,1,0.99597824,1.0101466,1.0400689,1.024752,1,1.0209994,1.0378357,1.0378357
0.0034360001,1,0.99649692,1.0099231,1.0395774,1.0294378,1,1.0239297,1.0378357,1.0378357
0.0034399999,1,0.99761748,1.0109738,1.0395527,1.0341883,1.0000001,1.0267578,1.0378357,1.0378357
0.0034439999,1,0.99921441,1.0135579,1.0399531,1.0380147,1.0000007,1.0294083,1.0378357,1.0378357
0.0034479999,1,1.0010974,1.017446,1.0406451,1.0403271,1.0000023,1.031787,1.0378357,1.0378357
0.003452,1,1.0030375,1.0219728,1.04144,1.0411899,1.0000073,1.0337975,1.0378357,1.0378357
0.003456,1,1.0048015,1.0262783,1.0421411,1.0413053,1.0000212,1.0353688,1.0378357,1.0378357
0.00346,1,1.0061902,1.0296462,1.0425869,1.0417035,1.0000566,1.0364826,1.0378357,1.0378357
0.0034640001,1,1.0070705,1.0317961,1.0426782,1.0432564,1.0001384,1.037184,1.0378357,1.0378357
0.0034680001,1,1.0073967,1.0329978,1.0423837,1.0462192,1.0003103,1.0375673,1.0378357,1.0378357
0.0034719999,1,1.007216,1.0339429,1.0417293,1.0500139,1.0006396,1.0377444,1.0378357,1.0378357
0.0034759999,1,1.0066594,1.0354197,1.0407776,1.0533754,1.0012143,1.0378112,1.0378357,1.0378357
0.00348,1,1.0059208,1.0379246,1.0396063,1.0548277,1.0021302,1.0378308,1.0378357,1.0378357
0.003484,1,1.0052271,1.0413842,1.0382944,1.0533085,1.0034655,1.0378351,1.0378357,1.0378357
0.003488,1,1.0048075,1.0451211,1.0369146,1.0486782,1.0052539,1.0378357,1.0378357,1.0378357
0.003492,1,1.00486,1.0481001,1.0355319,1.0418818,1.0074686,1.0378357,1.0378357,1.0378357
0.0034960001,1,1.005524,1.0493612,1.0342052,1.0346709,1.0100284,1.0378357,1.0378357,1.0378357
0.0035000001,1,1.0068566,1.0484611,1.0329899,1.0289736,1.0128238,1.0378357,1.0378357,1.0378357
0.0035039999,1,1.0088207,1.0457274,1.0319405,1.026165,1.0157496,1.0378357,1.0378357,1.0378357
0.0035079999,1,1.0112871,1.0421988,1.0311159,1.0265387,1.0187246,1.0378357,1.0378357,1.0378357
0.003512,1,1.014055,1.0392569,1.030584,1.0292121,1.0216902,1.0378357,1.0378357,1.0378357
0.003516,1,1.0168896,1.0380886,1.0304254,1.0325164,1.0245965,1.0378357,1.0378357,1.0378357
0.00352,1,1.0195704,1.0391983,1.030728,1.0347186,1.0273827,1.0378357,1.0378357,1.0378357
0.0035240001,1,1.0219392,1.0421805,1.03157,1.0347733,1.0299691,1.0378357,1.0378357,1.0378357
0.0035280001,1,1.0239327,1.0458562,1.0329911,1.0327817,1.032261,1.0378357,1.0378357,1.0378357
0.0035319999,1,1.0255888,1.0487294,1.0349575,1.0299534,1.0341679,1.0378357,1.0378357,1.0378357
0.0035359999,1,1.0270226,1.0495796,1.0373375,1.0280783,1.0356314,1.0378357,1.0378357,1.0378357
0.0035399999,1,1.0283802,1.0479476,1.0398964,1.0287266,1.0366479,1.0378357,1.0378357,1.0378357
0.003544,1,1.0297853,1.0443095,1.0423267,1.0325162,1.0372744,1.0378357,1.0378357,1.0378357
0.003548,1,1.0312999,1.0398653,1.0443068,1.0387697,1.037609,1.0378357,1.0378357,1.0378357
0.003552,1,1.0329138,1.0360326,1.0455753,1.0457151,1.0377601,1.0378357,1.0378357,1.0378357
0.0035560001,1,1.0345668,1.0338585,1.0459954,1.0511587,1.0378158,1.0378357,1.0378357,1.0378357
0.0035600001,1,1.0361924,1.0336016,1.0455854,1.0533514,1.0378319,1.0378357,1.0378357,1.0378357
0.0035639999,1,1.0377625,1.0346606,1.0445007,1.0516857,1.0378352,1.0378357,1.0378357,1.0378357
0.0035679999,1,1.0393075,1.0358788,1.0429732,1.0469297,1.0378357,1.0378357,1.0378357,1.0378357
0.003572,1,1.0408988,1.0360897,1.0412291,1.0409006,1.0378357,1.0378357,1.0378357,1.0378357
0.003576,1,1.0425973,1.0346639,1.0394224,1.0357152,1.0378357,1.0378357,1.0378357,1.0378357
0.00358,1,1.0443888,1.0318201,1.0376098,1.0329398,1.0378357,1.0378357,1.0378357,1.0378357
0.003584,1,1.0461377,1.0285604,1.0357827,1.0329931,1.0378357,1.0378357,1.0378357,1.0378357
0.0035880001,1,1.0475905,1.0262578,1.0339406,1.0350531,1.0378357,1.0378357,1.0378357,1.0378357
0.0035920001,1,1.048437,1.026071,1.0321702,1.037493,1.0378357,1.0378357,1.0378357,1.0378357
0.0035959999,1,1.0484153,1.0284383,1.0306886,1.0386465,1.0378356,1.0378357,1.0378357,1.0378357
0.0035999999,1,1.0474226,1.0328677,1.0298164,1.0375681,1.0378352,1.0378357,1.0378357,1.0378357
0.003604,1,1.0455831,1.0381111,1.0298795,1.0344573,1.037834,1.0378357,1.0378357,1.0378357
0.003608,1,1.0432355,1.0426493,1.0310717,1.0305694,1.0378306,1.0378357,1.0378357,1.0378357
0.003612,1,1.0408357,1.0452781,1.0333332,1.0276623,1.0378207,1.0378357,1.0378357,1.0378357
0.0036160001,1,1.0388,1.0455527,1.0363044,1.0272245,1.0377952,1.0378357,1.0378357,1.0378357
0.0036200001,1,1.0373499,1.0439067,1.0393888,1.0298245,1.0377355,1.0378357,1.0378357,1.0378357
0.0036239999,1,1.0364227,1.0414094,1.0419182,1.0348536,1.0376076,1.0378357,1.0378357,1.0378357
0.0036279999,1,1.0356911,1.0392784,1.0433658,1.0407693,1.0373565,1.0378357,1.0378357,1.0378357
0.0036319999,1,1.0346959,1.0383626,1.0435272,1.0457191,1.0369062,1.0378357,1.0378357,1.0378357
0.003636,1,1.033044,1.0388193,1.0425938,1.0482703,1.0361662,1.0378357,1.0378357,1.0378357
0.00364,1,1.0305955,1.0401105,1.0410795,1.0479361,1.0350507,1.0378357,1.0378357,1.0378357
0.003644,1,1.0275575,1.0413048,1.039621,1.0452846,1.0335033,1.0378357,1.0378357,1.0378357
0.0036480001,1,1.0244352,1.0415365,1.0387253,1.0416125,1.0315183,1.0378357,1.0378357,1.0378357
0.0036520001,1,1.0218514,1.0404084,1.0385653,1.0383435,1.029147,1.0378357,1.0378357,1.0378357
0.0036559999,1,1.0202957,1.0381637,1.038913,1.0364338,1.026482,1.0378357,1.0378357,1.0378357
0.0036599999,1,1.019908,1.0355583,1.0392447,1.0360365,1.0236297,1.0378357,1.0378357,1.0378357
0.003664,1,1.0203888,1.0335035,1.0389842,1.036556,1.0206839,1.0378357,1.0378357,1.0378357
0.003668,1,1.0210873,1.032649,1.0377858,1.0370368,1.0177161,1.0378357,1.0378357,1.0378357
0.003672,1,1.0212418,1.0330987,1.0357363,1.0366873,1.0147818,1.0378357,1.0378357,1.0378357
0.0036760001,1,1.0202866,1.0343831,1.0333807,1.0352877,1.0119365,1.0378355,1.0378357,1.0378357
0.0036800001,1,1.0180976,1.0356947,1.0315467,1.0332972,1.0092498,1.037835,1.0378357,1.0378357
0.0036840001,1,1.015071,1.0362697,1.0310248,1.0316241,1.0068073,1.0378332,1.0378357,1.0378357
0.0036879999,1,1.0119901,1.0357392,1.03223,1.0311805,1.0047002,1.0378282,1.0378357,1.0378357
0.0036919999,1,1.0097204,1.034289,1.0349876,1.0324366,1.0030025,1.0378146,1.0378357,1.0378357
0.003696,1,1.0088503,1.0325596,1.0385394,1.035185,1.0017467,1.0377811,1.0378357,1.0378357
0.0037,1,1.0094212,1.0313364,1.041788,1.0386176,1.0009086,1.0377053,1.0378357,1.0378357
0.003704,1,1.0108663,1.0311767,1.0436908,1.0416713,1.0004138,1.0375483,1.0378357,1.0378357
0.0037080001,1,1.0121938,1.0321454,1.0436548,1.0434746,1.0001607,1.0372504,1.0378357,1.0378357
0.0037120001,1,1.0123537,1.0337768,1.0417722,1.043687,1.0000515,1.0367317,1.0378357,1.0378357
0.0037159999,1,1.0106467,1.0352789,1.0387951,1.0425839,1.000013,1.0359032,1.0378357,1.0378357
0.0037199999,1,1.007013,1.0358819,1.0358511,1.0408614,1.0000024,1.0346859,1.0378357,1.0378357
0.003724,1,1.0020781,1.0351712,1.0340085,1.0392705,1.0000002,1.0330353,1.0378357,1.0378357
0.003728,1,0.99693203,1.0332558,1.0338608,1.0382652,1,1.0309592,1.0378357,1.0378357
0.003732,1,0.99272454,1.0306978,1.0353003,1.0378329,1,1.0285187,1.0378357,1.0378357
0.003736,1,0.99023455,1.0282383,1.037573,1.0375791,1,1.0258095,1.0378357,1.0378357
0.0037400001,1,0.98959041,1.0264503,1.0395969,1.0370123,1,1.0229352,1.0378357,1.0378357
0.0037440001,1,0.99025208,1.025474,1.0404118,1.0358722,1,1.0199841,1.0378357,1.0378357
0.0037479999,1,0.99126577,1.0249565,1.0395776,1.0343291,1,1.0170243,1.0378357,1.0378357
0.0037519999,1,0.99168438,1.0242202,1.0373553,1.0329456,1,1.014111,1.0378356,1.0378357
0.003756,1,0.99097997,1.0225848,1.0345961,1.0324149,1,1.0113032,1.0378354,1.0378357
0.00376,1,0.98927605,1.0196964,1.0323811,1.0332021,1,1.008674,1.0378345,1.0378357
0.003764,1,0.98730147,1.0157193,1.0315659,1.0352707,1,1.0063106,1.0378321,1.0378357
0.0037680001,1,0.98608333,1.0113045,1.0324167,1.038038,1,1.0043,1.037825,1.0378357
0.0037720001,1,0.98650819,1.0073481,1.0344945,1.040593,1,1.0027065,1.0378067,1.0378357
0.0037760001,1,0.98893338,1.0046411,1.0368339,1.0420847,1,1.0015491,1.0377632,1.0378357
0.0037799999,1,0.9930135,1.0035607,1.0383438,1.042098,1,1.0007919,1.0376683,1.0378357
0.0037839999,1,0.99781436,1.003924,1.0382602,1.0408365,1,1.0003542,1.0374781,1.0378357
0.003788,1,1.0021681,1.0050629,1.0364604,1.0390176,1,1.0001349,1.0371281,1.0378357
0.003792,1,1.0051197,1.0060797,1.0335073,1.0375243,1,1.0000424,1.0365365,1.0378357
0.003796,1,1.0062813,1.0061766,1.0304048,1.0369731,1,1.0000105,1.0356163,1.0378357
0.0038000001,1,1.0059452,1.0049282,1.0281693,1.0374085,1,1.0000019,1.0342968,1.0378357
0.0038040001,1,1.0049174,1.0023971,1.0274001,1.038277,1,1.0000002,1.0325458,1.0378357
0.0038079999,1,1.0041432,0.99906409,1.0280288,1.0387058,1,1,1.0303838,1.0378357
0.0038119999,1,1.0042908,0.99561995,1.029354,1.0379606,1,1,1.02788,1.0378357
0.003816,1,1.005469,0.9927097,1.0303427,1.0358691,1,1,1.0251318,1.0378357
0.00382,1,1.0071963,0.99073225,1.0300704,1.032994,1,1,1.0222393,1.0378357
0.003824,1,1.0086282,0.98975921,1.028109,1.0304561,1,1,1.0192863,1.0378357
0.003828,1,1.0089393,0.98958355,1.0247003,1.0294601,1,1,1.0163374,1.0378357
0.0038320001,1,1.00769,0.98985636,1.0206456,1.030728,1,1,1.013449,1.0378355
0.0038360001,1,1.005022,0.9902457,1.0169604,1.0340962,1,1,1.0106833,1.0378349
0.0038399999,1,1.0016007,0.99055463,1.0144458,1.0384761,1,1,1.0081167,1.0378331
0.0038439999,1,0.99833781,0.99076581,1.0133617,1.0422224,1,1,1.0058365,1.0378276
0.003848,1,0.99601978,0.99101287,1.0133379,1.0437733,1,1,1.0039243,1.0378129
0.003852,1,0.99500942,0.99150664,1.0135556,1.0422971,1,1,1.0024337,1.0377761
0.003856,1,0.99514455,0.99244881,1.0131173,1.0380657,1,1,1.0013705,1.0376916
0.0038600001,1,0.99587184,0.99396157,1.0114388,1.0323808,1,1,1.0006887,1.0375131
0.0038640001,1,0.99654353,0.99604422,1.0084976,1.0270724,1,1,1.0003024,1.0371668
0.0038680001,1,0.99673402,0.998559,1.0048295,1.0237676,1,1,1.0001131,1.0365485
0.0038719999,1,0.99642909,1.0012434,1.0012842,1.0232354,1,1,1.0000349,1.0355318
0.0038759999,1,0.99600202,1.0037497,0.99864751,1.0250851,1,1,1.0000085,1.0339905
0.00388,1,0.99599367,1.0057129,0.99729997,1.027946,1,1,1.0000015,1.031831
0.003884,1,0.99680501,1.006839,0.99705881,1.0300535,1,1,1.0000001,1.0290233
0.003888,1,0.99845511,1.0069987,0.99726909,1.0299939,1,1,1,1.0256157
0.0038920001,1,1.0005245,1.0062902,0.99710226,1.0272889,1,1,1,1.0217235
0.0038960001,1,1.0023195,1.0050397,0.99592954,1.0225749,1,1,1,1.017496
0.0038999999,1,1.0031859,1.0037205,0.99360877,1.017301,1,1,1,1.0130793
0.0039039999,1,1.0028266,1.0028012,0.99056327,1.0130827,1,1,1,1.0085936
0.003908,1,1.0014706,1.0025723,0.98762161,1.0109895,1,1,0.99999994,1.0041344
0.003912,1,0.99980277,1.0030181,0.98568869,1.0110737,1,1,0.99999988,0.99978948
0.003916,1,0.99867678,1.0037981,0.9853884,1.0123428,1,1,0.99999958,0.99565828
0.00392,1,0.99872977,1.0043597,0.98682368,1.0131855,1,1,0.99999869,0.99186105
0.0039240001,1,1.0000746,1.0041553,0.98954636,1.0120642,1,1,0.99999607,0.98852807
0.0039280001,1,1.0022146,1.0028818,0.99273992,1.0081803,1,1,0.99998921,0.98577344
0.0039320001,1,1.0042305,1.0006402,0.99552953,1.0018264,1,1,0.99997282,0.98366159
0.0039360002,1,1.0051706,0.99794054,0.99729031,0.99428117,1,1,0.99993634,0.98218292
0.0039400002,1,1.0044754,0.99553132,0.99783337,0.9872933,1,1,0.99986184,0.98125273
0.0039440002,1,1.0022502,0.99411428,0.99741071,0.98237801,1,1,0.99972147,0.98073637
0.0039479998,1,0.99925601,0.99405807,0.99655706,0.98022127,1,1,0.99947798,0.98048854
0.0039519998,1,0.99661118,0.99523342,0.9958505,0.98043722,1,1,0.99908811,0.98038816
0.0039559999,1,0.99532396,0.99705106,0.9956966,0.98177022,1,1,0.99851131,0.98035496
0.0039599999,1,0.99585491,0.99869567,0.99621511,0.98264444,1,1,0.99772078,0.98034638
0.0039639999,1,0.99790227,0.99946541,0.99725431,0.98182136,1,1,0.99671245,0.98034477
0.0039679999,1,1.0005105,0.99907368,0.99850088,0.97888923,1,1,0.99550837,0.98034459
0.003972,1,1.0024668,0.99777985,0.99961817,0.9743883,1,1,0.9941507,0.98034459
0.003976,1,1.0028207,0.9962855,1.0003496,0.96953595,1,1,0.99269015,0.98034459
0.00398,1,1.0013075,0.99543303,1.0005534,0.96568632,1,1,0.99117452,0.98034459
0.0039840001,1,0.99848878,0.99583441,1.0001783,0.96376371,1,1,0.9896431,0.98034459
0.0039880001,1,0.9955433,0.99758989,0.99921948,0.96391219,1,0.99999994,0.98812777,0.98034459
0.0039920001,1,0.99378753,1.0002245,0.99769282,0.96549815,1,0.99999982,0.98665953,0.98034459
0.0039960002,1,0.99412352,1.0028747,0.99564761,0.96744907,1,0.99999934,0.98527408,0.98034459
0.0040000002,1,0.99664527,1.0046475,0.99320114,0.9687655,1,0.99999803,0.98401326,0.98034459
0.0040000002,1,0.99664527,1.0046475,0.99320114,0.9687655,1,0.99999803,0.98401326,0.98034459
