"Time","hbridge.vDC1","hbridge.iDC1","hbridge.vDC2","hbridge.iDC2","meanCurrent.y","meanVoltage.y","inductor.i"
0,100,0.0040000002,100,-0,0,0,0
0.00019999999,100,0.02380158,100,-0.019801581,0,0,0.019801581
0.00030000001,100,0.033555012,100,-0.029555012,0,0,0.029555012
0.00030000001,100,-0.025555011,-100,-0.029555012,0,0,0.029555012
0.00039999999,100,-0.015310733,-100,-0.019310733,0,0,0.019310733
0.00050000002,100,-0.0051682042,-100,-0.0091682039,0,0,0.0091682039
0.00050000002,100,-0.0051682042,-100,-0.0091682039,0,0,0.0091682039
0.00057128409,100,0.0020000001,-100,-0.0020000001,0,0,0.0020000001
0.00057128409,100,0.0020000001,-100,-0.0020000001,0,0,0.0020000001
0.00057128409,100,0.0020000001,-100,-0.0020000001,0,0,0.0020000001
0.00057128409,100,0.0020000001,-100,-0.0020000001,0,0,0.0020000001
0.00057128415,100,0.0020000024,-100,-0.0019999978,0,0,0.0019999978
0.00057128415,100,0.0020000024,-100,-0.0019999978,0,0,0.0019999978
0.00060000003,100,0.0048732054,-100,0.0008732056,0,0,-0.0008732056
0.00069999998,100,0.014814781,-100,0.010814781,0,0,-0.010814781
0.00069999998,100,-0.0068147816,100,0.010814781,0,0,-0.010814781
0.00078758691,100,0.0020000001,100,0.0019999999,0,0,-0.0019999999
0.00078758691,100,0.0020000001,100,0.0019999999,0,0,-0.0019999999
0.00079999998,100,0.0032430214,100,0.00075697852,0,0,-0.00075697852
0.001,100,0.023059597,100,-0.019059597,0,0,0.019059597
0.001,100,0.023059597,100,-0.019059597,0.009404025,20,0.019059597
0.0012000001,100,0.042483777,100,-0.03848378,0.009404025,20,0.03848378
0.0013,100,0.052051332,100,-0.048051331,0.009404025,20,0.048051331
0.0013,100,-0.044051331,-100,-0.048051331,0.009404025,20,0.048051331
0.0014,100,-0.03362301,-100,-0.037623011,0.009404025,20,0.037623011
0.0015,100,-0.023298267,-100,-0.027298268,0.009404025,20,0.027298268
0.0015,100,-0.023298267,-100,-0.027298268,0.009404025,20,0.027298268
0.0016,100,-0.013076445,-100,-0.017076446,0.009404025,20,0.017076446
0.0017,100,-0.002956135,-100,-0.0069561349,0.009404025,20,0.0069561349
0.0017,100,0.010956135,100,-0.0069561349,0.009404025,20,0.0069561349
0.0018,100,0.020837119,100,-0.016837118,0.009404025,20,0.016837118
0.0020000001,100,0.040305544,100,-0.036305543,0.009404025,20,0.036305543
0.0020000001,100,0.040305544,100,-0.036305543,0.027540527,20,0.036305543
0.0022,100,0.059388235,100,-0.055388235,0.027540527,20,0.055388235
0.0023000001,100,0.068787597,100,-0.064787596,0.027540527,20,0.064787596
0.0023000001,100,-0.060787596,-100,-0.064787596,0.027540527,20,0.064787596
0.0024000001,100,-0.050192747,-100,-0.054192748,0.027540527,20,0.054192748
0.0024999999,100,-0.039703127,-100,-0.043703128,0.027540527,20,0.043703128
0.0024999999,100,-0.039703127,-100,-0.043703128,0.027540527,20,0.043703128
0.0026,100,-0.029318076,-100,-0.033318076,0.027540527,20,0.033318076
0.0027000001,100,-0.019036153,-100,-0.023036154,0.027540527,20,0.023036154
0.0027000001,100,0.027036155,100,-0.023036154,0.027540527,20,0.023036154
0.0027999999,100,0.036757141,100,-0.032757141,0.027540527,20,0.032757141
0.003,100,0.055910312,100,-0.051910311,0.027540527,20,0.051910311
0.003,100,0.055910312,100,-0.051910311,0.043952323,20,0.051910311
0.0031999999,100,0.074684009,100,-0.070684008,0.043952323,20,0.070684008
0.0033,100,0.083931185,100,-0.079931185,0.043952323,20,0.079931185
0.0033,100,-0.075931184,-100,-0.079931185,0.043952323,20,0.079931185
0.0034,100,-0.065185651,-100,-0.069185652,0.043952323,20,0.069185652
0.0035000001,100,-0.054546848,-100,-0.058546849,0.043952323,20,0.058546849
0.0035000001,100,-0.054546848,-100,-0.058546849,0.043952323,20,0.058546849
0.0035999999,100,-0.044014096,-100,-0.048014097,0.043952323,20,0.048014097
0.0037,100,-0.033585943,-100,-0.037585944,0.043952323,20,0.037585944
0.0037,100,0.041585945,100,-0.037585944,0.043952323,20,0.037585944
0.0038000001,100,0.051162157,100,-0.047162157,0.043952323,20,0.047162157
0.0040000002,100,0.070030078,100,-0.066030078,0.043952323,20,0.066030078
0.0040000002,100,0.070030078,100,-0.066030078,0.058802329,19.999998,0.066030078
0.0041999999,100,0.088524185,100,-0.084524192,0.058802329,19.999998,0.084524192
0.0043000001,100,0.097633652,100,-0.093633652,0.058802329,19.999998,0.093633652
0.0043000001,100,-0.089633651,-100,-0.093633652,0.058802329,19.999998,0.093633652
0.0044,100,-0.07875178,-100,-0.082751781,0.058802329,19.999998,0.082751781
0.0044999998,100,-0.067977987,-100,-0.071977988,0.058802329,19.999998,0.071977988
0.0044999998,100,-0.067977987,-100,-0.071977988,0.058802329,19.999998,0.071977988
0.0046000001,100,-0.057311594,-100,-0.061311595,0.058802329,19.999998,0.061311595
0.0046999999,100,-0.046751127,-100,-0.050751127,0.058802329,19.999998,0.050751127
0.0046999999,100,0.054751128,100,-0.050751127,0.058802329,19.999998,0.050751127
0.0048000002,100,0.064196348,100,-0.060196344,0.058802329,19.999998,0.060196344
0.0049999999,100,0.082806155,100,-0.078806162,0.058802329,19.999998,0.078806162
0.0049999999,100,0.082806155,100,-0.078806162,0.072239168,19.999998,0.078806162
0.0052,100,0.10104728,100,-0.097047292,0.072239168,19.999998,0.097047292
0.0052999998,100,0.11003215,100,-0.10603215,0.072239168,19.999998,0.10603215
0.0052999998,100,-0.10203215,-100,-0.10603215,0.072239168,19.999998,0.10603215
0.0054000001,100,-0.09102691,-100,-0.09502691,0.072239168,19.999998,0.09502691
0.0055,100,-0.080130979,-100,-0.084130973,0.072239168,19.999998,0.084130973
0.0055,100,-0.080130979,-100,-0.084130973,0.072239168,19.999998,0.084130973
0.0055999998,100,-0.069343656,-100,-0.073343657,0.072239168,19.999998,0.073343657
0.0057000001,100,-0.058663465,-100,-0.062663466,0.072239168,19.999998,0.062663466
0.0057000001,100,0.066663466,100,-0.062663466,0.072239168,19.999998,0.062663466
0.0057999999,100,0.075990155,100,-0.071990155,0.072239168,19.999998,0.071990155
0.0060000001,100,0.094366424,100,-0.090366423,0.072239168,19.999998,0.090366423
0.0060000001,100,0.094366424,100,-0.090366423,0.084397316,19.999998,0.090366423
0.0062000002,100,0.11237865,100,-0.10837865,0.084397316,19.999998,0.10837865
0.0063,100,0.12125076,100,-0.11725076,0.084397316,19.999998,0.11725076
0.0063,100,-0.11325076,-100,-0.11725076,0.084397316,19.999998,0.11725076
0.0063999998,100,-0.10213389,-100,-0.10613389,0.084397316,19.999998,0.10613389
0.0065000001,100,-0.09112744,-100,-0.095127441,0.084397316,19.999998,0.095127441
0.0065000001,100,-0.09112744,-100,-0.095127441,0.084397316,19.999998,0.095127441
0.0066,100,-0.080230705,-100,-0.084230706,0.084397316,19.999998,0.084230706
0.0066999998,100,-0.069442183,-100,-0.073442183,0.084397316,19.999998,0.073442183
0.0066999998,100,0.077442184,100,-0.073442183,0.084397316,19.999998,0.073442183
0.0068000001,100,0.086661622,100,-0.082661621,0.084397316,19.999998,0.082661621
0.0070000002,100,0.10482658,100,-0.10082658,0.084397316,19.999998,0.10082658
0.0070000002,100,0.10482658,100,-0.10082658,0.095398463,19.999998,0.10082658
0.0071999999,100,0.12263168,100,-0.11863168,0.095398463,19.999998,0.11863168
0.0073000002,100,0.13140178,100,-0.12740177,0.095398463,19.999998,0.12740177
0.0073000002,100,-0.12340178,-100,-0.12740177,0.095398463,19.999998,0.12740177
0.0074,100,-0.1121839,-100,-0.1161839,0.095398463,19.999998,0.1161839
0.0074999998,100,-0.10107744,-100,-0.10507745,0.095398463,19.999998,0.10507745
0.0074999998,100,-0.10107744,-100,-0.10507745,0.095398463,19.999998,0.10507745
0.0076000001,100,-0.090081707,-100,-0.094081707,0.095398463,19.999998,0.094081707
0.0077,100,-0.079195164,-100,-0.083195165,0.095398463,19.999998,0.083195165
0.0077,100,0.087195165,100,-0.083195165,0.095398463,19.999998,0.083195165
0.0077999998,100,0.096317559,100,-0.092317559,0.095398463,19.999998,0.092317559
0.0080000004,100,0.1142913,100,-0.1102913,0.095398463,19.999998,0.1102913
0.0080000004,100,0.1142913,100,-0.1102913,0.1053527,19.999998,0.1102913
0.0082,100,0.13190898,100,-0.12790899,0.1053527,19.999998,0.12790899
0.0082999999,100,0.14058678,100,-0.13658679,0.1053527,19.999998,0.13658679
0.0082999999,100,-0.13258678,-100,-0.13658679,0.1053527,19.999998,0.13658679
0.0083999997,100,-0.12127751,-100,-0.12527752,0.1053527,19.999998,0.12527752
0.0085000005,100,-0.11008058,-100,-0.11408058,0.1053527,19.999998,0.11408058
0.0085000005,100,-0.11008058,-100,-0.11408058,0.1053527,19.999998,0.11408058
0.0086000003,100,-0.098995253,-100,-0.10299525,0.1053527,19.999998,0.10299525
0.0087000001,100,-0.088020012,-100,-0.092020012,0.1053527,19.999998,0.092020012
0.0087000001,100,0.096020013,100,-0.092020012,0.1053527,19.999998,0.092020012
0.0088,100,0.1050546,100,-0.1010546,0.1053527,19.999998,0.1010546
0.0089999996,100,0.12285534,100,-0.11885533,0.1053527,19.999998,0.11885533
0.0089999996,100,0.12285534,100,-0.11885533,0.11435966,19.999998,0.11885533
0.0092000002,100,0.14030343,100,-0.13630344,0.11435966,19.999998,0.13630344
0.0093,100,0.14889771,100,-0.1448977,0.11435966,19.999998,0.1448977
0.0093,100,-0.14089771,-100,-0.1448977,0.11435966,19.999998,0.1448977
0.0093999999,100,-0.12950574,-100,-0.13350575,0.11435966,19.999998,0.13350575
0.0094999997,100,-0.11822693,-100,-0.12222693,0.11435966,19.999998,0.12222693
0.0094999997,100,-0.11822693,-100,-0.12222693,0.11435966,19.999998,0.12222693
0.0096000005,100,-0.10706055,-100,-0.11106055,0.11435966,19.999998,0.11106055
0.0097000003,100,-0.09600506,-100,-0.10000506,0.11435966,19.999998,0.10000506
0.0097000003,100,0.10400506,100,-0.10000506,0.11435966,19.999998,0.10000506
0.0098000001,100,0.1129602,100,-0.1089602,0.11435966,19.999998,0.1089602
0.0099999998,100,0.13060439,100,-0.12660438,0.11435966,19.999998,0.12660438
0.0099999998,100,0.13060439,100,-0.12660438,0.12250949,19.999998,0.12660438
0.0102,100,0.14789905,100,-0.14389905,0.12250949,19.999998,0.14389905
0.0103,100,0.15641774,100,-0.15241773,0.12250949,19.999998,0.15241773
0.0103,100,-0.14841774,-100,-0.15241773,0.12250949,19.999998,0.15241773
0.0104,100,-0.13695095,-100,-0.14095095,0.12250949,19.999998,0.14095095
0.0105,100,-0.12559806,-100,-0.12959805,0.12250949,19.999998,0.12959805
0.0105,100,-0.12559806,-100,-0.12959805,0.12250949,19.999998,0.12959805
0.0106,100,-0.11435833,-100,-0.11835833,0.12250949,19.999998,0.11835833
0.0107,100,-0.10323022,-100,-0.10723022,0.12250949,19.999998,0.10723022
0.0107,100,0.11123022,100,-0.10723022,0.12250949,19.999998,0.10723022
0.0108,100,0.12011346,100,-0.11611346,0.12250949,19.999998,0.11611346
0.011,100,0.13761601,100,-0.133616,0.12250949,19.999998,0.133616
0.011,100,0.13761601,100,-0.133616,0.12988377,19.999998,0.133616
0.0112,100,0.15477183,100,-0.15077183,0.12988377,19.999998,0.15077183
0.0113,100,0.16322213,100,-0.15922213,0.12988377,19.999998,0.15922213
0.0113,100,-0.15522213,-100,-0.15922213,0.12988377,19.999998,0.15922213
0.0114,100,-0.14368764,-100,-0.14768764,0.12988377,19.999998,0.14768764
0.0115,100,-0.13226771,-100,-0.13626771,0.12988377,19.999998,0.13626771
0.0115,100,-0.13226771,-100,-0.13626771,0.12988377,19.999998,0.13626771
0.0116,100,-0.12096162,-100,-0.12496162,0.12988377,19.999998,0.12496162
0.0117,100,-0.10976781,-100,-0.11376781,0.12988377,19.999998,0.11376781
0.0117,100,0.11776781,100,-0.11376781,0.12988377,19.999998,0.11376781
0.0118,100,0.12658601,100,-0.122586,0.12988377,19.999998,0.122586
0.012,100,0.14396037,100,-0.13996038,0.12988377,19.999998,0.13996038
0.012,100,0.14396037,100,-0.13996038,0.13655627,19.999998,0.13996038
0.0122,100,0.16099057,100,-0.15699057,0.13655627,19.999998,0.15699057
0.0123,100,0.169379,100,-0.165379,0.13655627,19.999998,0.165379
0.0123,100,-0.16137899,-100,-0.165379,0.13655627,19.999998,0.165379
0.0124,100,-0.14978324,-100,-0.15378325,0.13655627,19.999998,0.15378325
0.0125,100,-0.13830267,-100,-0.14230266,0.13655627,19.999998,0.14230266
0.0125,100,-0.13830267,-100,-0.14230266,0.13655627,19.999998,0.14230266
0.0126,100,-0.12693653,-100,-0.13093652,0.13655627,19.999998,0.13093652
0.0127,100,-0.11568327,-100,-0.11968326,0.13655627,19.999998,0.11968326
0.0127,100,0.12368326,100,-0.11968326,0.13655627,19.999998,0.11968326
0.0128,100,0.13244259,100,-0.1284426,0.13655627,19.999998,0.1284426
0.013,100,0.149701,100,-0.14570099,0.13655627,19.999998,0.14570099
0.013,100,0.149701,100,-0.14570099,0.14259379,19.999998,0.14570099
0.0132,100,0.16661751,100,-0.16261752,0.14259379,19.999998,0.16261752
0.0133,100,0.17494996,100,-0.17094995,0.14259379,19.999998,0.17094995
0.0133,100,-0.16694996,-100,-0.17094995,0.14259379,19.999998,0.17094995
0.0134,100,-0.15529877,-100,-0.15929878,0.14259379,19.999998,0.15929878
0.0135,100,-0.1437633,-100,-0.14776331,0.14259379,19.999998,0.14776331
0.0135,100,-0.1437633,-100,-0.14776331,0.14259379,19.999998,0.14776331
0.0136,100,-0.13234283,-100,-0.13634284,0.14259379,19.999998,0.13634284
0.0137,100,-0.12103578,-100,-0.12503578,0.14259379,19.999998,0.12503578
0.0137,100,0.12903577,100,-0.12503578,0.14259379,19.999998,0.12503578
0.0138,100,0.13774185,100,-0.13374186,0.14259379,19.999998,0.13374186
0.014,100,0.15489531,100,-0.15089531,0.14259379,19.999998,0.15089531
0.014,100,0.15489531,100,-0.15089531,0.14805678,19.999996,0.15089531
0.0142,100,0.17170899,100,-0.16770898,0.14805678,19.999996,0.16770898
0.0143,100,0.17999075,100,-0.17599076,0.14805678,19.999996,0.17599076
0.0143,100,-0.17199077,-100,-0.17599076,0.14805678,19.999996,0.17599076
0.0144,100,-0.16028942,-100,-0.16428941,0.14805678,19.999996,0.16428941
0.0145,100,-0.14870429,-100,-0.1527043,0.14805678,19.999996,0.1527043
0.0145,100,-0.14870429,-100,-0.1527043,0.14805678,19.999996,0.1527043
0.0146,100,-0.13723466,-100,-0.14123465,0.14805678,19.999996,0.14123465
0.0147,100,-0.12587893,-100,-0.12987892,0.14805678,19.999996,0.12987892
0.0147,100,0.13387893,100,-0.12987892,0.14805678,19.999996,0.12987892
0.0148,100,0.1425368,100,-0.13853681,0.14805678,19.999996,0.13853681
0.015,100,0.15959533,100,-0.15559532,0.14805678,19.999996,0.15559532
0.015,100,0.15959533,100,-0.15559532,0.15299986,19.999996,0.15559532
0.0152,100,0.17631593,100,-0.17231593,0.15299986,19.999996,0.17231593
0.0153,100,0.18455186,100,-0.18055187,0.15299986,19.999996,0.18055187
0.0153,100,-0.17655186,-100,-0.18055187,0.15299986,19.999996,0.18055187
0.0154,100,-0.16480514,-100,-0.16880514,0.15299986,19.999996,0.16880514
0.0155,100,-0.15317509,-100,-0.15717508,0.15299986,19.999996,0.15717508
0.0155,100,-0.15317509,-100,-0.15717508,0.15299986,19.999996,0.15717508
0.0156,100,-0.14166096,-100,-0.14566097,0.15299986,19.999996,0.14566097
0.015699999,100,-0.13026118,-100,-0.13426118,0.15299986,19.999996,0.13426118
0.015699999,100,0.13826118,100,-0.13426118,0.15299986,19.999996,0.13426118
0.015799999,100,0.14687546,100,-0.14287546,0.15299986,19.999996,0.14287546
0.016000001,100,0.16384806,100,-0.15984806,0.15299986,19.999996,0.15984806
0.016000001,100,0.16384806,100,-0.15984806,0.15747257,19.999996,0.15984806
0.0162,100,0.18048446,100,-0.17648445,0.15747257,19.999996,0.17648445
0.0163,100,0.18867892,100,-0.18467891,0.15747257,19.999996,0.18467891
0.0163,100,-0.18067892,-100,-0.18467891,0.15747257,19.999996,0.18467891
0.0164,100,-0.16889113,-100,-0.17289113,0.15747257,19.999996,0.17289113
0.0165,100,-0.15722041,-100,-0.16122042,0.15747257,19.999996,0.16122042
0.0165,100,-0.15722041,-100,-0.16122042,0.15747257,19.999996,0.16122042
0.0166,100,-0.14566603,-100,-0.14966604,0.15747257,19.999996,0.14966604
0.0167,100,-0.13422641,-100,-0.1382264,0.15747257,19.999996,0.1382264
0.0167,100,0.14222641,100,-0.1382264,0.15747257,19.999996,0.1382264
0.016799999,100,0.15080123,100,-0.14680123,0.15747257,19.999996,0.14680123
0.017000001,100,0.1676961,100,-0.1636961,0.15747257,19.999996,0.1636961
0.017000001,100,0.1676961,100,-0.1636961,0.16151962,19.999996,0.1636961
0.017200001,100,0.1842563,100,-0.18025629,0.16151962,19.999996,0.18025629
0.0173,100,0.19241323,100,-0.18841322,0.16151962,19.999996,0.18841322
0.0173,100,-0.18441322,-100,-0.18841322,0.16151962,19.999996,0.18841322
0.0174,100,-0.17258827,-100,-0.17658828,0.16151962,19.999996,0.17658828
0.0175,100,-0.16088077,-100,-0.16488077,0.16151962,19.999996,0.16488077
0.0175,100,-0.16088077,-100,-0.16488077,0.16151962,19.999996,0.16488077
0.0176,100,-0.14928998,-100,-0.15328997,0.16151962,19.999996,0.15328997
0.0177,100,-0.13781428,-100,-0.14181429,0.16151962,19.999996,0.14181429
0.0177,100,0.14581428,100,-0.14181429,0.16151962,19.999996,0.14181429
0.0178,100,0.15435341,100,-0.15035342,0.16151962,19.999996,0.15035342
0.017999999,100,0.17117794,100,-0.16717795,0.16151962,19.999996,0.16717795
0.017999999,100,0.17117794,100,-0.16717795,0.16518155,19.999996,0.16717795
0.018200001,100,0.18766919,100,-0.18366919,0.16518155,19.999996,0.18366919
0.018300001,100,0.19579217,99.999992,-0.19179216,0.16518155,19.999996,0.19179216
0.018300001,100,-0.18779217,-100,-0.19179216,0.16518155,19.999996,0.19179216
0.0184,100,-0.17593358,-100,-0.17993359,0.16518155,19.999996,0.17993359
0.0185,100,-0.16419281,-100,-0.1681928,0.16518155,19.999996,0.1681928
0.0185,100,-0.16419281,-100,-0.1681928,0.16518155,19.999996,0.1681928
0.0186,100,-0.15256906,-100,-0.15656905,0.16518155,19.999996,0.15656905
0.0187,100,-0.14106074,-100,-0.14506073,0.16518155,19.999996,0.14506073
0.0187,100,0.14906074,100,-0.14506073,0.16518155,19.999996,0.14506073
0.0188,100,0.15756756,100,-0.15356755,0.16518155,19.999996,0.15356755
0.018999999,100,0.17432843,100,-0.17032844,0.16518155,19.999996,0.17032844
0.018999999,100,0.17432843,100,-0.17032844,0.168495,19.999996,0.17032844
0.019200001,100,0.1907573,100,-0.1867573,0.168495,19.999996,0.1867573
0.019300001,100,0.19884954,99.999992,-0.19484955,0.168495,19.999996,0.19484955
0.019300001,100,-0.19084954,-100.00001,-0.19484955,0.168495,19.999996,0.19484955
0.019400001,100,-0.17896056,-100,-0.18296055,0.168495,19.999996,0.18296055
0.0195,100,-0.16718964,-100,-0.17118965,0.168495,19.999996,0.17118965
0.0195,100,-0.16718964,-100,-0.17118965,0.168495,19.999996,0.17118965
0.0196,100,-0.15553609,-100,-0.15953608,0.168495,19.999996,0.15953608
0.0197,100,-0.14399824,-100,-0.14799824,0.168495,19.999996,0.14799824
0.0197,100,0.15199824,100,-0.14799824,0.168495,19.999996,0.14799824
0.0198,100,0.16047584,100,-0.15647583,0.168495,19.999996,0.15647583
0.02,100,0.17717913,100,-0.17317912,0.168495,19.999996,0.17317912
0.02,100,0.17717913,100,-0.17317912,0.17149313,19.999996,0.17317912
0.020199999,100,0.19355154,99.999992,-0.18955155,0.17149313,19.999996,0.18955155
0.020300001,100,0.20161597,99.999992,-0.19761598,0.17149313,19.999996,0.19761598
0.020300001,100,-0.19361597,-100.00001,-0.19761598,0.17149313,19.999996,0.19761598
0.020400001,100,-0.18169945,-100,-0.18569946,0.17149313,19.999996,0.18569946
0.020500001,100,-0.1699013,-100,-0.1739013,0.17149313,19.999996,0.1739013
0.020500001,100,-0.1699013,-100,-0.1739013,0.17149313,19.999996,0.1739013
0.0206,100,-0.15822075,-100,-0.16222075,0.17149313,19.999996,0.16222075
0.0207,100,-0.1466562,-100,-0.15065619,0.17149313,19.999996,0.15065619
0.0207,100,0.1546562,100,-0.15065619,0.17149313,19.999996,0.15065619
0.0208,100,0.16310734,100,-0.15910734,0.17149313,19.999996,0.15910734
0.021,100,0.17975852,100,-0.17575853,0.17149313,19.999996,0.17575853
0.021,100,0.17975852,100,-0.17575853,0.17420593,19.999996,0.17575853
0.021199999,100,0.19607987,99.999992,-0.19207987,0.17420593,19.999996,0.19207987
0.021299999,100,0.20411915,99.999992,-0.20011915,0.17420593,19.999996,0.20011915
0.021299999,100,-0.19611914,-100.00001,-0.20011915,0.17420593,19.999996,0.20011915
0.021400001,100,-0.18417773,-100,-0.18817772,0.17420593,19.999996,0.18817772
0.021500001,100,-0.17235491,-100,-0.1763549,0.17420593,19.999996,0.1763549
0.021500001,100,-0.17235491,-100,-0.1763549,0.17420593,19.999996,0.1763549
0.021600001,100,-0.16064994,-100,-0.16464993,0.17420593,19.999996,0.16464993
0.0217,100,-0.14906122,-100,-0.15306121,0.17420593,19.999996,0.15306121
0.0217,100,0.15706122,100,-0.15306121,0.17420593,19.999996,0.15306121
0.0218,100,0.16548844,100,-0.16148843,0.17420593,19.999996,0.16148843
0.022,100,0.18209246,100,-0.17809246,0.17420593,19.999996,0.17809246
0.022,100,0.18209246,100,-0.17809246,0.17666058,19.999996,0.17809246
0.0222,100,0.1983676,99.999992,-0.19436759,0.17666058,19.999996,0.19436759
0.022299999,100,0.20638411,99.999992,-0.20238411,0.17666058,19.999996,0.20238411
0.022299999,100,-0.19838411,-100.00001,-0.20238411,0.17666058,19.999996,0.20238411
0.022399999,100,-0.18642014,-100,-0.19042015,0.17666058,19.999996,0.19042015
0.022500001,100,-0.17457502,-100,-0.17857501,0.17666058,19.999996,0.17857501
0.022500001,100,-0.17457502,-100,-0.17857501,0.17666058,19.999996,0.17857501
0.022600001,100,-0.16284795,-100,-0.16684796,0.17666058,19.999996,0.16684796
0.022700001,100,-0.15123737,-100,-0.15523736,0.17666058,19.999996,0.15523736
0.022700001,100,0.15923735,100,-0.15523736,0.17666058,19.999996,0.15523736
0.0228,100,0.16764292,100,-0.16364293,0.17666058,19.999996,0.16364293
0.023,100,0.1842043,100,-0.18020429,0.17666058,19.999996,0.18020429
0.023,100,0.1842043,100,-0.18020429,0.17888165,19.999996,0.18020429
0.0232,100,0.20043761,99.999992,-0.1964376,0.17888165,19.999996,0.1964376
0.0233,100,0.20843352,99.999992,-0.20443353,0.17888165,19.999996,0.20443353
0.0233,100,-0.20043352,-100.00001,-0.20443353,0.17888165,19.999996,0.20443353
0.023399999,100,-0.18844917,-100,-0.19244917,0.17888165,19.999996,0.19244917
0.023499999,100,-0.17658386,-100,-0.18058385,0.17888165,19.999996,0.18058385
0.023499999,100,-0.17658386,-100,-0.18058385,0.17888165,19.999996,0.18058385
0.023600001,100,-0.16483681,-100,-0.1688368,0.17888165,19.999996,0.1688368
0.023700001,100,-0.15320642,-100,-0.15720642,0.17888165,19.999996,0.15720642
0.023700001,100,0.16120642,100,-0.15720642,0.17888165,19.999996,0.15720642
0.023800001,100,0.1695924,100,-0.16559239,0.17888165,19.999996,0.16559239
0.024,100,0.18611518,100,-0.18211517,0.17888165,19.999996,0.18211517
0.024,100,0.18611518,100,-0.18211517,0.1808912,19.999996,0.18211517
0.0242,100,0.20231064,99.999992,-0.19831064,0.1808912,19.999996,0.19831064
0.0243,100,0.21028793,99.999992,-0.20628792,0.1808912,19.999996,0.20628792
0.0243,100,-0.20228793,-100.00001,-0.20628792,0.1808912,19.999996,0.20628792
0.0244,100,-0.19028512,-100.00001,-0.19428512,0.1808912,19.999996,0.19428512
0.024499999,100,-0.17840153,-100,-0.18240154,0.1808912,19.999996,0.18240154
0.024499999,100,-0.17840153,-100,-0.18240154,0.1808912,19.999996,0.18240154
0.024599999,100,-0.16663641,-100,-0.1706364,0.1808912,19.999996,0.1706364
0.024700001,100,-0.15498811,-100,-0.1589881,0.1808912,19.999996,0.1589881
0.024700001,100,0.16298811,100,-0.1589881,0.1808912,19.999996,0.1589881
0.024800001,100,0.17135635,100,-0.16735636,0.1808912,19.999996,0.16735636
0.025,100,0.1878442,100,-0.18384419,0.1808912,19.999996,0.18384419
0.025,100,0.1878442,100,-0.18384419,0.18270966,19.999996,0.18384419
0.0252,100,0.20400544,99.999992,-0.20000544,0.18270966,19.999996,0.20000544
0.0253,100,0.21196586,99.999992,-0.20796585,0.18270966,19.999996,0.20796585
0.0253,100,-0.20396586,-100.00001,-0.20796585,0.18270966,19.999996,0.20796585
0.0254,100,-0.19194636,-100.00001,-0.19594635,0.18270966,19.999996,0.19594635
0.0255,100,-0.18004623,-100,-0.18404624,0.18270966,19.999996,0.18404624
0.0255,100,-0.18004623,-100,-0.18404624,0.18270966,19.999996,0.18404624
0.025599999,100,-0.16826473,-100,-0.17226474,0.18270966,19.999996,0.17226474
0.025699999,100,-0.15660024,-100,-0.16060024,0.18270966,19.999996,0.16060024
0.025699999,100,0.16460024,100,-0.16060024,0.18270966,19.999996,0.16060024
0.025800001,100,0.17295244,100,-0.16895245,0.18270966,19.999996,0.16895245
0.026000001,100,0.18940869,100,-0.1854087,0.18270966,19.999996,0.1854087
0.026000001,100,0.18940869,100,-0.1854087,0.18435507,19.999996,0.1854087
0.0262,100,0.20553894,99.999992,-0.20153895,0.18435507,19.999996,0.20153895
0.0263,100,0.21348411,99.999992,-0.20948412,0.18435507,19.999996,0.20948412
0.0263,100,-0.20548411,-100.00001,-0.20948412,0.18435507,19.999996,0.20948412
0.0264,100,-0.1934495,-100.00001,-0.19744951,0.18435507,19.999996,0.19744951
0.0265,100,-0.18153442,-100,-0.18553442,0.18435507,19.999996,0.18553442
0.0265,100,-0.18153442,-100,-0.18553442,0.18435507,19.999996,0.18553442
0.0266,100,-0.16973811,-100,-0.17373812,0.18435507,19.999996,0.17373812
0.026699999,100,-0.15805896,-100,-0.16205896,0.18435507,19.999996,0.16205896
0.026699999,100,0.16605896,100,-0.16205896,0.18435507,19.999996,0.16205896
0.026799999,100,0.17439665,100,-0.17039666,0.18435507,19.999996,0.17039666
0.027000001,100,0.1908243,100,-0.18682429,0.18435507,19.999996,0.18682429
0.027000001,100,0.1908243,100,-0.18682429,0.18584388,19.999996,0.18682429
0.0272,100,0.20692652,99.999992,-0.20292652,0.18584388,19.999996,0.20292652
0.0273,100,0.21485788,99.999992,-0.21085788,0.18584388,19.999996,0.21085788
0.0273,100,-0.20685787,-100.00001,-0.21085788,0.18584388,19.999996,0.21085788
0.0274,100,-0.1948096,-100.00001,-0.19880959,0.18584388,19.999996,0.19880959
0.0275,100,-0.18288098,-100,-0.18688099,0.18584388,19.999996,0.18688099
0.0275,100,-0.18288098,-100,-0.18688099,0.18584388,19.999996,0.18688099
0.0276,100,-0.17107129,-100,-0.17507128,0.18584388,19.999996,0.17507128
0.0277,100,-0.15937887,-100,-0.16337886,0.18584388,19.999996,0.16337886
0.0277,100,0.16737887,100,-0.16337886,0.18584388,19.999996,0.16337886
0.027799999,100,0.17570342,100,-0.17170341,0.18584388,19.999996,0.17170341
0.028000001,100,0.19210519,100,-0.1881052,0.18584388,19.999996,0.1881052
0.028000001,100,0.19210519,100,-0.1881052,0.18719102,19.999996,0.1881052
0.028200001,100,0.20818205,99.999992,-0.20418206,0.18719102,19.999996,0.20418206
0.0283,100,0.21610092,99.999992,-0.21210091,0.18719102,19.999996,0.21210091
0.0283,100,-0.20810091,-100.00001,-0.21210091,0.18719102,19.999996,0.21210091
0.0284,100,-0.19604027,-100.00001,-0.20004027,0.18719102,19.999996,0.20004027
0.0285,100,-0.18409941,-100,-0.18809941,0.18719102,19.999996,0.18809941
0.0285,100,-0.18409941,-100,-0.18809941,0.18719102,19.999996,0.18809941
0.0286,100,-0.17227758,-100,-0.17627759,0.18719102,19.999996,0.17627759
0.0287,100,-0.16057315,-100,-0.16457316,0.18719102,19.999996,0.16457316
0.0287,100,0.16857316,100,-0.16457316,0.18719102,19.999996,0.16457316
0.0288,100,0.17688583,100,-0.17288584,0.18719102,19.999996,0.17288584
0.028999999,100,0.19326419,99.999992,-0.18926419,0.18719102,19.999996,0.18926419
0.028999999,100,0.19326419,99.999992,-0.18926419,0.18840997,19.999996,0.18926419
0.029200001,100,0.2093181,99.999992,-0.20531811,0.18840997,19.999996,0.20531811
0.029300001,100,0.21722566,99.999992,-0.21322566,0.18840997,19.999996,0.21322566
0.029300001,100,-0.20922565,-100.00001,-0.21322566,0.18840997,19.999996,0.21322566
0.0294,100,-0.19715382,-100.00001,-0.20115381,0.18840997,19.999996,0.20115381
0.0295,100,-0.18520188,-100,-0.18920189,0.18840997,19.999996,0.18920189
0.0295,100,-0.18520188,-100,-0.18920189,0.18840997,19.999996,0.18920189
0.0296,100,-0.17336909,-100,-0.17736909,0.18840997,19.999996,0.17736909
0.0297,100,-0.1616538,-100,-0.16565381,0.18840997,19.999996,0.16565381
0.0297,100,0.1696538,100,-0.16565381,0.18840997,19.999996,0.16565381
0.0298,100,0.17795572,100,-0.17395572,0.18840997,19.999996,0.17395572
0.029999999,100,0.1943129,99.999992,-0.19031289,0.18840997,19.999996,0.19031289
0.029999999,100,0.1943129,99.999992,-0.19031289,0.18951292,19.999996,0.19031289
0.030200001,100,0.21034604,99.999992,-0.20634604,0.18951292,19.999996,0.20634604
0.030300001,100,0.21824338,99.999992,-0.21424337,0.18951292,19.999996,0.21424337
0.030300001,100,-0.21024337,-100.00001,-0.21424337,0.18951292,19.999996,0.21424337
0.030400001,100,-0.19816141,-100.00001,-0.2021614,0.18951292,19.999996,0.2021614
0.0305,100,-0.18619944,-100,-0.19019945,0.18951292,19.999996,0.19019945
0.0305,100,-0.18619944,-100,-0.19019945,0.18951292,19.999996,0.19019945
0.0306,100,-0.17435673,-100,-0.17835672,0.18951292,19.999996,0.17835672
0.0307,100,-0.1626316,-100,-0.16663161,0.18951292,19.999996,0.16663161
0.0307,100,0.1706316,100,-0.16663161,0.18951292,19.999996,0.16663161
0.0308,100,0.1789238,100,-0.17492379,0.18951292,19.999996,0.17492379
0.030999999,100,0.19526181,99.999992,-0.1912618,0.18951292,19.999996,0.1912618
0.030999999,100,0.19526181,99.999992,-0.1912618,0.1905109,19.999996,0.1912618
0.031199999,100,0.21127616,99.999992,-0.20727615,0.1905109,19.999996,0.20727615
0.031300001,100,0.21916424,99.999992,-0.21516423,0.1905109,19.999996,0.21516423
0.031300001,100,-0.21116424,-100.00001,-0.21516423,0.1905109,19.999996,0.21516423
0.031399999,100,-0.19907311,-100.00001,-0.2030731,0.1905109,19.999996,0.2030731
0.031500001,100,-0.18710206,-100,-0.19110207,0.1905109,19.999996,0.19110207
0.031500001,100,-0.18710206,-100,-0.19110207,0.1905109,19.999996,0.19110207
0.031599998,100,-0.17525037,-100,-0.17925036,0.1905109,19.999996,0.17925036
0.0317,100,-0.16351636,-100,-0.16751637,0.1905109,19.999996,0.16751637
0.0317,100,0.17151636,100,-0.16751637,0.1905109,19.999996,0.16751637
0.031800002,100,0.17979975,100,-0.17579974,0.1905109,19.999996,0.17579974
0.032000002,100,0.1961204,99.999992,-0.1921204,0.1905109,19.999996,0.1921204
0.032000002,100,0.1961204,99.999992,-0.1921204,0.19141391,19.999996,0.1921204
0.032200001,100,0.21211776,99.999992,-0.20811775,0.19141391,19.999996,0.20811775
0.032299999,100,0.21999747,99.999992,-0.21599746,0.19141391,19.999996,0.21599746
0.032299999,100,-0.21199746,-100.00001,-0.21599746,0.19141391,19.999996,0.21599746
0.032400001,100,-0.19989805,-100.00001,-0.20389804,0.19141391,19.999996,0.20389804
0.032499999,100,-0.1879188,-100,-0.19191881,0.19141391,19.999996,0.19191881
0.032499999,100,-0.1879188,-100,-0.19191881,0.19141391,19.999996,0.19191881
0.032600001,100,-0.17605896,-100,-0.18005897,0.19141391,19.999996,0.18005897
0.032699998,100,-0.16431692,-100,-0.16831692,0.19141391,19.999996,0.16831692
0.032699998,100,0.17231692,100,-0.16831692,0.19141391,19.999996,0.16831692
0.0328,100,0.18059234,100,-0.17659234,0.19141391,19.999996,0.17659234
0.033,100,0.1968973,99.999992,-0.1928973,0.19141391,19.999996,0.1928973
0.033,100,0.1968973,99.999992,-0.1928973,0.192231,19.999996,0.1928973
0.033199999,100,0.21287927,99.999992,-0.20887928,0.192231,19.999996,0.20887928
0.033300001,100,0.22075139,99.999992,-0.2167514,0.192231,19.999996,0.2167514
0.033300001,100,-0.21275139,-100.00001,-0.2167514,0.192231,19.999996,0.2167514
0.033399999,100,-0.20064448,-100.00001,-0.20464447,0.192231,19.999996,0.20464447
0.033500001,100,-0.18865781,-100,-0.1926578,0.192231,19.999996,0.1926578
0.033500001,100,-0.18865781,-100,-0.1926578,0.192231,19.999996,0.1926578
0.033599999,100,-0.17679062,-100,-0.18079062,0.192231,19.999996,0.18079062
0.0337,100,-0.1650413,-100,-0.16904129,0.192231,19.999996,0.16904129
0.0337,100,0.1730413,100,-0.16904129,0.192231,19.999996,0.16904129
0.033799998,100,0.18130951,100,-0.1773095,0.192231,19.999996,0.1773095
0.034000002,100,0.19760026,99.999992,-0.19360027,0.192231,19.999996,0.19360027
0.034000002,100,0.19760026,99.999992,-0.19360027,0.19297032,19.999996,0.19360027
0.034200002,100,0.21356831,99.999992,-0.20956832,0.19297032,19.999996,0.20956832
0.034299999,100,0.22143358,99.999992,-0.21743359,0.19297032,19.999996,0.21743359
0.034299999,100,-0.21343358,-100.00001,-0.21743359,0.19297032,19.999996,0.21743359
0.034400001,100,-0.20131987,-100.00001,-0.20531988,0.19297032,19.999996,0.20531988
0.034499999,100,-0.18932648,-100.00001,-0.19332649,0.19297032,19.999996,0.19332649
0.034499999,100,-0.18932648,-100.00001,-0.19332649,0.19297032,19.999996,0.19332649
0.034600001,100,-0.17745265,-100,-0.18145265,0.19297032,19.999996,0.18145265
0.034699999,100,-0.16569673,-100,-0.16969673,0.19297032,19.999996,0.16969673
0.034699999,100,0.17369673,100,-0.16969673,0.19297032,19.999996,0.16969673
0.0348,100,0.18195842,100,-0.17795841,0.19297032,19.999996,0.17795841
0.035,100,0.19823633,99.999992,-0.19423634,0.19297032,19.999996,0.19423634
0.035,100,0.19823633,99.999992,-0.19423634,0.19363928,19.999996,0.19423634
0.0352,100,0.21419179,99.999992,-0.21019179,0.19363928,19.999996,0.21019179
0.035300002,100,0.22205085,99.999992,-0.21805085,0.19363928,19.999996,0.21805085
0.035300002,100,-0.21405086,-100.00001,-0.21805085,0.19363928,19.999996,0.21805085
0.035399999,100,-0.201931,-100.00001,-0.20593101,0.19363928,19.999996,0.20593101
0.035500001,100,-0.18993153,-100.00001,-0.19393153,0.19363928,19.999996,0.19393153
0.035500001,100,-0.18993153,-100.00001,-0.19393153,0.19363928,19.999996,0.19393153
0.035599999,100,-0.17805168,-100,-0.18205167,0.19363928,19.999996,0.18205167
0.035700001,100,-0.16628979,-100,-0.1702898,0.19363928,19.999996,0.1702898
0.035700001,100,0.17428979,100,-0.1702898,0.19363928,19.999996,0.1702898
0.035799999,100,0.18254559,100,-0.17854558,0.19363928,19.999996,0.17854558
0.035999998,100,0.19881187,99.999992,-0.19481187,0.19363928,19.999996,0.19481187
0.035999998,100,0.19881187,99.999992,-0.19481187,0.19424459,19.999996,0.19481187
0.036200002,100,0.21475592,99.999992,-0.21075593,0.19424459,19.999996,0.21075593
0.0363,100,0.22260939,99.999992,-0.21860938,0.19424459,19.999996,0.21860938
0.0363,100,-0.21460938,-100.00001,-0.21860938,0.19424459,19.999996,0.21860938
0.036400001,100,-0.20248397,-100.00001,-0.20648398,0.19424459,19.999996,0.20648398
0.036499999,100,-0.190479,-100.00001,-0.194479,0.19424459,19.999996,0.194479
0.036499999,100,-0.190479,-100.00001,-0.194479,0.19424459,19.999996,0.194479
0.036600001,100,-0.1785937,-100,-0.18259369,0.19424459,19.999996,0.18259369
0.036699999,100,-0.16682643,-100,-0.17082642,0.19424459,19.999996,0.17082642
0.036699999,100,0.17482643,100,-0.17082642,0.19424459,19.999996,0.17082642
0.036800001,100,0.18307687,100,-0.17907687,0.19424459,19.999996,0.17907687
0.037,100,0.19933264,99.999992,-0.19533263,0.19424459,19.999996,0.19533263
0.037,100,0.19933264,99.999992,-0.19533263,0.19479229,19.999996,0.19533263
0.0372,100,0.21526639,99.999992,-0.21126638,0.19479229,19.999996,0.21126638
0.037300002,100,0.22311476,99.999992,-0.21911475,0.19479229,19.999996,0.21911475
0.037300002,100,-0.21511476,-100.00001,-0.21911475,0.19479229,19.999996,0.21911475
0.0374,100,-0.20298432,-100.00001,-0.20698433,0.19479229,19.999996,0.20698433
0.037500001,100,-0.19097437,-100.00001,-0.19497436,0.19479229,19.999996,0.19497436
0.037500001,100,-0.19097437,-100.00001,-0.19497436,0.19479229,19.999996,0.19497436
0.037599999,100,-0.17908414,-100,-0.18308413,0.19479229,19.999996,0.18308413
0.037700001,100,-0.16731198,-100,-0.17131199,0.19479229,19.999996,0.17131199
0.037700001,100,0.17531198,100,-0.17131199,0.19479229,19.999996,0.17131199
0.037799999,100,0.1835576,100,-0.17955761,0.19479229,19.999996,0.17955761
0.037999999,100,0.19980384,99.999992,-0.19580385,0.19479229,19.999996,0.19580385
0.037999999,100,0.19980384,99.999992,-0.19580385,0.19528787,19.999996,0.19580385
0.038199998,100,0.21572827,99.999992,-0.21172826,0.19528787,19.999996,0.21172826
0.0383,100,0.22357205,99.999992,-0.21957204,0.19528787,19.999996,0.21957204
0.0383,100,-0.21557204,-100.00001,-0.21957204,0.19528787,19.999996,0.21957204
0.038400002,100,-0.20343706,-100.00001,-0.20743705,0.19528787,19.999996,0.20743705
0.0385,100,-0.1914226,-100.00001,-0.19542259,0.19528787,19.999996,0.19542259
0.0385,100,-0.1914226,-100.00001,-0.19542259,0.19528787,19.999996,0.19542259
0.038600001,100,-0.17952791,-100,-0.1835279,0.19528787,19.999996,0.1835279
0.038699999,100,-0.16775134,-100,-0.17175134,0.19528787,19.999996,0.17175134
0.038699999,100,0.17575133,100,-0.17175134,0.19528787,19.999996,0.17175134
0.038800001,100,0.18399258,100,-0.17999259,0.19528787,19.999996,0.17999259
0.039000001,100,0.20023021,99.999992,-0.19623022,0.19528787,19.999996,0.19623022
0.039000001,100,0.20023021,99.999992,-0.19623022,0.19573629,19.999996,0.19623022
0.0392,100,0.21614619,99.999992,-0.21214619,0.19573629,19.999996,0.21214619
0.039299998,100,0.22398581,99.999992,-0.2199858,0.19573629,19.999996,0.2199858
0.039299998,100,-0.2159858,-100.00001,-0.2199858,0.19573629,19.999996,0.2199858
0.0394,100,-0.20384671,-100.00001,-0.2078467,0.19573629,19.999996,0.2078467
0.039500002,100,-0.19182816,-100.00001,-0.19582817,0.19573629,19.999996,0.19582817
0.039500002,100,-0.19182816,-100.00001,-0.19582817,0.19573629,19.999996,0.19582817
0.0396,100,-0.17992944,-100,-0.18392944,0.19573629,19.999996,0.18392944
0.039700001,100,-0.16814888,-100,-0.17214888,0.19573629,19.999996,0.17214888
0.039700001,100,0.17614888,100,-0.17214888,0.19573629,19.999996,0.17214888
0.039799999,100,0.18438616,100,-0.18038617,0.19573629,19.999996,0.18038617
0.039999999,100,0.200616,99.999992,-0.19661601,0.19573629,19.999996,0.19661601
0.039999999,100,0.200616,99.999992,-0.19661601,0.19614203,19.999996,0.19661601
0.040199999,100,0.21652435,99.999992,-0.21252434,0.19614203,19.999996,0.21252434
0.0403,100,0.2243602,99.999992,-0.22036019,0.19614203,19.999996,0.22036019
0.0403,100,-0.2163602,-100.00001,-0.22036019,0.19614203,19.999996,0.22036019
0.040399998,100,-0.20421737,-100.00001,-0.20821737,0.19614203,19.999996,0.20821737
0.0405,100,-0.19219515,-100.00001,-0.19619514,0.19614203,19.999996,0.19619514
0.0405,100,-0.19219515,-100.00001,-0.19619514,0.19614203,19.999996,0.19619514
0.040600002,100,-0.18029277,-100,-0.18429276,0.19614203,19.999996,0.18429276
0.0407,100,-0.16850859,-100,-0.17250858,0.19614203,19.999996,0.17250858
0.0407,100,0.17650859,100,-0.17250858,0.19614203,19.999996,0.17250858
0.040800001,100,0.1847423,100,-0.18074229,0.19614203,19.999996,0.18074229
0.041000001,100,0.20096509,99.999992,-0.19696508,0.19614203,19.999996,0.19696508
0.041000001,100,0.20096509,99.999992,-0.19696508,0.19650917,19.999996,0.19696508
0.041200001,100,0.21686651,99.999992,-0.2128665,0.19650917,19.999996,0.2128665
0.041299999,100,0.22469896,99.999992,-0.22069895,0.19650917,19.999996,0.22069895
0.041299999,100,-0.21669896,-100.00001,-0.22069895,0.19650917,19.999996,0.22069895
0.0414,100,-0.20455275,-100.00001,-0.20855276,0.19650917,19.999996,0.20855276
0.041499998,100,-0.1925272,-100.00001,-0.1965272,0.19650917,19.999996,0.1965272
0.041499998,100,-0.1925272,-100.00001,-0.1965272,0.19650917,19.999996,0.1965272
0.0416,100,-0.18062152,-100,-0.18462151,0.19650917,19.999996,0.18462151
0.041700002,100,-0.16883406,-100,-0.17283407,0.19650917,19.999996,0.17283407
0.041700002,100,0.17683406,100,-0.17283407,0.19650917,19.999996,0.17283407
0.0418,100,0.18506454,100,-0.18106453,0.19650917,19.999996,0.18106453
0.041999999,100,0.20128094,99.999992,-0.19728094,0.19650917,19.999996,0.19728094
0.041999999,100,0.20128094,99.999992,-0.19728094,0.19684136,19.999996,0.19728094
0.042199999,100,0.21717611,99.999992,-0.21317612,0.19684136,19.999996,0.21317612
0.042300001,100,0.22500548,99.999992,-0.22100548,0.19684136,19.999996,0.22100548
0.042300001,100,-0.21700548,-100.00001,-0.22100548,0.19684136,19.999996,0.22100548
0.042399999,100,-0.20485623,-100.00001,-0.20885624,0.19684136,19.999996,0.20885624
0.0425,100,-0.19282766,-100.00001,-0.19682765,0.19684136,19.999996,0.19682765
0.0425,100,-0.19282766,-100.00001,-0.19682765,0.19684136,19.999996,0.19682765
0.042599998,100,-0.18091898,-100,-0.18491898,0.19684136,19.999996,0.18491898
0.0427,100,-0.16912857,-100,-0.17312858,0.19684136,19.999996,0.17312858
0.0427,100,0.17712857,100,-0.17312858,0.19684136,19.999996,0.17312858
0.042800002,100,0.18535611,100,-0.18135612,0.19684136,19.999996,0.18135612
0.043000001,100,0.20156674,99.999992,-0.19756675,0.19684136,19.999996,0.19756675
0.043000001,100,0.20156674,99.999992,-0.19756675,0.19714195,19.999996,0.19756675
0.043200001,100,0.21745625,99.999992,-0.21345626,0.19714195,19.999996,0.21345626
0.043299999,100,0.22528283,99.999992,-0.22128284,0.19714195,19.999996,0.22128284
0.043299999,100,-0.21728283,-100.00001,-0.22128284,0.19714195,19.999996,0.22128284
0.043400001,100,-0.20513083,-100.00001,-0.20913082,0.19714195,19.999996,0.20913082
0.043499999,100,-0.19309951,-100.00001,-0.19709952,0.19714195,19.999996,0.19709952
0.043499999,100,-0.19309951,-100.00001,-0.19709952,0.19714195,19.999996,0.19709952
0.0436,100,-0.18118814,-100,-0.18518814,0.19714195,19.999996,0.18518814
0.043699998,100,-0.16939504,-100,-0.17339505,0.19714195,19.999996,0.17339505
0.043699998,100,0.17739505,100,-0.17339505,0.19714195,19.999996,0.17339505
0.0438,100,0.18561994,100,-0.18161994,0.19714195,19.999996,0.18161994
0.044,100,0.20182535,99.999992,-0.19782534,0.19714195,19.999996,0.19782534
0.044,100,0.20182535,99.999992,-0.19782534,0.19741392,19.999996,0.19782534
0.044199999,100,0.21770974,99.999992,-0.21370974,0.19741392,19.999996,0.21370974
0.044300001,100,0.2255338,99.999992,-0.22153379,0.19741392,19.999996,0.22153379
0.044300001,100,-0.2175338,-100.00001,-0.22153379,0.19741392,19.999996,0.22153379
0.044399999,100,-0.20537929,-100.00001,-0.20937929,0.19741392,19.999996,0.20937929
0.044500001,100,-0.1933455,-100.00001,-0.19734551,0.19741392,19.999996,0.19734551
0.044500001,100,-0.1933455,-100.00001,-0.19734551,0.19741392,19.999996,0.19734551
0.044599999,100,-0.18143168,-100,-0.18543167,0.19741392,19.999996,0.18543167
0.0447,100,-0.16963618,-100,-0.17363617,0.19741392,19.999996,0.17363617
0.0447,100,0.17763618,100,-0.17363617,0.19741392,19.999996,0.17363617
0.044799998,100,0.18585867,100,-0.18185866,0.19741392,19.999996,0.18185866
0.045000002,100,0.20205934,99.999992,-0.19805934,0.19741392,19.999996,0.19805934
0.045000002,100,0.20205934,99.999992,-0.19805934,0.19766003,19.999996,0.19805934
0.045200001,100,0.21793909,99.999992,-0.2139391,0.19766003,19.999996,0.2139391
0.045299999,100,0.22576088,99.999992,-0.22176087,0.19766003,19.999996,0.22176087
0.045299999,100,-0.21776088,-100.00001,-0.22176087,0.19766003,19.999996,0.22176087
0.045400001,100,-0.20560411,-100.00001,-0.20960411,0.19766003,19.999996,0.20960411
0.045499999,100,-0.1935681,-100.00001,-0.19756809,0.19766003,19.999996,0.19756809
0.045499999,100,-0.1935681,-100.00001,-0.19756809,0.19766003,19.999996,0.19756809
0.045600001,100,-0.18165205,-100,-0.18565205,0.19766003,19.999996,0.18565205
0.045699999,100,-0.16985434,-100,-0.17385434,0.19766003,19.999996,0.17385434
0.045699999,100,0.17785434,100,-0.17385434,0.19766003,19.999996,0.17385434
0.0458,100,0.18607466,100,-0.18207467,0.19766003,19.999996,0.18207467
0.046,100,0.20227107,99.999992,-0.19827107,0.19766003,19.999996,0.19827107
0.046,100,0.20227107,99.999992,-0.19827107,0.1978827,19.999996,0.19827107
0.0462,100,0.21814664,99.999992,-0.21414663,0.1978827,19.999996,0.21414663
0.046300001,100,0.22596635,99.999992,-0.22196634,0.1978827,19.999996,0.22196634
0.046300001,100,-0.21796635,-100.00001,-0.22196634,0.1978827,19.999996,0.22196634
0.046399999,100,-0.20580754,-100.00001,-0.20980753,0.1978827,19.999996,0.20980753
0.046500001,100,-0.19376948,-100.00001,-0.19776949,0.1978827,19.999996,0.19776949
0.046500001,100,-0.19376948,-100.00001,-0.19776949,0.1978827,19.999996,0.19776949
0.046599999,100,-0.18185145,-100,-0.18585144,0.1978827,19.999996,0.18585144
0.046700001,100,-0.17005175,-100,-0.17405176,0.1978827,19.999996,0.17405176
0.046700001,100,0.17805175,100,-0.17405176,0.1978827,19.999996,0.17405176
0.046799999,100,0.18627012,100,-0.18227011,0.1978827,19.999996,0.18227011
0.046999998,100,0.20246264,99.999992,-0.19846265,0.1978827,19.999996,0.19846265
0.046999998,100,0.20246264,99.999992,-0.19846265,0.19808419,19.999996,0.19846265
0.047200002,100,0.21833441,99.999992,-0.21433441,0.19808419,19.999996,0.21433441
0.0473,100,0.22615226,99.999992,-0.22215226,0.19808419,19.999996,0.22215226
0.0473,100,-0.21815225,-100.00001,-0.22215226,0.19808419,19.999996,0.22215226
0.047400001,100,-0.2059916,-100.00001,-0.2099916,0.19808419,19.999996,0.2099916
0.047499999,100,-0.19395173,-100.00001,-0.19795172,0.19808419,19.999996,0.19795172
0.047499999,100,-0.19395173,-100.00001,-0.19795172,0.19808419,19.999996,0.19795172
0.047600001,100,-0.18203187,-100,-0.18603186,0.19808419,19.999996,0.18603186
0.047699999,100,-0.17023037,-100,-0.17423038,0.19808419,19.999996,0.17423038
0.047699999,100,0.17823038,100,-0.17423038,0.19808419,19.999996,0.17423038
0.047800001,100,0.18644696,100,-0.18244696,0.19808419,19.999996,0.18244696
0.048,100,0.20263599,99.999992,-0.198636,0.19808419,19.999996,0.198636
0.048,100,0.20263599,99.999992,-0.198636,0.19826649,19.999996,0.198636
0.0482,100,0.21850432,99.999992,-0.21450433,0.19826649,19.999996,0.21450433
0.048300002,100,0.22632048,99.999992,-0.22232048,0.19826649,19.999996,0.22232048
0.048300002,100,-0.21832047,-100.00001,-0.22232048,0.19826649,19.999996,0.22232048
0.0484,100,-0.20615815,-100.00001,-0.21015815,0.19826649,19.999996,0.21015815
0.048500001,100,-0.19411661,-100.00001,-0.19811662,0.19826649,19.999996,0.19811662
0.048500001,100,-0.19411661,-100.00001,-0.19811662,0.19826649,19.999996,0.19811662
0.048599999,100,-0.18219511,-100,-0.18619512,0.19826649,19.999996,0.18619512
0.048700001,100,-0.17039201,-100,-0.17439201,0.19826649,19.999996,0.17439201
0.048700001,100,0.17839201,100,-0.17439201,0.19826649,19.999996,0.17439201
0.048799999,100,0.18660697,100,-0.18260698,0.19826649,19.999996,0.18260698
0.048999999,100,0.20279284,99.999992,-0.19879285,0.19826649,19.999996,0.19879285
0.048999999,100,0.20279284,99.999992,-0.19879285,0.19843146,19.999996,0.19879285
0.049199998,100,0.21865807,99.999992,-0.21465807,0.19843146,19.999996,0.21465807
0.0493,100,0.22647269,99.999992,-0.2224727,0.19843146,19.999996,0.2224727
0.0493,100,-0.21847269,-100.00001,-0.2224727,0.19843146,19.999996,0.2224727
0.049400002,100,-0.20630884,-100.00001,-0.21030885,0.19843146,19.999996,0.21030885
0.0495,100,-0.19426581,-100.00001,-0.19826582,0.19843146,19.999996,0.19826582
0.0495,100,-0.19426581,-100.00001,-0.19826582,0.19843146,19.999996,0.19826582
0.049600001,100,-0.18234283,-100,-0.18634284,0.19843146,19.999996,0.18634284
0.049699999,100,-0.17053825,-100,-0.17453825,0.19843146,19.999996,0.17453825
0.049699999,100,0.17853825,100,-0.17453825,0.19843146,19.999996,0.17453825
0.049800001,100,0.18675177,100,-0.18275177,0.19843146,19.999996,0.18275177
0.050000001,100,0.20293477,99.999992,-0.19893476,0.19843146,19.999996,0.19893476
0.050000001,100,0.20293477,99.999992,-0.19893476,0.19858073,19.999996,0.19893476
0.0502,100,0.21879719,99.999992,-0.21479718,0.19858073,19.999996,0.21479718
0.050299998,100,0.22661042,99.999992,-0.22261043,0.19858073,19.999996,0.22261043
0.050299998,100,-0.21861042,-100.00001,-0.22261043,0.19858073,19.999996,0.22261043
0.0504,100,-0.2064452,-100.00001,-0.21044521,0.19858073,19.999996,0.21044521
0.050500002,100,-0.19440082,-100.00001,-0.19840081,0.19858073,19.999996,0.19840081
0.050500002,100,-0.19440082,-100.00001,-0.19840081,0.19858073,19.999996,0.19840081
0.0506,100,-0.18247649,-100,-0.18647648,0.19858073,19.999996,0.18647648
0.050700001,100,-0.17067058,-100,-0.17467058,0.19858073,19.999996,0.17467058
0.050700001,100,0.17867059,100,-0.17467058,0.19858073,19.999996,0.17467058
0.050799999,100,0.18688278,100,-0.18288279,0.19858073,19.999996,0.18288279
0.050999999,100,0.20306318,99.999992,-0.19906318,0.19858073,19.999996,0.19906318
0.050999999,100,0.20306318,99.999992,-0.19906318,0.19871579,19.999996,0.19906318
0.051199999,100,0.21892306,99.999992,-0.21492305,0.19871579,19.999996,0.21492305
0.0513,100,0.22673504,99.999992,-0.22273505,0.19871579,19.999996,0.22273505
0.0513,100,-0.21873504,-100.00001,-0.22273505,0.19871579,19.999996,0.22273505
0.051399998,100,-0.20656858,-100.00001,-0.21056859,0.19871579,19.999996,0.21056859
0.0515,100,-0.19452298,-100.00001,-0.19852297,0.19871579,19.999996,0.19852297
0.0515,100,-0.19452298,-100.00001,-0.19852297,0.19871579,19.999996,0.19852297
0.051600002,100,-0.18259743,-100,-0.18659742,0.19871579,19.999996,0.18659742
0.0517,100,-0.17079031,-100,-0.17479032,0.19871579,19.999996,0.17479032
0.0517,100,0.17879032,100,-0.17479032,0.19871579,19.999996,0.17479032
0.051800001,100,0.18700132,100,-0.18300132,0.19871579,19.999996,0.18300132
0.052000001,100,0.20317937,99.999992,-0.19917938,0.19871579,19.999996,0.19917938
0.052000001,100,0.20317937,99.999992,-0.19917938,0.198838,19.999996,0.19917938
0.052200001,100,0.21903695,99.999992,-0.21503696,0.198838,19.999996,0.21503696
0.052299999,100,0.22684781,99.999992,-0.2228478,0.198838,19.999996,0.2228478
0.052299999,100,-0.21884781,-100.00001,-0.2228478,0.198838,19.999996,0.2228478
0.0524,100,-0.20668022,-100.00001,-0.21068023,0.198838,19.999996,0.21068023
0.052499998,100,-0.1946335,-100.00001,-0.19863351,0.198838,19.999996,0.19863351
0.052499998,100,-0.1946335,-100.00001,-0.19863351,0.198838,19.999996,0.19863351
0.0526,100,-0.18270686,-100,-0.18670686,0.198838,19.999996,0.18670686
0.052700002,100,-0.17089866,-100,-0.17489865,0.198838,19.999996,0.17489865
0.052700002,100,0.17889866,100,-0.17489865,0.198838,19.999996,0.17489865
0.0528,100,0.18710859,100,-0.18310858,0.198838,19.999996,0.18310858
0.052999999,100,0.20328452,99.999992,-0.19928452,0.198838,19.999996,0.19928452
0.052999999,100,0.20328452,99.999992,-0.19928452,0.19894856,19.999996,0.19928452
0.053199999,100,0.21914001,99.999992,-0.21514001,0.19894856,19.999996,0.21514001
0.053300001,100,0.22694984,99.999992,-0.22294985,0.19894856,19.999996,0.22294985
0.053300001,100,-0.21894984,-100.00001,-0.22294985,0.19894856,19.999996,0.22294985
0.053399999,100,-0.20678124,-100.00001,-0.21078125,0.19894856,19.999996,0.21078125
0.0535,100,-0.19473352,-100.00001,-0.19873351,0.19894856,19.999996,0.19873351
0.0535,100,-0.19473352,-100.00001,-0.19873351,0.19894856,19.999996,0.19873351
0.053599998,100,-0.18280588,-100,-0.18680587,0.19894856,19.999996,0.18680587
0.0537,100,-0.1709967,-100,-0.17499669,0.19894856,19.999996,0.17499669
0.0537,100,0.17899668,100,-0.17499669,0.19894856,19.999996,0.17499669
0.053800002,100,0.18720564,100,-0.18320565,0.19894856,19.999996,0.18320565
0.054000001,100,0.20337965,99.999992,-0.19937965,0.19894856,19.999996,0.19937965
0.054000001,100,0.20337965,99.999992,-0.19937965,0.19904862,19.999996,0.19937965
0.054200001,100,0.21923326,99.999992,-0.21523327,0.19904862,19.999996,0.21523327
0.054299999,100,0.22704217,99.999992,-0.22304216,0.19904862,19.999996,0.22304216
0.054299999,100,-0.21904217,-100.00001,-0.22304216,0.19904862,19.999996,0.22304216
0.054400001,100,-0.20687264,-100.00001,-0.21087265,0.19904862,19.999996,0.21087265
0.054499999,100,-0.19482401,-100.00001,-0.198824,0.19904862,19.999996,0.198824
0.054499999,100,-0.19482401,-100.00001,-0.198824,0.19904862,19.999996,0.198824
0.0546,100,-0.18289547,-100,-0.18689547,0.19904862,19.999996,0.18689547
0.054699998,100,-0.17108539,-100,-0.1750854,0.19904862,19.999996,0.1750854
0.054699998,100,0.17908539,100,-0.1750854,0.19904862,19.999996,0.1750854
0.0548,100,0.18729347,100,-0.18329346,0.19904862,19.999996,0.18329346
0.055,100,0.20346573,99.999992,-0.19946574,0.19904862,19.999996,0.19946574
0.055,100,0.20346573,99.999992,-0.19946574,0.19913915,19.999996,0.19946574
0.055199999,100,0.21931764,99.999992,-0.21531764,0.19913915,19.999996,0.21531764
0.055300001,100,0.2271257,99.999992,-0.2231257,0.19913915,19.999996,0.2231257
0.055300001,100,-0.2191257,-100.00001,-0.2231257,0.19913915,19.999996,0.2231257
0.055399999,100,-0.20695536,-100.00001,-0.21095535,0.19913915,19.999996,0.21095535
0.055500001,100,-0.19490589,-100.00001,-0.19890589,0.19913915,19.999996,0.19890589
0.055500001,100,-0.19490589,-100.00001,-0.19890589,0.19913915,19.999996,0.19890589
0.055599999,100,-0.18297653,-100,-0.18697654,0.19913915,19.999996,0.18697654
0.0557,100,-0.17116565,-100,-0.17516565,0.19913915,19.999996,0.17516565
0.0557,100,0.17916565,100,-0.17516565,0.19913915,19.999996,0.17516565
0.055799998,100,0.18737292,100,-0.18337293,0.19913915,19.999996,0.18337293
0.056000002,100,0.20354362,99.999992,-0.19954363,0.19913915,19.999996,0.19954363
0.056000002,100,0.20354362,99.999992,-0.19954363,0.19922107,19.999996,0.19954363
0.056200001,100,0.21939398,99.999992,-0.21539399,0.19922107,19.999996,0.21539399
0.056299999,100,0.22720128,99.999992,-0.22320129,0.19922107,19.999996,0.22320129
0.056299999,100,-0.21920128,-100.00001,-0.22320129,0.19922107,19.999996,0.22320129
0.056400001,100,-0.20703019,-100.00001,-0.21103019,0.19922107,19.999996,0.21103019
0.056499999,100,-0.19497998,-100.00001,-0.19897997,0.19922107,19.999996,0.19897997
0.056499999,100,-0.19497998,-100.00001,-0.19897997,0.19922107,19.999996,0.19897997
0.056600001,100,-0.18304989,-100,-0.1870499,0.19922107,19.999996,0.1870499
0.056699999,100,-0.17123827,-100,-0.17523828,0.19922107,19.999996,0.17523828
0.056699999,100,0.17923827,100,-0.17523828,0.19922107,19.999996,0.17523828
0.0568,100,0.18744482,100,-0.18344483,0.19922107,19.999996,0.18344483
0.057,100,0.2036141,99.999992,-0.19961409,0.19922107,19.999996,0.19961409
0.057,100,0.2036141,99.999992,-0.19961409,0.19929519,19.999996,0.19961409
0.0572,100,0.21946307,99.999992,-0.21546307,0.19929519,19.999996,0.21546307
0.057300001,100,0.22726968,99.999992,-0.22326969,0.19929519,19.999996,0.22326969
0.057300001,100,-0.21926968,-100.00001,-0.22326969,0.19929519,19.999996,0.22326969
0.057399999,100,-0.2070979,-100.00001,-0.2110979,0.19929519,19.999996,0.2110979
0.057500001,100,-0.19504702,-100.00001,-0.19904701,0.19929519,19.999996,0.19904701
0.057500001,100,-0.19504702,-100.00001,-0.19904701,0.19929519,19.999996,0.19904701
0.057599999,100,-0.18311626,-100,-0.18711627,0.19929519,19.999996,0.18711627
0.057700001,100,-0.17130399,-100,-0.17530398,0.19929519,19.999996,0.17530398
0.057700001,100,0.17930399,100,-0.17530398,0.19929519,19.999996,0.17530398
0.057799999,100,0.18750988,100,-0.18350989,0.19929519,19.999996,0.18350989
0.057999998,100,0.20367786,99.999992,-0.19967787,0.19929519,19.999996,0.19967787
0.057999998,100,0.20367786,99.999992,-0.19967787,0.19936226,19.999996,0.19967787
0.058200002,100,0.21952558,99.999992,-0.21552557,0.19936226,19.999996,0.21552557
0.0583,100,0.22733156,99.999992,-0.22333157,0.19936226,19.999996,0.22333157
0.0583,100,-0.21933156,-100.00001,-0.22333157,0.19936226,19.999996,0.22333157
0.058400001,100,-0.20715918,-100.00001,-0.21115917,0.19936226,19.999996,0.21115917
0.058499999,100,-0.19510768,-100.00001,-0.19910768,0.19936226,19.999996,0.19910768
0.058499999,100,-0.19510768,-100.00001,-0.19910768,0.19936226,19.999996,0.19910768
0.058600001,100,-0.18317632,-100,-0.18717632,0.19936226,19.999996,0.18717632
0.058699999,100,-0.17136344,-100,-0.17536345,0.19936226,19.999996,0.17536345
0.058699999,100,0.17936344,100,-0.17536345,0.19936226,19.999996,0.17536345
0.058800001,100,0.18756875,100,-0.18356875,0.19936226,19.999996,0.18356875
0.059,100,0.20373558,99.999992,-0.19973557,0.19936226,19.999996,0.19973557
0.059,100,0.20373558,99.999992,-0.19973557,0.19942294,19.999996,0.19973557
0.0592,100,0.21958213,99.999992,-0.21558213,0.19942294,19.999996,0.21558213
0.059300002,100,0.22738756,99.999992,-0.22338755,0.19942294,19.999996,0.22338755
0.059300002,100,-0.21938756,-100.00001,-0.22338755,0.19942294,19.999996,0.22338755
0.0594,100,-0.20721461,-100.00001,-0.21121462,0.19942294,19.999996,0.21121462
0.059500001,100,-0.19516256,-100.00001,-0.19916256,0.19942294,19.999996,0.19916256
0.059500001,100,-0.19516256,-100.00001,-0.19916256,0.19942294,19.999996,0.19916256
0.059599999,100,-0.18323065,-100,-0.18723066,0.19942294,19.999996,0.18723066
0.059700001,100,-0.17141725,-100,-0.17541724,0.19942294,19.999996,0.17541724
0.059700001,100,0.17941725,100,-0.17541724,0.19942294,19.999996,0.17541724
0.059799999,100,0.18762201,100,-0.18362202,0.19942294,19.999996,0.18362202
0.059999999,100,0.20378777,99.999992,-0.19978778,0.19942294,19.999996,0.19978778
0.059999999,100,0.20378777,99.999992,-0.19978778,0.19947785,19.999996,0.19978778
0.060199998,100,0.21963331,99.999992,-0.2156333,0.19947785,19.999996,0.2156333
0.0603,100,0.22743823,99.999992,-0.22343823,0.19947785,19.999996,0.22343823
0.0603,100,-0.21943823,-100.00001,-0.22343823,0.19947785,19.999996,0.22343823
0.060400002,100,-0.20726477,-100.00001,-0.21126477,0.19947785,19.999996,0.21126477
0.0605,100,-0.19521223,-100.00001,-0.19921222,0.19947785,19.999996,0.19921222
0.0605,100,-0.19521223,-100.00001,-0.19921222,0.19947785,19.999996,0.19921222
0.060600001,100,-0.18327983,-100,-0.18727982,0.19947785,19.999996,0.18727982
0.060699999,100,-0.17146593,-100,-0.17546593,0.19947785,19.999996,0.17546593
0.060699999,100,0.17946592,100,-0.17546593,0.19947785,19.999996,0.17546593
0.060800001,100,0.18767022,100,-0.18367021,0.19947785,19.999996,0.18367021
0.061000001,100,0.20383503,99.999992,-0.19983502,0.19947785,19.999996,0.19983502
0.061000001,100,0.20383503,99.999992,-0.19983502,0.19952755,19.999996,0.19983502
0.0612,100,0.21967961,99.999992,-0.21567962,0.19952755,19.999996,0.21567962
0.061299998,100,0.22748408,99.999992,-0.22348407,0.19952755,19.999996,0.22348407
0.061299998,100,-0.21948408,-100.00001,-0.22348407,0.19952755,19.999996,0.22348407
0.0614,100,-0.20731016,-100.00001,-0.21131016,0.19952755,19.999996,0.21131016
0.061500002,100,-0.19525717,-100.00001,-0.19925717,0.19952755,19.999996,0.19925717
0.061500002,100,-0.19525717,-100.00001,-0.19925717,0.19952755,19.999996,0.19925717
0.0616,100,-0.18332432,-100,-0.18732432,0.19952755,19.999996,0.18732432
0.061700001,100,-0.17150998,-100,-0.17550997,0.19952755,19.999996,0.17550997
0.061700001,100,0.17950997,100,-0.17550997,0.19952755,19.999996,0.17550997
0.061799999,100,0.18771382,100,-0.18371382,0.19952755,19.999996,0.18371382
0.061999999,100,0.20387776,99.999992,-0.19987777,0.19952755,19.999996,0.19987777
0.061999999,100,0.20387776,99.999992,-0.19987777,0.1995725,19.999996,0.19987777
0.062199999,100,0.21972151,99.999992,-0.21572152,0.1995725,19.999996,0.21572152
0.0623,100,0.22752556,99.999992,-0.22352555,0.1995725,19.999996,0.22352555
0.0623,100,-0.21952556,-100.00001,-0.22352555,0.1995725,19.999996,0.22352555
0.062399998,100,-0.20735124,-100.00001,-0.21135123,0.1995725,19.999996,0.21135123
0.0625,100,-0.19529782,-100.00001,-0.19929783,0.1995725,19.999996,0.19929783
0.0625,100,-0.19529782,-100.00001,-0.19929783,0.1995725,19.999996,0.19929783
0.062600002,100,-0.18336457,-100,-0.18736458,0.1995725,19.999996,0.18736458
0.062700003,100,-0.17154983,-100,-0.17554983,0.1995725,19.999996,0.17554983
0.062700003,100,0.17954983,100,-0.17554983,0.1995725,19.999996,0.17554983
0.062799998,100,0.18775328,100,-0.18375328,0.1995725,19.999996,0.18375328
0.063000001,100,0.20391645,99.999992,-0.19991644,0.1995725,19.999996,0.19991644
0.063000001,100,0.20391645,99.999992,-0.19991644,0.19961318,19.999996,0.19991644
0.063199997,100,0.21975942,99.999992,-0.21575943,0.19961318,19.999996,0.21575943
0.063299999,100,0.2275631,99.999992,-0.22356309,0.19961318,19.999996,0.22356309
0.063299999,100,-0.2195631,-100.00001,-0.22356309,0.19961318,19.999996,0.22356309
0.0634,100,-0.20738839,-100.00001,-0.21138839,0.19961318,19.999996,0.21138839
0.063500002,100,-0.19533461,-100.00001,-0.19933462,0.19961318,19.999996,0.19933462
0.063500002,100,-0.19533461,-100.00001,-0.19933462,0.19961318,19.999996,0.19933462
0.063600004,100,-0.183401,-100,-0.187401,0.19961318,19.999996,0.187401
0.063699998,100,-0.17158589,-100,-0.1755859,0.19961318,19.999996,0.1755859
0.063699998,100,0.17958589,100,-0.1755859,0.19961318,19.999996,0.1755859
0.0638,100,0.18778898,100,-0.18378899,0.19961318,19.999996,0.18378899
0.064000003,100,0.20395145,99.999992,-0.19995144,0.19961318,19.999996,0.19995144
0.064000003,100,0.20395145,99.999992,-0.19995144,0.19964999,19.999996,0.19995144
0.064199999,100,0.21979374,99.999992,-0.21579373,0.19964999,19.999996,0.21579373
0.064300001,100,0.22759706,99.999992,-0.22359705,0.19964999,19.999996,0.22359705
0.064300001,100,-0.21959706,-100.00001,-0.22359705,0.19964999,19.999996,0.22359705
0.064400002,100,-0.20742202,-100.00001,-0.21142203,0.19964999,19.999996,0.21142203
0.064499997,100,-0.1953679,-100.00001,-0.19936791,0.19964999,19.999996,0.19936791
0.064499997,100,-0.1953679,-100.00001,-0.19936791,0.19964999,19.999996,0.19936791
0.064599998,100,-0.18343396,-100,-0.18743396,0.19964999,19.999996,0.18743396
0.0647,100,-0.17161852,-100,-0.17561853,0.19964999,19.999996,0.17561853
0.0647,100,0.17961852,100,-0.17561853,0.19964999,19.999996,0.17561853
0.064800002,100,0.18782128,100,-0.18382129,0.19964999,19.999996,0.18382129
0.064999998,100,0.20398311,99.999992,-0.19998311,0.19964999,19.999996,0.19998311
0.064999998,100,0.20398311,99.999992,-0.19998311,0.19968329,19.999996,0.19998311
0.065200001,100,0.21982478,99.999992,-0.21582477,0.19968329,19.999996,0.21582477
0.065300003,100,0.22762778,99.999992,-0.22362779,0.19968329,19.999996,0.22362779
0.065300003,100,-0.21962778,-100.00001,-0.22362779,0.19968329,19.999996,0.22362779
0.065399997,100,-0.20745245,-100.00001,-0.21145244,0.19968329,19.999996,0.21145244
0.065499999,100,-0.19539803,-100.00001,-0.19939803,0.19968329,19.999996,0.19939803
0.065499999,100,-0.19539803,-100.00001,-0.19939803,0.19968329,19.999996,0.19939803
0.0656,100,-0.18346378,-100,-0.18746378,0.19968329,19.999996,0.18746378
0.065700002,100,-0.17164806,-100,-0.17564805,0.19968329,19.999996,0.17564805
0.065700002,100,0.17964806,100,-0.17564805,0.19968329,19.999996,0.17564805
0.065800004,100,0.18785052,100,-0.18385053,0.19968329,19.999996,0.18385053
0.066,100,0.20401177,99.999992,-0.20001176,0.19968329,19.999996,0.20001176
0.066,100,0.20401177,99.999992,-0.20001176,0.19971342,19.999996,0.20001176
0.066200003,100,0.21985285,99.999992,-0.21585286,0.19971342,19.999996,0.21585286
0.066299997,100,0.22765559,99.999992,-0.2236556,0.19971342,19.999996,0.2236556
0.066299997,100,-0.21965559,-100.00001,-0.2236556,0.19971342,19.999996,0.2236556
0.066399999,100,-0.20747997,-100.00001,-0.21147998,0.19971342,19.999996,0.21147998
0.066500001,100,-0.19542529,-100.00001,-0.19942528,0.19971342,19.999996,0.19942528
0.066500001,100,-0.19542529,-100.00001,-0.19942528,0.19971342,19.999996,0.19942528
0.066600002,100,-0.18349077,-100,-0.18749076,0.19971342,19.999996,0.18749076
0.066699997,100,-0.17167477,-100,-0.17567477,0.19971342,19.999996,0.17567477
0.066699997,100,0.17967476,100,-0.17567477,0.19971342,19.999996,0.17567477
0.066799998,100,0.18787697,100,-0.18387698,0.19971342,19.999996,0.18387698
0.067000002,100,0.20403768,99.999992,-0.20003769,0.19971342,19.999996,0.20003769
0.067000002,100,0.20403768,99.999992,-0.20003769,0.19974069,19.999996,0.20003769
0.067199998,100,0.21987827,99.999992,-0.21587826,0.19974069,19.999996,0.21587826
0.067299999,100,0.22768076,99.999992,-0.22368075,0.19974069,19.999996,0.22368075
0.067299999,100,-0.21968076,-100.00001,-0.22368075,0.19974069,19.999996,0.22368075
0.067400001,100,-0.20750488,-100.00001,-0.21150488,0.19974069,19.999996,0.21150488
0.067500003,100,-0.19544995,-100.00001,-0.19944996,0.19974069,19.999996,0.19944996
0.067500003,100,-0.19544995,-100.00001,-0.19944996,0.19974069,19.999996,0.19944996
0.067599997,100,-0.18351519,-100,-0.18751518,0.19974069,19.999996,0.18751518
0.067699999,100,-0.17169894,-100,-0.17569894,0.19974069,19.999996,0.17569894
0.067699999,100,0.17969894,100,-0.17569894,0.19974069,19.999996,0.17569894
0.0678,100,0.1879009,100,-0.18390091,0.19974069,19.999996,0.18390091
0.068000004,100,0.20406115,99.999992,-0.20006114,0.19974069,19.999996,0.20006114
0.068000004,100,0.20406115,99.999992,-0.20006114,0.19976537,19.999996,0.20006114
0.0682,100,0.21990126,99.999992,-0.21590127,0.19976537,19.999996,0.21590127
0.068300001,100,0.22770351,99.999992,-0.22370352,0.19976537,19.999996,0.22370352
0.068300001,100,-0.21970351,-100.00001,-0.22370352,0.19976537,19.999996,0.22370352
0.068400003,100,-0.20752743,-100.00001,-0.21152742,0.19976537,19.999996,0.21152742
0.068499997,100,-0.19547227,-100.00001,-0.19947226,0.19976537,19.999996,0.19947226
0.068499997,100,-0.19547227,-100.00001,-0.19947226,0.19976537,19.999996,0.19947226
0.068599999,100,-0.18353727,-100,-0.18753728,0.19976537,19.999996,0.18753728
0.068700001,100,-0.17172082,-100,-0.17572081,0.19976537,19.999996,0.17572081
0.068700001,100,0.17972082,100,-0.17572081,0.19976537,19.999996,0.17572081
0.068800002,100,0.18792257,100,-0.18392256,0.19976537,19.999996,0.18392256
0.068999998,100,0.20408237,99.999992,-0.20008238,0.19976537,19.999996,0.20008238
0.068999998,100,0.20408237,99.999992,-0.20008238,0.19978769,19.999996,0.20008238
0.069200002,100,0.21992207,99.999992,-0.21592207,0.19978769,19.999996,0.21592207
0.069300003,100,0.22772412,99.999992,-0.22372411,0.19978769,19.999996,0.22372411
0.069300003,100,-0.21972412,-100.00001,-0.22372411,0.19978769,19.999996,0.22372411
0.069399998,100,-0.20754781,-100.00001,-0.21154782,0.19978769,19.999996,0.21154782
0.069499999,100,-0.19549246,-100.00001,-0.19949245,0.19978769,19.999996,0.19949245
0.069499999,100,-0.19549246,-100.00001,-0.19949245,0.19978769,19.999996,0.19949245
0.069600001,100,-0.18355727,-100,-0.18755727,0.19978769,19.999996,0.18755727
0.069700003,100,-0.17174061,-100,-0.1757406,0.19978769,19.999996,0.1757406
0.069700003,100,0.17974061,100,-0.1757406,0.19978769,19.999996,0.1757406
0.069799997,100,0.18794216,100,-0.18394215,0.19978769,19.999996,0.18394215
0.07,100,0.20410158,99.999992,-0.20010158,0.19978769,19.999996,0.20010158
0.07,100,0.20410158,99.999992,-0.20010158,0.1998079,19.999996,0.20010158
0.070200004,100,0.2199409,99.999992,-0.21594089,0.1998079,19.999996,0.21594089
0.070299998,100,0.22774276,99.999992,-0.22374275,0.1998079,19.999996,0.22374275
0.070299998,100,-0.21974276,-100.00001,-0.22374275,0.1998079,19.999996,0.22374275
0.0704,100,-0.20756628,-100.00001,-0.21156627,0.1998079,19.999996,0.21156627
0.070500001,100,-0.19551073,-100.00001,-0.19951072,0.1998079,19.999996,0.19951072
0.070500001,100,-0.19551073,-100.00001,-0.19951072,0.1998079,19.999996,0.19951072
0.070600003,100,-0.18357536,-100,-0.18757536,0.1998079,19.999996,0.18757536
0.070699997,100,-0.17175852,-100,-0.17575851,0.1998079,19.999996,0.17575851
0.070699997,100,0.17975852,100,-0.17575851,0.1998079,19.999996,0.17575851
0.070799999,100,0.18795989,100,-0.18395989,0.1998079,19.999996,0.18395989
0.071000002,100,0.20411897,99.999992,-0.20011896,0.1998079,19.999996,0.20011896
0.071000002,100,0.20411897,99.999992,-0.20011896,0.19982617,19.999996,0.20011896
0.071199998,100,0.21995793,99.999992,-0.21595792,0.19982617,19.999996,0.21595792
0.0713,100,0.22775961,99.999992,-0.22375962,0.19982617,19.999996,0.22375962
0.0713,100,-0.21975963,-100.00001,-0.22375962,0.19982617,19.999996,0.22375962
0.071400002,100,-0.20758297,-100.00001,-0.21158297,0.19982617,19.999996,0.21158297
0.071500003,100,-0.19552726,-100.00001,-0.19952726,0.19982617,19.999996,0.19952726
0.071500003,100,-0.19552726,-100.00001,-0.19952726,0.19982617,19.999996,0.19952726
0.071599998,100,-0.18359172,-100,-0.18759172,0.19982617,19.999996,0.18759172
0.071699999,100,-0.17177472,-100,-0.17577472,0.19982617,19.999996,0.17577472
0.071699999,100,0.17977472,100,-0.17577472,0.19982617,19.999996,0.17577472
0.071800001,100,0.18797593,100,-0.18397593,0.19982617,19.999996,0.18397593
0.071999997,100,0.20413469,99.999992,-0.20013468,0.19982617,19.999996,0.20013468
0.071999997,100,0.20413469,99.999992,-0.20013468,0.19984271,19.999996,0.20013468
0.0722,100,0.21997334,99.999992,-0.21597335,0.19984271,19.999996,0.21597335
0.072300002,100,0.22777489,99.999992,-0.22377488,0.19984271,19.999996,0.22377488
0.072300002,100,-0.21977489,-100.00001,-0.22377488,0.19984271,19.999996,0.22377488
0.072400004,100,-0.20759808,-100.00001,-0.21159808,0.19984271,19.999996,0.21159808
0.072499998,100,-0.19554222,-100.00001,-0.19954221,0.19984271,19.999996,0.19954221
0.072499998,100,-0.19554222,-100.00001,-0.19954221,0.19984271,19.999996,0.19954221
0.0726,100,-0.18360654,-100,-0.18760653,0.19984271,19.999996,0.18760653
0.072700001,100,-0.17178938,-100,-0.17578939,0.19984271,19.999996,0.17578939
0.072700001,100,0.17978938,100,-0.17578939,0.19984271,19.999996,0.17578939
0.072800003,100,0.18799044,100,-0.18399045,0.19984271,19.999996,0.18399045
0.072999999,100,0.20414892,99.999992,-0.20014891,0.19984271,19.999996,0.20014891
0.072999999,100,0.20414892,99.999992,-0.20014891,0.19985767,19.999996,0.20014891
0.073200002,100,0.21998729,99.999992,-0.21598729,0.19985767,19.999996,0.21598729
0.073299997,100,0.22778869,99.999992,-0.22378869,0.19985767,19.999996,0.22378869
0.073299997,100,-0.21978869,-100.00001,-0.22378869,0.19985767,19.999996,0.22378869
0.073399998,100,-0.20761175,-100.00001,-0.21161175,0.19985767,19.999996,0.21161175
0.0735,100,-0.19555575,-100.00001,-0.19955575,0.19985767,19.999996,0.19955575
0.0735,100,-0.19555575,-100.00001,-0.19955575,0.19985767,19.999996,0.19955575
0.073600002,100,-0.18361993,-100,-0.18761994,0.19985767,19.999996,0.18761994
0.073700003,100,-0.17180264,-100,-0.17580265,0.19985767,19.999996,0.17580265
0.073700003,100,0.17980264,100,-0.17580265,0.19985767,19.999996,0.17580265
0.073799998,100,0.18800358,100,-0.18400358,0.19985767,19.999996,0.18400358
0.074000001,100,0.20416179,99.999992,-0.20016178,0.19985767,19.999996,0.20016178
0.074000001,100,0.20416179,99.999992,-0.20016178,0.19987121,19.999996,0.20016178
0.074199997,100,0.21999991,99.999992,-0.21599992,0.19987121,19.999996,0.21599992
0.074299999,100,0.22780119,99.999992,-0.22380118,0.19987121,19.999996,0.22380118
0.074299999,100,-0.21980119,-100.00001,-0.22380118,0.19987121,19.999996,0.22380118
0.0744,100,-0.20762412,-100.00001,-0.21162412,0.19987121,19.999996,0.21162412
0.074500002,100,-0.195568,-100.00001,-0.199568,0.19987121,19.999996,0.199568
0.074500002,100,-0.195568,-100.00001,-0.199568,0.19987121,19.999996,0.199568
0.074600004,100,-0.18363206,-100,-0.18763205,0.19987121,19.999996,0.18763205
0.074699998,100,-0.17181465,-100,-0.17581466,0.19987121,19.999996,0.17581466
0.074699998,100,0.17981465,100,-0.17581466,0.19987121,19.999996,0.17581466
0.0748,100,0.18801546,100,-0.18401547,0.19987121,19.999996,0.18401547
0.075000003,100,0.20417345,99.999992,-0.20017344,0.19987121,19.999996,0.20017344
0.075000003,100,0.20417345,99.999992,-0.20017344,0.19988346,19.999996,0.20017344
0.075199999,100,0.22001134,99.999992,-0.21601133,0.19988346,19.999996,0.21601133
0.075300001,100,0.22781248,99.999992,-0.22381249,0.19988346,19.999996,0.22381249
0.075300001,100,-0.21981248,-100.00001,-0.22381249,0.19988346,19.999996,0.22381249
0.075400002,100,-0.20763531,-100.00001,-0.21163531,0.19988346,19.999996,0.21163531
0.075499997,100,-0.19557908,-100.00001,-0.19957907,0.19988346,19.999996,0.19957907
0.075499997,100,-0.19557908,-100.00001,-0.19957907,0.19988346,19.999996,0.19957907
0.075599998,100,-0.18364303,-100,-0.18764302,0.19988346,19.999996,0.18764302
0.0757,100,-0.17182551,-100,-0.17582551,0.19988346,19.999996,0.17582551
0.0757,100,0.17982551,100,-0.17582551,0.19988346,19.999996,0.17582551
0.075800002,100,0.18802622,100,-0.18402623,0.19988346,19.999996,0.18402623
0.075999998,100,0.20418398,99.999992,-0.20018397,0.19988346,19.999996,0.20018397
0.075999998,100,0.20418398,99.999992,-0.20018397,0.19989455,19.999996,0.20018397
0.076200001,100,0.22002167,99.999992,-0.21602166,0.19989455,19.999996,0.21602166
0.076300003,100,0.22782272,99.999992,-0.22382271,0.19989455,19.999996,0.22382271
0.076300003,100,-0.21982272,-100.00001,-0.22382271,0.19989455,19.999996,0.22382271
0.076399997,100,-0.20764543,-100.00001,-0.21164544,0.19989455,19.999996,0.21164544
0.076499999,100,-0.19558911,-100.00001,-0.1995891,0.19989455,19.999996,0.1995891
0.076499999,100,-0.19558911,-100.00001,-0.1995891,0.19989455,19.999996,0.1995891
0.0766,100,-0.18365295,-100,-0.18765296,0.19989455,19.999996,0.18765296
0.076700002,100,-0.17183535,-100,-0.17583534,0.19989455,19.999996,0.17583534
0.076700002,100,0.17983533,100,-0.17583534,0.19989455,19.999996,0.17583534
0.076800004,100,0.18803595,100,-0.18403596,0.19989455,19.999996,0.18403596
0.077,100,0.20419352,99.999992,-0.20019352,0.19989455,19.999996,0.20019352
0.077,100,0.20419352,99.999992,-0.20019352,0.19990458,19.999996,0.20019352
0.077200003,100,0.22003101,99.999992,-0.21603101,0.19990458,19.999996,0.21603101
0.077299997,100,0.22783197,99.999992,-0.22383198,0.19990458,19.999996,0.22383198
0.077299997,100,-0.21983197,-100.00001,-0.22383198,0.19990458,19.999996,0.22383198
0.077399999,100,-0.2076546,-100.00001,-0.2116546,0.19990458,19.999996,0.2116546
0.077500001,100,-0.19559819,-100.00001,-0.19959818,0.19990458,19.999996,0.19959818
0.077500001,100,-0.19559819,-100.00001,-0.19959818,0.19990458,19.999996,0.19959818
0.077600002,100,-0.18366194,-100,-0.18766193,0.19990458,19.999996,0.18766193
0.077699997,100,-0.17184423,-100,-0.17584424,0.19990458,19.999996,0.17584424
0.077699997,100,0.17984423,100,-0.17584424,0.19990458,19.999996,0.17584424
0.077799998,100,0.18804476,100,-0.18404475,0.19990458,19.999996,0.18404475
0.078000002,100,0.20420215,99.999992,-0.20020215,0.19990458,19.999996,0.20020215
0.078000002,100,0.20420215,99.999992,-0.20020215,0.19991367,19.999996,0.20020215
0.078199998,100,0.22003947,99.999992,-0.21603948,0.19991367,19.999996,0.21603948
0.078299999,100,0.22784035,99.999992,-0.22384036,0.19991367,19.999996,0.22384036
0.078299999,100,-0.21984035,-100.00001,-0.22384036,0.19991367,19.999996,0.22384036
0.078400001,100,-0.2076629,-100.00001,-0.21166289,0.19991367,19.999996,0.21166289
0.078500003,100,-0.19560638,-100.00001,-0.19960639,0.19991367,19.999996,0.19960639
0.078500003,100,-0.19560638,-100.00001,-0.19960639,0.19991367,19.999996,0.19960639
0.078599997,100,-0.18367006,-100,-0.18767007,0.19991367,19.999996,0.18767007
0.078699999,100,-0.17185228,-100,-0.17585228,0.19991367,19.999996,0.17585228
0.078699999,100,0.17985228,100,-0.17585228,0.19991367,19.999996,0.17585228
0.0788,100,0.18805273,100,-0.18405272,0.19991367,19.999996,0.18405272
0.079000004,100,0.20420995,99.999992,-0.20020996,0.19991367,19.999996,0.20020996
0.079000004,100,0.20420995,99.999992,-0.20020996,0.19992188,19.999996,0.20020996
0.0792,100,0.22004713,99.999992,-0.21604712,0.19992188,19.999996,0.21604712
0.079300001,100,0.22784793,99.999992,-0.22384793,0.19992188,19.999996,0.22384793
0.079300001,100,-0.21984793,-100.00001,-0.22384793,0.19992188,19.999996,0.22384793
0.079400003,100,-0.20767039,-100.00001,-0.2116704,0.19992188,19.999996,0.2116704
0.079499997,100,-0.19561382,-100.00001,-0.19961381,0.19992188,19.999996,0.19961381
0.079499997,100,-0.19561382,-100.00001,-0.19961381,0.19992188,19.999996,0.19961381
0.079599999,100,-0.18367742,-100,-0.18767741,0.19992188,19.999996,0.18767741
0.079700001,100,-0.17185956,-100,-0.17585956,0.19992188,19.999996,0.17585956
0.079700001,100,0.17985956,100,-0.17585956,0.19992188,19.999996,0.17585956
0.079800002,100,0.18805993,100,-0.18405993,0.19992188,19.999996,0.18405993
0.079999998,100,0.20421702,99.999992,-0.20021702,0.19992188,19.999996,0.20021702
0.079999998,100,0.20421702,99.999992,-0.20021702,0.1999293,19.999996,0.20021702
0.080200002,100,0.22005405,99.999992,-0.21605405,0.1999293,19.999996,0.21605405
0.080300003,100,0.22785479,99.999992,-0.22385478,0.1999293,19.999996,0.22385478
0.080300003,100,-0.21985479,-100.00001,-0.22385478,0.1999293,19.999996,0.22385478
0.080399998,100,-0.20767719,-100.00001,-0.21167718,0.1999293,19.999996,0.21167718
0.080499999,100,-0.19562054,-100.00001,-0.19962053,0.1999293,19.999996,0.19962053
0.080499999,100,-0.19562054,-100.00001,-0.19962053,0.1999293,19.999996,0.19962053
0.080600001,100,-0.18368408,-100,-0.18768407,0.1999293,19.999996,0.18768407
0.080700003,100,-0.17186615,-100,-0.17586616,0.1999293,19.999996,0.17586616
0.080700003,100,0.17986615,100,-0.17586616,0.1999293,19.999996,0.17586616
0.080799997,100,0.18806645,100,-0.18406646,0.1999293,19.999996,0.18406646
0.081,100,0.20422341,99.999992,-0.20022342,0.1999293,19.999996,0.20022342
0.081,100,0.20422341,99.999992,-0.20022342,0.19993603,19.999996,0.20022342
0.081200004,100,0.22006032,99.999992,-0.21606033,0.19993603,19.999996,0.21606033
0.081299998,100,0.22786099,99.999992,-0.22386099,0.19993603,19.999996,0.22386099
0.081299998,100,-0.21986099,-100.00001,-0.22386099,0.19993603,19.999996,0.22386099
0.0814,100,-0.20768332,-100.00001,-0.21168333,0.19993603,19.999996,0.21168333
0.081500001,100,-0.19562662,-100.00001,-0.19962662,0.19993603,19.999996,0.19962662
0.081500001,100,-0.19562662,-100.00001,-0.19962662,0.19993603,19.999996,0.19962662
0.081600003,100,-0.1836901,-100,-0.18769009,0.19993603,19.999996,0.18769009
0.081699997,100,-0.17187211,-100,-0.17587212,0.19993603,19.999996,0.17587212
0.081699997,100,0.17987211,100,-0.17587212,0.19993603,19.999996,0.17587212
0.081799999,100,0.18807235,100,-0.18407236,0.19993603,19.999996,0.18407236
0.082000002,100,0.20422921,99.999992,-0.2002292,0.19993603,19.999996,0.2002292
0.082000002,100,0.20422921,99.999992,-0.2002292,0.19994211,19.999996,0.2002292
0.082199998,100,0.220066,99.999992,-0.21606599,0.19994211,19.999996,0.21606599
0.0823,100,0.2278666,99.999992,-0.2238666,0.19994211,19.999996,0.2238666
0.0823,100,-0.2198666,-100.00001,-0.2238666,0.19994211,19.999996,0.2238666
0.082400002,100,-0.20768888,-100.00001,-0.21168889,0.19994211,19.999996,0.21168889
0.082500003,100,-0.19563212,-100.00001,-0.19963212,0.19994211,19.999996,0.19963212
0.082500003,100,-0.19563212,-100.00001,-0.19963212,0.19994211,19.999996,0.19963212
0.082599998,100,-0.18369554,-100,-0.18769555,0.19994211,19.999996,0.18769555
0.082699999,100,-0.1718775,-100,-0.17587751,0.19994211,19.999996,0.17587751
0.082699999,100,0.1798775,100,-0.17587751,0.19994211,19.999996,0.17587751
0.082800001,100,0.18807769,100,-0.1840777,0.19994211,19.999996,0.1840777
0.082999997,100,0.20423444,99.999992,-0.20023443,0.19994211,19.999996,0.20023443
0.082999997,100,0.20423444,99.999992,-0.20023443,0.19994761,19.999996,0.20023443
0.0832,100,0.22007112,99.999992,-0.21607111,0.19994761,19.999996,0.21607111
0.083300002,100,0.22787169,99.999992,-0.22387168,0.19994761,19.999996,0.22387168
0.083300002,100,-0.21987168,-100.00001,-0.22387168,0.19994761,19.999996,0.22387168
0.083400004,100,-0.20769392,-100.00001,-0.21169391,0.19994761,19.999996,0.21169391
0.083499998,100,-0.19563711,-100.00001,-0.1996371,0.19994761,19.999996,0.1996371
0.083499998,100,-0.19563711,-100.00001,-0.1996371,0.19994761,19.999996,0.1996371
0.0836,100,-0.18370047,-100,-0.18770047,0.19994761,19.999996,0.18770047
0.083700001,100,-0.17188239,-100,-0.17588238,0.19994761,19.999996,0.17588238
0.083700001,100,0.17988239,100,-0.17588238,0.19994761,19.999996,0.17588238
0.083800003,100,0.18808253,100,-0.18408252,0.19994761,19.999996,0.18408252
0.083999999,100,0.20423917,99.999992,-0.20023917,0.19994761,19.999996,0.20023917
0.083999999,100,0.20423917,99.999992,-0.20023917,0.1999526,19.999996,0.20023917
0.084200002,100,0.22007576,99.999992,-0.21607576,0.1999526,19.999996,0.21607576
0.084299996,100,0.22787628,99.999992,-0.22387628,0.1999526,19.999996,0.22387628
0.084299996,100,-0.21987627,-100.00001,-0.22387628,0.1999526,19.999996,0.22387628
0.084399998,100,-0.20769846,-100.00001,-0.21169847,0.1999526,19.999996,0.21169847
0.0845,100,-0.19564161,-100.00001,-0.1996416,0.1999526,19.999996,0.1996416
0.0845,100,-0.19564161,-100.00001,-0.1996416,0.1999526,19.999996,0.1996416
0.084600002,100,-0.18370493,-100,-0.18770494,0.1999526,19.999996,0.18770494
0.084700003,100,-0.1718868,-100,-0.17588679,0.1999526,19.999996,0.17588679
0.084700003,100,0.1798868,100,-0.17588679,0.1999526,19.999996,0.17588679
0.084799998,100,0.1880869,100,-0.1840869,0.1999526,19.999996,0.1840869
0.085000001,100,0.20424345,99.999992,-0.20024346,0.1999526,19.999996,0.20024346
0.085000001,100,0.20424345,99.999992,-0.20024346,0.1999571,19.999996,0.20024346
0.085199997,100,0.22007996,99.999992,-0.21607997,0.1999571,19.999996,0.21607997
0.085299999,100,0.22788043,99.999992,-0.22388044,0.1999571,19.999996,0.22388044
0.085299999,100,-0.21988043,-100.00001,-0.22388044,0.1999571,19.999996,0.22388044
0.0854,100,-0.20770258,-100.00001,-0.21170259,0.1999571,19.999996,0.21170259
0.085500002,100,-0.19564568,-100.00001,-0.19964568,0.1999571,19.999996,0.19964568
0.085500002,100,-0.19564568,-100.00001,-0.19964568,0.1999571,19.999996,0.19964568
0.085600004,100,-0.18370897,-100,-0.18770897,0.1999571,19.999996,0.18770897
0.085699998,100,-0.1718908,-100,-0.1758908,0.1999571,19.999996,0.1758908
0.085699998,100,0.1798908,100,-0.1758908,0.1999571,19.999996,0.1758908
0.0858,100,0.18809086,100,-0.18409085,0.1999571,19.999996,0.18409085
0.086000003,100,0.20424734,99.999992,-0.20024733,0.1999571,19.999996,0.20024733
0.086000003,100,0.20424734,99.999992,-0.20024733,0.19996119,19.999996,0.20024733
0.086199999,100,0.22008376,99.999992,-0.21608377,0.19996119,19.999996,0.21608377
0.086300001,100,0.2278842,99.999992,-0.2238842,0.19996119,19.999996,0.2238842
0.086300001,100,-0.2198842,-100.00001,-0.2238842,0.19996119,19.999996,0.2238842
0.086400002,100,-0.2077063,-100.00001,-0.21170631,0.19996119,19.999996,0.21170631
0.086499996,100,-0.19564937,-100.00001,-0.19964936,0.19996119,19.999996,0.19964936
0.086499996,100,-0.19564937,-100.00001,-0.19964936,0.19996119,19.999996,0.19964936
0.086599998,100,-0.18371262,-100,-0.18771262,0.19996119,19.999996,0.18771262
0.0867,100,-0.17189442,-100,-0.17589441,0.19996119,19.999996,0.17589441
0.0867,100,0.17989442,100,-0.17589441,0.19996119,19.999996,0.17589441
0.086800002,100,0.18809444,100,-0.18409443,0.19996119,19.999996,0.18409443
0.086999997,100,0.20425084,99.999992,-0.20025085,0.19996119,19.999996,0.20025085
0.086999997,100,0.20425084,99.999992,-0.20025085,0.19996487,19.999996,0.20025085
0.087200001,100,0.2200872,99.999992,-0.21608721,0.19996487,19.999996,0.21608721
0.087300003,100,0.2278876,99.999992,-0.22388761,0.19996487,19.999996,0.22388761
0.087300003,100,-0.2198876,-100.00001,-0.22388761,0.19996487,19.999996,0.22388761
0.087399997,100,-0.20770968,-100.00001,-0.21170968,0.19996487,19.999996,0.21170968
0.087499999,100,-0.19565271,-100.00001,-0.1996527,0.19996487,19.999996,0.1996527
0.087499999,100,-0.19565271,-100.00001,-0.1996527,0.19996487,19.999996,0.1996527
0.0876,100,-0.18371592,-100,-0.18771592,0.19996487,19.999996,0.18771592
0.087700002,100,-0.17189768,-100,-0.17589769,0.19996487,19.999996,0.17589769
0.087700002,100,0.17989768,100,-0.17589769,0.19996487,19.999996,0.17589769
0.087800004,100,0.18809767,100,-0.18409768,0.19996487,19.999996,0.18409768
0.088,100,0.20425402,99.999992,-0.20025402,0.19996487,19.999996,0.20025402
0.088,100,0.20425402,99.999992,-0.20025402,0.19996822,19.999996,0.20025402
0.088200003,100,0.22009031,99.999992,-0.21609032,0.19996822,19.999996,0.21609032
0.088299997,100,0.22789069,99.999992,-0.22389069,0.19996822,19.999996,0.22389069
0.088299997,100,-0.21989068,-100.00001,-0.22389069,0.19996822,19.999996,0.22389069
0.088399999,100,-0.20771272,-100.00001,-0.21171273,0.19996822,19.999996,0.21171273
0.088500001,100,-0.19565573,-100.00001,-0.19965573,0.19996822,19.999996,0.19965573
0.088500001,100,-0.19565573,-100.00001,-0.19965573,0.19996822,19.999996,0.19965573
0.088600002,100,-0.18371892,-100,-0.18771891,0.19996822,19.999996,0.18771891
0.088699996,100,-0.17190064,-100,-0.17590064,0.19996822,19.999996,0.17590064
0.088699996,100,0.17990065,100,-0.17590064,0.19996822,19.999996,0.17590064
0.088799998,100,0.18810061,100,-0.1841006,0.19996822,19.999996,0.1841006
0.089000002,100,0.20425689,99.999992,-0.20025688,0.19996822,19.999996,0.20025688
0.089000002,100,0.20425689,99.999992,-0.20025688,0.19997123,19.999996,0.20025688
0.089199997,100,0.22009313,99.999992,-0.21609314,0.19997123,19.999996,0.21609314
0.089299999,100,0.22789347,99.999992,-0.22389348,0.19997123,19.999996,0.22389348
0.089299999,100,-0.21989347,-100.00001,-0.22389348,0.19997123,19.999996,0.22389348
0.089400001,100,-0.2077155,-100.00001,-0.21171549,0.19997123,19.999996,0.21171549
0.089500003,100,-0.19565846,-100.00001,-0.19965845,0.19997123,19.999996,0.19965845
0.089500003,100,-0.19565846,-100.00001,-0.19965845,0.19997123,19.999996,0.19965845
0.089599997,100,-0.18372162,-100,-0.18772162,0.19997123,19.999996,0.18772162
0.089699998,100,-0.17190333,-100,-0.17590332,0.19997123,19.999996,0.17590332
0.089699998,100,0.17990333,100,-0.17590332,0.19997123,19.999996,0.17590332
0.0898,100,0.18810326,100,-0.18410325,0.19997123,19.999996,0.18410325
0.090000004,100,0.20425949,99.999992,-0.20025949,0.19997123,19.999996,0.20025949
0.090000004,100,0.20425949,99.999992,-0.20025949,0.19997397,19.999996,0.20025949
0.0902,100,0.22009568,99.999992,-0.21609567,0.19997397,19.999996,0.21609567
0.090300001,100,0.22789599,99.999992,-0.223896,0.19997397,19.999996,0.223896
0.090300001,100,-0.219896,-100.00001,-0.223896,0.19997397,19.999996,0.223896
0.090400003,100,-0.20771798,-100.00001,-0.21171799,0.19997397,19.999996,0.21171799
0.090499997,100,-0.19566093,-100.00001,-0.19966093,0.19997397,19.999996,0.19966093
0.090499997,100,-0.19566093,-100.00001,-0.19966093,0.19997397,19.999996,0.19966093
0.090599999,100,-0.18372406,-100,-0.18772407,0.19997397,19.999996,0.18772407
0.090700001,100,-0.17190574,-100,-0.17590575,0.19997397,19.999996,0.17590575
0.090700001,100,0.17990574,100,-0.17590575,0.19997397,19.999996,0.17590575
0.090800002,100,0.18810566,100,-0.18410565,0.19997397,19.999996,0.18410565
0.090999998,100,0.20426184,99.999992,-0.20026185,0.19997397,19.999996,0.20026185
0.090999998,100,0.20426184,99.999992,-0.20026185,0.19997644,19.999996,0.20026185
0.091200002,100,0.22009799,99.999992,-0.21609798,0.19997644,19.999996,0.21609798
0.091300003,100,0.22789828,99.999992,-0.22389828,0.19997644,19.999996,0.22389828
0.091300003,100,-0.21989828,-100.00001,-0.22389828,0.19997644,19.999996,0.22389828
0.091399997,100,-0.20772025,-100.00001,-0.21172024,0.19997644,19.999996,0.21172024
0.091499999,100,-0.19566317,-100.00001,-0.19966318,0.19997644,19.999996,0.19966318
0.091499999,100,-0.19566317,-100.00001,-0.19966318,0.19997644,19.999996,0.19966318
0.091600001,100,-0.18372628,-100,-0.18772629,0.19997644,19.999996,0.18772629
0.091700003,100,-0.17190795,-100,-0.17590794,0.19997644,19.999996,0.17590794
0.091700003,100,0.17990793,100,-0.17590794,0.19997644,19.999996,0.17590794
0.091799997,100,0.18810783,100,-0.18410783,0.19997644,19.999996,0.18410783
0.092,100,0.20426397,99.999992,-0.20026398,0.19997644,19.999996,0.20026398
0.092,100,0.20426397,99.999992,-0.20026398,0.19997868,19.999996,0.20026398
0.092200004,100,0.22010008,99.999992,-0.21610007,0.19997868,19.999996,0.21610007
0.092299998,100,0.22790034,99.999992,-0.22390035,0.19997868,19.999996,0.22390035
0.092299998,100,-0.21990034,-100.00001,-0.22390035,0.19997868,19.999996,0.22390035
0.092399999,100,-0.20772229,-100.00001,-0.2117223,0.19997868,19.999996,0.2117223
0.092500001,100,-0.1956652,-100.00001,-0.19966519,0.19997868,19.999996,0.19966519
0.092500001,100,-0.1956652,-100.00001,-0.19966519,0.19997868,19.999996,0.19966519
0.092600003,100,-0.18372829,-100,-0.18772829,0.19997868,19.999996,0.18772829
0.092699997,100,-0.17190993,-100,-0.17590992,0.19997868,19.999996,0.17590992
0.092699997,100,0.17990993,100,-0.17590992,0.19997868,19.999996,0.17590992
0.092799999,100,0.18810979,100,-0.18410979,0.19997868,19.999996,0.18410979
0.093000002,100,0.20426589,99.999992,-0.2002659,0.19997868,19.999996,0.2002659
0.093000002,100,0.20426589,99.999992,-0.2002659,0.19998071,19.999996,0.2002659
0.093199998,100,0.22010195,99.999992,-0.21610196,0.19998071,19.999996,0.21610196
0.0933,100,0.22790222,99.999992,-0.22390221,0.19998071,19.999996,0.22390221
0.0933,100,-0.21990222,-100.00001,-0.22390221,0.19998071,19.999996,0.22390221
0.093400002,100,-0.20772414,-100.00001,-0.21172415,0.19998071,19.999996,0.21172415
0.093500003,100,-0.19566703,-100.00001,-0.19966702,0.19998071,19.999996,0.19966702
0.093500003,100,-0.19566703,-100.00001,-0.19966702,0.19998071,19.999996,0.19966702
0.093599997,100,-0.1837301,-100,-0.1877301,0.19998071,19.999996,0.1877301
0.093699999,100,-0.17191172,-100,-0.17591172,0.19998071,19.999996,0.17591172
0.093699999,100,0.17991172,100,-0.17591172,0.19998071,19.999996,0.17591172
0.093800001,100,0.18811157,100,-0.18411157,0.19998071,19.999996,0.18411157
0.093999997,100,0.20426764,99.999992,-0.20026764,0.19998071,19.999996,0.20026764
0.093999997,100,0.20426764,99.999992,-0.20026764,0.19998254,19.999996,0.20026764
0.0942,100,0.22010367,99.999992,-0.21610366,0.19998254,19.999996,0.21610366
0.094300002,100,0.2279039,99.999992,-0.22390391,0.19998254,19.999996,0.22390391
0.094300002,100,-0.2199039,-100.00001,-0.22390391,0.19998254,19.999996,0.22390391
0.094400004,100,-0.20772582,-100.00001,-0.21172582,0.19998254,19.999996,0.21172582
0.094499998,100,-0.19566868,-100.00001,-0.19966869,0.19998254,19.999996,0.19966869
0.094499998,100,-0.19566868,-100.00001,-0.19966869,0.19998254,19.999996,0.19966869
0.094599999,100,-0.18373173,-100,-0.18773174,0.19998254,19.999996,0.18773174
0.094700001,100,-0.17191334,-100,-0.17591335,0.19998254,19.999996,0.17591335
0.094700001,100,0.17991334,100,-0.17591335,0.19998254,19.999996,0.17591335
0.094800003,100,0.18811318,100,-0.18411317,0.19998254,19.999996,0.18411317
0.094999999,100,0.20426922,99.999992,-0.20026921,0.19998254,19.999996,0.20026921
0.094999999,100,0.20426922,99.999992,-0.20026921,0.19998419,19.999996,0.20026921
0.095200002,100,0.22010522,99.999992,-0.21610521,0.19998419,19.999996,0.21610521
0.095299996,100,0.22790544,99.999992,-0.22390543,0.19998419,19.999996,0.22390543
0.095299996,100,-0.21990544,-100.00001,-0.22390543,0.19998419,19.999996,0.22390543
0.095399998,100,-0.20772733,-100.00001,-0.21172734,0.19998419,19.999996,0.21172734
0.0955,100,-0.19567019,-100.00001,-0.19967018,0.19998419,19.999996,0.19967018
0.0955,100,-0.19567019,-100.00001,-0.19967018,0.19998419,19.999996,0.19967018
0.095600002,100,-0.18373322,-100,-0.18773323,0.19998419,19.999996,0.18773323
0.095700003,100,-0.17191482,-100,-0.17591481,0.19998419,19.999996,0.17591481
0.095700003,100,0.17991482,100,-0.17591481,0.19998419,19.999996,0.17591481
0.095799997,100,0.18811463,100,-0.18411463,0.19998419,19.999996,0.18411463
0.096000001,100,0.20427065,99.999992,-0.20027064,0.19998419,19.999996,0.20027064
0.096000001,100,0.20427065,99.999992,-0.20027064,0.1999857,19.999996,0.20027064
0.096199997,100,0.2201066,99.999992,-0.21610661,0.1999857,19.999996,0.21610661
0.096299998,100,0.22790682,99.999992,-0.22390682,0.1999857,19.999996,0.22390682
0.096299998,100,-0.21990682,-100.00001,-0.22390682,0.1999857,19.999996,0.22390682
0.0964,100,-0.2077287,-100.00001,-0.21172871,0.1999857,19.999996,0.21172871
0.096500002,100,-0.19567154,-100.00001,-0.19967154,0.1999857,19.999996,0.19967154
0.096500002,100,-0.19567154,-100.00001,-0.19967154,0.1999857,19.999996,0.19967154
0.096600004,100,-0.18373457,-100,-0.18773457,0.1999857,19.999996,0.18773457
0.096699998,100,-0.17191614,-100,-0.17591615,0.1999857,19.999996,0.17591615
0.096699998,100,0.17991614,100,-0.17591615,0.1999857,19.999996,0.17591615
0.096799999,100,0.18811595,100,-0.18411595,0.1999857,19.999996,0.18411595
0.097000003,100,0.20427193,99.999992,-0.20027193,0.1999857,19.999996,0.20027193
0.097000003,100,0.20427193,99.999992,-0.20027193,0.19998705,19.999996,0.20027193
0.097199999,100,0.22010787,99.999992,-0.21610788,0.19998705,19.999996,0.21610788
0.0973,100,0.22790807,99.999992,-0.22390807,0.19998705,19.999996,0.22390807
0.0973,100,-0.21990807,-100.00001,-0.22390807,0.19998705,19.999996,0.22390807
0.097400002,100,-0.20772994,-100.00001,-0.21172994,0.19998705,19.999996,0.21172994
0.097499996,100,-0.19567277,-100.00001,-0.19967277,0.19998705,19.999996,0.19967277
0.097499996,100,-0.19567277,-100.00001,-0.19967277,0.19998705,19.999996,0.19967277
0.097599998,100,-0.18373579,-100,-0.18773578,0.19998705,19.999996,0.18773578
0.0977,100,-0.17191735,-100,-0.17591734,0.19998705,19.999996,0.17591734
0.0977,100,0.17991735,100,-0.17591734,0.19998705,19.999996,0.17591734
0.097800002,100,0.18811715,100,-0.18411714,0.19998705,19.999996,0.18411714
0.097999997,100,0.2042731,99.999992,-0.2002731,0.19998705,19.999996,0.2002731
0.097999997,100,0.2042731,99.999992,-0.2002731,0.19998828,19.999996,0.2002731
0.098200001,100,0.22010902,99.999992,-0.21610902,0.19998828,19.999996,0.21610902
0.098300003,100,0.22790921,99.999992,-0.2239092,0.19998828,19.999996,0.2239092
0.098300003,100,-0.21990921,-100.00001,-0.2239092,0.19998828,19.999996,0.2239092
0.098399997,100,-0.20773107,-100.00001,-0.21173106,0.19998828,19.999996,0.21173106
0.098499998,100,-0.19567388,-100.00001,-0.19967388,0.19998828,19.999996,0.19967388
0.098499998,100,-0.19567388,-100.00001,-0.19967388,0.19998828,19.999996,0.19967388
0.0986,100,-0.18373689,-100,-0.18773688,0.19998828,19.999996,0.18773688
0.098700002,100,-0.17191844,-100,-0.17591843,0.19998828,19.999996,0.17591843
0.098700002,100,0.17991844,100,-0.17591843,0.19998828,19.999996,0.17591843
0.098800004,100,0.18811822,100,-0.18411821,0.19998828,19.999996,0.18411821
0.098999999,100,0.20427416,99.999992,-0.20027415,0.19998828,19.999996,0.20027415
0.098999999,100,0.20427416,99.999992,-0.20027415,0.19998939,19.999996,0.20027415
0.099200003,100,0.22011006,99.999992,-0.21611005,0.19998939,19.999996,0.21611005
0.099299997,100,0.22791024,99.999992,-0.22391023,0.19998939,19.999996,0.22391023
0.099299997,100,-0.21991023,-100.00001,-0.22391023,0.19998939,19.999996,0.22391023
0.099399999,100,-0.20773208,-100.00001,-0.21173207,0.19998939,19.999996,0.21173207
0.0995,100,-0.19567488,-100.00001,-0.19967489,0.19998939,19.999996,0.19967489
0.0995,100,-0.19567488,-100.00001,-0.19967489,0.19998939,19.999996,0.19967489
0.099600002,100,-0.18373787,-100,-0.18773788,0.19998939,19.999996,0.18773788
0.099699996,100,-0.17191942,-100,-0.17591943,0.19998939,19.999996,0.17591943
0.099699996,100,0.17991942,100,-0.17591943,0.19998939,19.999996,0.17591943
0.099799998,100,0.18811919,100,-0.18411919,0.19998939,19.999996,0.18411919
0.1,100,0.20427512,99.999992,-0.20027511,0.19998939,19.999996,0.20027511
0.1,100,0.20427512,99.999992,-0.20027511,0.19999039,19.999996,0.20027511
